clip_id,accent_group,sentence,sentence_id,speaker,accent_label_raw,gender,age,n_words,duration_s,sentence_n_groups_in_pool
common_voice_en_17290510.mp3,australia_nz,What joy there is in living?,c601ef359df60891efcd292c5876e9d224531b80ec32821c8c06dcd738642cdb,spk_0003,Australian English,,teens,6,3.36,8
common_voice_en_634764.mp3,australia_nz,Congressman Aaron is here to see you.,418bf87655378f7ac084389d1df8990d8f448890bd9d29d639fb05e4a0c198f7,spk_0004,Australian English,male_masculine,sixties,7,3.65,6
common_voice_en_17792470.mp3,australia_nz,"A comet came within miles of the Earth, it almost obliterated the moon.",7ce0c77dc57ce7d9474bf84ae52533c64fe16a66b16d91fca2d354f4d20e7b5b,spk_0006,Australian English,male_masculine,twenties,13,5.14,7
common_voice_en_533395.mp3,australia_nz,Vanessa cannot undo her mistake.,99796091e182e4b4c989075e5e3c5ace14404c28bcf8e79bd3ab07568f729b89,spk_0019,New Zealand English,male_masculine,fifties,5,2.64,7
common_voice_en_559577.mp3,australia_nz,That's why I'm quitting.,c617e3dc4bdc20c6adff83c0be542d4533e655e9f73690d5cbba6b4c60593dac,spk_0022,Australian English,male_masculine,fourties,4,1.92,6
common_voice_en_651394.mp3,australia_nz,"If you want a sandwich, don't hesitate grabbing one.",a68f2ee2bf8f2e0184c0e19fa50369cd036588552d29bdd863117b8e063ee41d,spk_0024,Australian English,female_feminine,twenties,9,4.32,6
common_voice_en_17768855.mp3,australia_nz,"I promise, I will be careful!",98107ffeec650271e9b30c425e55e63ef1cfb82e001f9c62e2f099e54eb9710b,spk_0026,Australian English,male_masculine,teens,6,2.54,8
common_voice_en_605086.mp3,australia_nz,"When the carpet and the curtains caught fire, it was getting warm.",9de837b3bb0bbd35e455321f7f87f60b9211cf4f87f07e1c64f11ee4d35ba402,spk_0032,New Zealand English,male_masculine,twenties,12,3.84,7
common_voice_en_17488327.mp3,australia_nz,What are we to do?,afed34d5b2cc964cca55e3331238ac278cee5ce9644a064988b080b344a66cf2,spk_0034,Australian English,male_masculine,twenties,5,2.95,7
common_voice_en_656056.mp3,australia_nz,There isn't any more wine.,3d69c35d76e7f0b90dd1c6a72c9600e8018a33514e17631ce5efee04b8b20d7b,spk_0040,Australian English,male_masculine,thirties,5,2.59,6
common_voice_en_653933.mp3,australia_nz,"As they moved along, the boy tried to listen to his heart.",5e892f4ff6346c235ea95fdd93e633cc1a143d53a20bb2726690315a398ede81,spk_0047,Australian English,male_masculine,teens,12,4.27,7
common_voice_en_504178.mp3,australia_nz,"""No,"" the alchemist answered.",a47886574acebc2aca2810349172419ba556a0d936588811b4ce2be0adda3bf2,spk_0056,Australian English,male_masculine,fifties,4,4.13,7
common_voice_en_290304.mp3,australia_nz,Local solutions should be preferred to cloud solutions in many cases.,b540d05b44a3ed85f5095583dd69b019de7bc22440a49864abab2a55e090cdb4,spk_0059,Australian English,male_masculine,fifties,11,6.96,5
common_voice_en_15734985.mp3,australia_nz,Every computer on the Internet has an IP address.,d6ef863c88c016253d7a09287e42b1647dc9b1eed0f7e0b9502fcb6f016c8238,spk_0067,Australian English,female_feminine,twenties,9,6.94,6
common_voice_en_122166.mp3,australia_nz,"""What is it that I still need to know?"" the boy asked.",7a3224f79c5d1c2a6e9bf443dff8655cb66d4c5cf995d73dfc55c0afedcf286b,spk_0071,Australian English,female_feminine,fifties,12,5.81,7
common_voice_en_613700.mp3,australia_nz,"""Exactly,"" answered the alchemist.",4c18e7e0fa6e7a0fc155f0f2c846b3583936e296af025aa1e0dbd0658d9e5869,spk_0085,Australian English,female_feminine,teens,4,3.26,7
common_voice_en_208219.mp3,australia_nz,Being murdered in cold blood isn't nonsense.,169425d4ff01bb0ff8374fbd6fe82e85cb9b9775932e2e0f0e4caf4de9554539,spk_0090,New Zealand English,female_feminine,fourties,7,4.44,5
common_voice_en_18356112.mp3,australia_nz,I'm earning my degree in underwater basket weaving.,b765579582d3b579aad67983e5417e82177b3d6a5d5d6f80baed6659ca10ba1a,spk_0101,Australian English,male_masculine,fifties,8,4.66,4
common_voice_en_17396198.mp3,australia_nz,What are you doing there?,0613a2c9f9e2095ad0e237c4b5e7c9bebbf948f1375d7d1587e95456f781f936,spk_0102,New Zealand English,male_masculine,fourties,5,3.17,6
common_voice_en_9518.mp3,australia_nz,I SHALL MAKE US SOME ICE CUBES.,0f6dc3736b36defa01fe539f2615f859dd332146153361b1bebc690e5b2499b6,spk_0103,Australian English,male_masculine,twenties,7,2.88,7
common_voice_en_17291059.mp3,australia_nz,"Roll the dice, please.",f8effbf83e5bbfd9b097be5d751f2a898ae3c165c5cb24962a225adbff59ac73,spk_0106,Australian English,male_masculine,twenties,4,2.66,7
common_voice_en_78977.mp3,australia_nz,My tax dollars pay for those public school proms.,6209ba3b08410a2d52f0063ff6ab4a49326e17115d2e95d4ba6bc1ee6bbadb7e,spk_0115,Australian English,male_masculine,teens,9,3.82,7
common_voice_en_627843.mp3,australia_nz,"""Well, I'd like to see their land, and see how they live,"" said his son.",fdda5ac34b007ce06edd4518b8f64f66cb0f5631be25d4b489eaece8f6998099,spk_0128,Australian English,male_masculine,fifties,15,3.5,7
common_voice_en_175060.mp3,australia_nz,Everything has been written by the same hand.,40b427ca729e2f69930dbb32fadc3168212510e585bba0ccb7eeb139e5049ab8,spk_0150,Australian English,female_feminine,fourties,8,3.82,7
common_voice_en_17280677.mp3,australia_nz,"Apparently, it's the dumplings that make this stew taste so good.",bba3dc789a412df7959ed68bc8c660cd,spk_0151,Australian English,male_masculine,thirties,11,5.71,6
common_voice_en_17746521.mp3,australia_nz,"As a workaround, we could use application specific profiles.",5c3925317cf6c91ba7d2e80224aeffaae59969bae294dfd7463c9de4cc780a5a,spk_0153,Australian English,male_masculine,fourties,9,3.98,8
common_voice_en_17792446.mp3,australia_nz,How did you know that?,09aa8cc0126cda88b37aabb838a199c0d513721537d3ba021d9d71882971df9c,spk_0156,Australian English,female_feminine,twenties,5,1.9,7
common_voice_en_31236.mp3,australia_nz,My mind ran on the possibilities of its content.,73ceb143cef75191967021e960a1e98327e62ced458bfa850d31a41d944ff2a9,spk_0172,Australian English,female_feminine,fifties,9,5.02,7
common_voice_en_49232.mp3,australia_nz,He just got a new kite for his birthday.,d2c63fe1aa0eb86b68ac4f03353ce223d0edba17a525b68bb1b97d7dfd4a92bb,spk_0195,Australian English,male_masculine,sixties,9,3.89,7
common_voice_en_18384495.mp3,australia_nz,Cristiano Ronaldo has won twenty four trophies in his career.,1f274df300a19d275806fd265a28ad5ab75bd05e301970821baba04d00adef36,spk_0197,New Zealand English,male_masculine,thirties,10,4.8,6
common_voice_en_17247385.mp3,australia_nz,Would you like a cappuccino?,3dc6a03d603e53680e1c69a68775b6b3d3aa0beaab86b6e9ecf8a1ab9b8f4b19,spk_0198,New Zealand English,male_masculine,thirties,5,2.69,6
common_voice_en_17369732.mp3,australia_nz,"No, nothing at all.",3232fab0eb42ac524a3a4b249eed0ffd6440d1b38ae0b8de4b3a63034610b3f9,spk_0199,Australian English,male_masculine,twenties,4,2.35,7
common_voice_en_401514.mp3,australia_nz,A cat has nine lives.,397d6cb245506454f7007c5e7f839a811c62fd396ec2cabbee89a8836acfe871,spk_0213,New Zealand English,female_feminine,fifties,5,5.26,5
common_voice_en_683102.mp3,australia_nz,"Then he dropped his spade, picked up his jacket, and came out into the road.",2b2d5f09de608c6f90d1986563f836e819575367b26ecf46f7aacddc4ee5d1cc,spk_0233,Australian English,female_feminine,fifties,15,4.97,7
common_voice_en_169905.mp3,australia_nz,The top of the cylinder was rotating on its body.,d7ccd1b522cdf177a2a09876335d3c8bcefad2c8e86e169d552dd55d7de49e4a,spk_0235,Australian English,male_masculine,twenties,10,3.02,7
common_voice_en_17782521.mp3,australia_nz,"The waitress was carrying an impressive amount of dinnerware, but then an earthquake occurred and she dropped it all.",5b345b38fd1757cfc56b79c6e2c6095276347152780052211e4167d9c91319d8,spk_0238,Australian English,female_feminine,sixties,19,7.03,6
common_voice_en_55718.mp3,australia_nz,Please don't be lazy.,cf8f8471b06450d7f55f817565e81b87247ada2a9fa61751689687d7279a217b,spk_0247,New Zealand English,male_masculine,fourties,4,2.06,7
common_voice_en_153307.mp3,australia_nz,Never let the sun set on angry heart.,1a31d708898a02059a1cab29d80d8c0add0761e2c4aafa6eb74d90923b44af14,spk_0248,Australian English,male_masculine,fourties,8,4.46,7
common_voice_en_17291472.mp3,australia_nz,"If you release the clutch too quickly, the engine will stall.",4e3d6f8c849a4e64092d2f51c6910fd7031a8657e640882b99a12c7c1bb68744,spk_0250,Australian English,male_masculine,thirties,11,3.6,7
common_voice_en_35293.mp3,australia_nz,"It was seen early in the morning, rushing over eastward.",c5f6f0b34bb640717b5580f654b6e6e2573820df7fe41a9d4826dee25fbafa25,spk_0253,Australian English,male_masculine,twenties,10,5.42,7
common_voice_en_127350.mp3,australia_nz,I thought about the difficulties in translation that might arise.,e75e723be8e2b4161986f7af47672aeddfec5f8e2817ff6047aab179942ad28b,spk_0260,New Zealand English,male_masculine,thirties,10,4.01,7
common_voice_en_216462.mp3,australia_nz,"Lemon trees are not yellow, it's just the fruit.",d08bca44f12a34cd95b44f8c6a8425373ceddd21ff67b26d1068922bdac2daff,spk_0268,Australian English,male_masculine,thirties,9,3.7,6
common_voice_en_172530.mp3,australia_nz,"It was sprayed in red, with yellow edges.",43cad5d01e9b2a06e24ff8ce8a2f30a8dc239514030956cd0e09f90444198c5b,spk_0271,Australian English,female_feminine,fifties,8,3.34,7
common_voice_en_17571169.mp3,australia_nz,Tremulous vibration of a note.,8e9f7d245c2992f8628b6f3b49c9de7d11218700d46d11e00498c04403c030cd,spk_0280,Australian English,female_feminine,thirties,5,3.14,6
common_voice_en_63846.mp3,australia_nz,This is probably because the buildings were made out of stone.,8a78eb74eea12aa053e9a0150e85e84bc476fc1ec6a873ef2abcec958d526dba,spk_0305,Australian English,male_masculine,sixties,11,4.94,5
common_voice_en_69034.mp3,australia_nz,They never found the secret.,574b323c39c4a9d9336b2148884afda6b337d3e975325e2e4dd3d5602e9c9557,spk_0306,Australian English,male_masculine,twenties,5,2.26,7
common_voice_en_17356573.mp3,australia_nz,Leaves turn brown and yellow in the fall.,9eafd3e8ec7f17187f2329c93c035331950d3b7989f86a0facb8e0a7177675cf,spk_0307,New Zealand English,male_masculine,fourties,8,4.51,8
common_voice_en_17875784.mp3,australia_nz,"""I don't know,"" she said.",3c40f3cb8f67afa648449bcdf0df68001d47ca7ba91302bfd24e4ac8c596a687,spk_0310,Australian English,male_masculine,thirties,5,2.14,7
common_voice_en_18487978.mp3,australia_nz,"Kenneth reacted badly to the steroids, he's under observation for the next hour.",c294676d99a22914f6265632ebad2fe6386fec85ff3d626bae38c89f4fa50a33,spk_0312,Australian English,male_masculine,fifties,13,6.72,8
common_voice_en_17693175.mp3,australia_nz,Why didn't you come to our launch party?,973a1da2f761f35a169c8e48ffaab48b3e0e5632b87dd76f39af675a1be8b7cc,spk_0314,New Zealand English,male_masculine,twenties,8,5.5,7
common_voice_en_17252988.mp3,australia_nz,"Darling, I have a gift for you.",af65cee6706de91403c540f6d8af38278aead2459deae1989067999552fdc59a,spk_0339,Australian English,male_masculine,teens,7,3.94,6
common_voice_en_659929.mp3,australia_nz,"From then on, he would make his own decisions.",9177c0246e525829dd3a4d299dbfeaf5325d2e7129b7a190be314262e7bb6558,spk_0364,New Zealand English,female_feminine,thirties,9,4.01,7
common_voice_en_320358.mp3,australia_nz,Opus is a state-of-the-art loyalty-free audio codec for both speech and music.,979efd0701b469920aae7119104e68bafe759c1e13807a301f8a6e244bbeb9e5,spk_0368,New Zealand English,female_feminine,twenties,12,6.67,5
common_voice_en_584449.mp3,australia_nz,The process of encrypting the hash value of a message is called digital signature.,bce6d7491aabc43b7a5357411b6055f6ffb4fefa69b3c436e8ddf032f63c0991,spk_0380,Australian English,male_masculine,thirties,14,5.62,7
common_voice_en_18105281.mp3,australia_nz,We got off with a slap on the wrist.,b5cb82fa89a1ff4df4f8df1d4e0978a48d4b9ff6d3118d747be4e00aff77a080,spk_0395,Australian English,male_masculine,twenties,9,3.82,5
common_voice_en_567652.mp3,australia_nz,Before you meet the handsome prince you have to kiss a lot of toads.,cc48a811f85a95a36bdfb472b4cd1d7b07f2a6cd8af1b54483098df08289355b,spk_0397,Australian English,male_masculine,fourties,14,3.58,7
common_voice_en_17278199.mp3,australia_nz,"Due to the lack of a bug bounty program, Johanna decided to sell her exploit on the black market.",6d929c92a98f20912794281a8945196b,spk_0417,Australian English,male_masculine,teens,19,7.94,6
common_voice_en_530949.mp3,australia_nz,But can we trust him?,3d415c7f84e2386c49123ee8f20759ac631d9a9f6d295640310672630a5e43c9,spk_0423,Australian English,female_feminine,fifties,5,2.38,7
common_voice_en_68924.mp3,australia_nz,It is better to be born lucky than rich.,ba232fecb94997eee29926da68300c0ad3e8e3965123728ab4267a8570a3557b,spk_0425,Australian English,male_masculine,sixties,9,3.38,6
common_voice_en_557938.mp3,australia_nz,But that was simply because my eye was tired.,dd26f93c2701750c6d3fd3f49bf7276781f7d663e8c0bc0a4fdf315a99a07874,spk_0428,Australian English,male_masculine,twenties,9,3.36,7
common_voice_en_45452.mp3,australia_nz,I'm never more aware of a room's acoustics than when I'm trying to enjoy a snack I have no intention of sharing.,02882301985c73a4448d8b8d18a4c144d271135f52552e7e97e8b3f50cae5ccf,spk_0450,New Zealand English,male_masculine,thirties,22,7.66,7
common_voice_en_17297228.mp3,australia_nz,Sixteen participants are involved in a chess tournament.,94fd764e9cdb7ebbfac16f665f3908f2307c9a61991fe6d1016100be2921c712,spk_0457,Australian English,male_masculine,thirties,8,5.93,5
common_voice_en_15733317.mp3,australia_nz,The Beatles were a famous English rock band.,0f541c52c1975887e7c03b605f8e4416f02774eef76fdb864699565170471acb,spk_0461,Australian English,male_masculine,fourties,8,4.42,7
common_voice_en_19191.mp3,australia_nz,You can't believe it's not butter?,67bd7f45eabb951c741d6c9abcf2d24dc79249d05c9dce0dd8654623a3b4a7e5,spk_0489,Australian English,female_feminine,sixties,6,4.22,7
common_voice_en_205978.mp3,australia_nz,"There were raised voices,and some sort of struggle appeared to be going on. .",65b2e488b007187a974e6f7f36182e76a5c82d1a8c2fade06da66dee5c20e446,spk_0492,Australian English,female_feminine,twenties,14,4.94,7
common_voice_en_17296493.mp3,australia_nz,"Sooner or later Three brothers, three castles.",a4f981c9751cb49726a1d6f5c062c3afaba8a4d98812e0a8d7d9da25da5be119,spk_0509,Australian English,male_masculine,twenties,7,4.87,7
common_voice_en_497987.mp3,australia_nz,It was the devil!,f0579570f35b79ec37e32c29399acfe9e99af5d300f840175348cd8a360bdd29,spk_0514,Australian English,female_feminine,twenties,4,2.45,6
common_voice_en_18496989.mp3,australia_nz,I was trained in the dark arts of assembly coding.,07c6f07ff985642fba262024da75633f96e301c2d5a5d68a3b2a9a9346fbff8c,spk_0515,New Zealand English,male_masculine,teens,10,4.73,4
common_voice_en_17276423.mp3,australia_nz,"A song, a Girl, a maid.",ab698a30880fdd8016c7ac3199d640a0,spk_0518,Australian English,male_masculine,fourties,6,3.29,6
common_voice_en_17816003.mp3,australia_nz,This is the twenty-first century solution to the problem.,18935a46702331b94fb803c4085606aff82c3c97355f626b7431f49786f59bdd,spk_0519,Australian English,female_feminine,fourties,9,5.45,6
common_voice_en_18384526.mp3,australia_nz,Can I pay in cash?,bf4dd4a18d937351e936b3f8ec2f812542fef7710ed46dac6672864343a786e2,spk_0534,Australian English,male_masculine,fourties,5,2.74,7
common_voice_en_18066411.mp3,australia_nz,"She's sitting there on a pillow, wearing only pants and bra.",2551f837caf9c334e5dca6893cd55ee772510019a536ce50d393e2a6abb34311,spk_0542,New Zealand English,male_masculine,twenties,11,4.3,8
common_voice_en_644528.mp3,australia_nz,I heard a peculiar humming sound from the pit.,9b6b4ecf78b2f72ac4881a684b90fa856f66685aa04f2969c927bd9855effe19,spk_0555,Australian English,female_feminine,fourties,9,4.9,7
common_voice_en_492755.mp3,australia_nz,We must stay hidden.,64c917f21e66981b8c3f455f982fd7b2e6d110e5248e4efbbf7d16792a575fbe,spk_0586,Australian English,male_masculine,teens,4,3.34,6
common_voice_en_595799.mp3,australia_nz,Nobody wanted to discuss how we all ended up trapped in a giant lunchbox.,6025001b949b26c2373fd4a7b75cf656c7a1f6c309ab5749dbb659ccb59a03a5,spk_0602,Australian English,male_masculine,thirties,14,5.74,6
common_voice_en_580657.mp3,australia_nz,"In those days, very few of the people had any idea about astronomy.",6893a75dcf5a21b6369413469a037d9e1dfe05e161d14eb0e181ef8557a6620e,spk_0607,Australian English,male_masculine,thirties,13,5.18,7
common_voice_en_169112.mp3,australia_nz,How would you like to work for me?,80772716640dbe084c7bbf50d4681c04f7e6f5df1be4a3fbf7465a5edbf694d2,spk_0618,New Zealand English,male_masculine,thirties,8,2.98,6
common_voice_en_17769599.mp3,australia_nz,Have you ever been to Singapore?,87cabae0f39470a2b5663d598e8b703f5872bbd9aad247f5658259d27a4a3c16,spk_0637,Australian English,male_masculine,twenties,6,2.83,7
common_voice_en_15734239.mp3,australia_nz,There's no accounting for tastes.,ccbbb0c3a6bbb2ce8cb69245d1308aaa858c5c7ce608f80c55e5090cadd772ae,spk_0639,Australian English,male_masculine,fourties,5,3.72,8
common_voice_en_17863998.mp3,australia_nz,I had no idea it was so late.,61568336df842e580103cac51f2c0e75437cde758e11dde8d3d560eeb2cf1ad9,spk_0640,Australian English,male_masculine,twenties,8,2.42,7
common_voice_en_32747.mp3,australia_nz,A colleague of mine is from West Virginia.,84d95c65b52e0d5367ddc8ec65beac9730990fa5023f3aeef1fc0133fb1b388c,spk_0646,Australian English,male_masculine,teens,8,5.04,5
common_voice_en_17269001.mp3,australia_nz,Can you come pick me up at the office?,787bcf05c614b65c45b34218c287891f,spk_0652,Australian English,female_feminine,thirties,9,3.74,6
common_voice_en_74847.mp3,australia_nz,Emoticons are familiar to everyone nowadays.,558888a5b9f059272c68da1d9819183deb12b34a52d255013e624be412574898,spk_0659,Australian English,male_masculine,twenties,6,3.7,7
common_voice_en_17893348.mp3,australia_nz,"Right, well let's poke around his lab a little.",6bd09d3a777ebe067f11954f89da98c0a17ff59f24660b5db49a49eff0692a7c,spk_0661,Australian English,male_masculine,twenties,9,2.54,7
common_voice_en_17640767.mp3,australia_nz,"The more you read, the better you will be understood.",7b5b2eb0a50e1f553ac726e9be677d5043b6ed55e2a0f8bf483056a61710175b,spk_0678,New Zealand English,male_masculine,twenties,10,3.67,7
common_voice_en_93176.mp3,australia_nz,"But he kept quiet, because he had heard what the alchemist said to the monk.",a4104599633e09610f0da731581d5a9ddb5138718e9865960be99d341c9d643d,spk_0684,New Zealand English,male_masculine,sixties,15,7.61,7
common_voice_en_201919.mp3,australia_nz,I love spicy food!,ec61ef4e38043aefc3d286a5f6862aa6af81c530595fda391a2d91a3e95839d8,spk_0689,Australian English,female_feminine,twenties,4,2.52,7
common_voice_en_502273.mp3,australia_nz,What does she look like?,03152d8f6499b080b9a69f908eab631d660e943f0eda35bd4d8da89e22178029,spk_0694,Australian English,male_masculine,fourties,5,4.63,6
common_voice_en_171361.mp3,australia_nz,An huge hole had been made by the impact of the projectile.,df8a77dd6f414b3f114992652c255ba37430301240f99d0c492bc3aee51283c9,spk_0696,Australian English,female_feminine,thirties,12,6.38,7
common_voice_en_540432.mp3,australia_nz,The pipe ran almost the length of the ditch.,c45736d4139ef034ce85ea6c71b674e0429fbaaf71b29b5046e09ecd14a5f597,spk_0701,New Zealand English,male_masculine,thirties,9,3.46,6
common_voice_en_18240.mp3,australia_nz,The boy was relieved.,638a27e9149a4ec25301f3ac54302fd9c5a4f4e2205809afd22a94e7ef294621,spk_0705,Australian English,male_masculine,twenties,4,2.93,6
common_voice_en_536177.mp3,australia_nz,"It was as if it quivered, but really this was the telescope vibrating.",f90145debfa3e9be60935070897641f058b7a0c22375292388c2285a685b2425,spk_0709,Australian English,male_masculine,teens,13,4.8,7
common_voice_en_532561.mp3,australia_nz,Would anyone care for some lavender custard?,5f287782a202636200e128904c1e5dd8bd2dcad283b703c646bd4f73f9146b91,spk_0718,Australian English,female_feminine,fourties,7,3.26,6
common_voice_en_17395843.mp3,australia_nz,Can I have some of your tasty beverage?,de275d79b928839ad3bbb1d84f4332634371449fe62c0ee92303c1cff781b552,spk_0727,Australian English,male_masculine,thirties,8,4.54,6
common_voice_en_596715.mp3,australia_nz,Because you have already lost your savings twice.,4e3d15e7b7696c2a61eebff40edafb5001d9614292940f18d20027aa580488c4,spk_0744,Australian English,male_masculine,fourties,8,3.62,7
common_voice_en_18124423.mp3,australia_nz,Harry Styles was a member of the boy band One Direction.,1f04601c89bc02094c9bcd1479e684c849243167c369f275b48b8ff844f8de6b,spk_0761,Australian English,male_masculine,fifties,11,4.46,6
common_voice_en_696413.mp3,australia_nz,"On the third day, the chief met with his officers.",18c9512484029f01f1efbd80d856381de4c6f028167d34db66a06d67b91bd4f0,spk_0763,Australian English,male_masculine,fourties,10,3.74,7
common_voice_en_17808810.mp3,australia_nz,By hook or by crook.,e9a4445d2e5d7fb8ec3c74f9d526b8a8cfd5878ff6f21302beac49c9ba0143e0,spk_0773,Australian English,male_masculine,teens,5,2.54,6
common_voice_en_17561653.mp3,australia_nz,What was she to do?,573e850d9a61fe7b17ef362d680f7f0d3097c50c8b0b4bc6fbc5561cbe0ad345,spk_0781,Australian English,male_masculine,twenties,5,1.34,7
common_voice_en_17290177.mp3,australia_nz,What have you there?,51f4445de2c444864c6aea65e8b0c4d29c8c3d62ff024949b88f2b79be68386a,spk_0792,Australian English,male_masculine,teens,4,2.42,6
common_voice_en_149441.mp3,australia_nz,We lit the lantern and walked over to his house.,3630f826251dd27139e033e5db63730d2436e26019b7b235e13a6ae725b5a2fd,spk_0794,Australian English,male_masculine,fourties,10,3.34,7
common_voice_en_17632395.mp3,australia_nz,"In an undertone, or whisper.",676217785d68e1e066d39e70d6fcbec4aa8c57ae5a48b53feade8ce0c987a0dd,spk_0795,Australian English,female_feminine,fourties,5,4.68,6
common_voice_en_17251777.mp3,australia_nz,"The fool wanders, the wise man travels.",ba0df00bda422602ee12162ad45c5079d7b78d5bf5789b345eb81adbcf9701c0,spk_0799,Australian English,male_masculine,fifties,7,3.1,6
common_voice_en_2838696.mp3,australia_nz,"This pepperoni tastes off, she said.",b319d29c76e1cfe2f9ac43542cd2287eedd2948806a25e3190999e95ee700c59,spk_0815,Australian English,female_feminine,twenties,6,3.46,6
common_voice_en_17920442.mp3,australia_nz,There is nothing the matter with me.,c5d78122b9f46a818c54695f7feb5fa53f70252eea1050d6a11dd7cb52016a56,spk_0822,Australian English,male_masculine,thirties,7,2.93,6
common_voice_en_18241037.mp3,australia_nz,"Even the weak, when united, become powerful.",4c0ba81fc78a6b0cacc2a2d47fc19508136db851f9bbaa7b18f57487d84a9d9d,spk_0830,Australian English,male_masculine,twenties,7,4.44,8
common_voice_en_17365359.mp3,australia_nz,The president of Russia is Vladimir Putin.,8edd684019447b904c85c9d254b5f883fff0d4b6435492dfce2379ae4f31659d,spk_0835,New Zealand English,male_masculine,twenties,7,3.58,7
common_voice_en_17795817.mp3,australia_nz,Well begun is half done.,45621cfec3e2a729ff532eda245e2c9272f13ace18ca7437c92a6b93a7807c82,spk_0841,Australian English,male_masculine,fourties,5,2.98,5
common_voice_en_24525.mp3,australia_nz,The end of the cylinder was still as Ogilvy and Henderson had left it.,2b8be411397e45b623e13d97cd5fefd70250e95c471a3091934ef2f6f49c0e43,spk_0856,New Zealand English,male_masculine,twenties,14,5.26,7
common_voice_en_15943.mp3,australia_nz,"The shop folks were taking down their shutters, and people were opening their bedroom windows.",ade0989a4d24ecbf85172bc9c6c03136398d2c440aec48a0f13be83de9a33bf4,spk_0861,New Zealand English,male_masculine,fourties,15,8.23,7
common_voice_en_666635.mp3,australia_nz,"The horseman was completely immobile, as was the boy.",32128bc7d6fe039a44e29b82f6e4e92a9c65cf74826aff2ccb67984cc71b4f6a,spk_0864,Australian English,female_feminine,twenties,9,3.34,7
common_voice_en_17376154.mp3,australia_nz,"Guys, homophobia isn't tolerated in this office.",527b10447e304d3f160dda66850c1d89be49cd671359ecb199663bda63d17102,spk_0866,Australian English,male_masculine,sixties,7,4.46,7
common_voice_en_17396436.mp3,australia_nz,"Your gran's been nicking stuff from the corner shop again, mate.",d828b950cd258b65952d5b58295dc6e57a55a4d77bf35d546b0c2accf8a5102c,spk_0869,Australian English,male_masculine,thirties,11,4.49,8
common_voice_en_643375.mp3,australia_nz,"I need you to be spontaneous. He asked me out to ""din din.""",f453893670e82454b66652af19dda95fcae97e1f30206a7a21afcf5aa79499d0,spk_0871,Australian English,male_masculine,twenties,13,4.87,7
common_voice_en_124218.mp3,australia_nz,The newspaper articles had prepared everyone for the reception of the idea.,31d4125b8febdaf8f29569d7d3cf3aca5c12b55fdc3c0814b644eca728a8cb86,spk_0876,Australian English,female_feminine,thirties,12,4.42,7
common_voice_en_17291016.mp3,australia_nz,"It shouldn't be displayed on any book pages, or should it?",8738ccd186f1a9c20aee9dfc7a9959adad01ef643922bf8355f9d197e82ba5c6,spk_0877,Australian English,male_masculine,sixties,11,5.18,8
common_voice_en_18363802.mp3,australia_nz,Emily was stung by a jellyfish.,9a7ad757bd634cdd4724db3764aea550814d7b875507b9e89c6b1931238ad0bb,spk_0882,New Zealand English,male_masculine,twenties,6,3.17,6
common_voice_en_33029.mp3,australia_nz,Promise you'll never lie the way Snoopy did.,c645485a0552bb8d8625d88af785c021d31d30fd4d79ddeac8a6cf6713e53659,spk_0903,Australian English,male_masculine,thirties,8,3.65,6
common_voice_en_17922300.mp3,australia_nz,What did you think of that trip?,b2819b0343b6c82dc066e874f6eddc7b06325e961dc9cc256535a3a4729ce149,spk_0908,Australian English,male_masculine,fourties,7,5.02,6
common_voice_en_17147825.mp3,australia_nz,"""I needed to concentrate more"", cried Jasper.",88fa8ea867957e91200385bba1ca1a4e0a036d55fe177d7d2e83c428c459c831,spk_0910,Australian English,male_masculine,twenties,7,4.22,6
common_voice_en_17840468.mp3,australia_nz,"So, are you planning to order a taxi?",e04f173d0d104e2a25b49ecae0a6d0bed7c289f9fcf53c4a03070d0a6f97d60e,spk_0912,Australian English,female_feminine,fourties,8,3.5,6
common_voice_en_553669.mp3,australia_nz,She took care of Bobby for us.,435fcf470cc5ad3cb3f9ca06581a0a439398656ce191f094fef6cf41b7e72fc8,spk_0913,Australian English,male_masculine,fifties,7,2.88,5
common_voice_en_17253258.mp3,australia_nz,"Anita passed out during gymnastics, she recovered quickly.",ac18aebc7af1483443c17eb899a1f0612118e1c5aca53928a1049eadc4edc2ad,spk_0925,Australian English,female_feminine,seventies,8,8.11,5
common_voice_en_13117.mp3,australia_nz,And we'll be at Larissa's Bar up the street.,2e97aa874c0ca8a1d4e9e0b6d8b0d739286bc7434b27ecb5d53dc1159c01a8a0,spk_0928,Australian English,male_masculine,sixties,9,5.9,6
common_voice_en_125689.mp3,australia_nz,"Just drop a module into your MacroSystem directory, turn your microphone off and on, and it will attempt to load it.",1d9ade6237e01743f10b69759773c5798ec57636b2b2ba3f1fb2edfd46e20430,spk_0931,New Zealand English,male_masculine,twenties,21,7.18,6
common_voice_en_17877686.mp3,australia_nz,"With her index finger, the little girl pointed to her mum.",b17b5183c2008d026e903d053a49459f0c215492d7db31990c7fe4d34515e9bc,spk_0941,Australian English,female_feminine,twenties,11,4.51,7
common_voice_en_17385521.mp3,australia_nz,Is there anything I can do for you?,f89fa371401cb36c9a6bbc9d70c813fed7e33c041b553c98ff72d3219fee6c0c,spk_0944,New Zealand English,female_feminine,teens,8,3.65,8
common_voice_en_17451342.mp3,australia_nz,Did you hear anything?,384572a8af6d87e132f715e17be938b27ae1aae479270a247a1ce9975b8cceb3,spk_0945,Australian English,male_masculine,fourties,4,1.87,7
common_voice_en_17253668.mp3,australia_nz,Will you come with me?,1466056e6821e7f449fd3eae1aa8f50c92f1c9316869f9800b59dbce6199a560,spk_0959,Australian English,male_masculine,fifties,5,4.03,6
common_voice_en_488530.mp3,australia_nz,It doesn't have to rhyme!,095e083d24d3809244452e1ac8eeb4fe0d487dd29b22ec56d18bd3a1200d4898,spk_0961,Australian English,male_masculine,thirties,5,2.42,6
common_voice_en_18480574.mp3,australia_nz,Andrew told me that he disliked Marmite.,8fcf9fd17ca41746c0973332c0119cbda68096a803a47421992bc2c20a8491d0,spk_0964,Australian English,male_masculine,sixties,7,5.98,5
common_voice_en_18162077.mp3,australia_nz,Karl is over there.,524aa01b748e6e5978006fc07652cc89504a3393eb8447a1a4a0c1de3fef020d,spk_0965,Australian English,male_masculine,twenties,4,3.91,7
common_voice_en_91128.mp3,australia_nz,"Revenge is not my style, but obviously accidents will happen.",2e1bdbd9babc1eaf56f7f1c3fa59cba71b92f86299c3b6568559abab303df76a,spk_0971,Australian English,male_masculine,sixties,10,5.98,7
common_voice_en_9122377.mp3,australia_nz,Calves thrive on tender spring grass.,02821a82fa34bcc2fbfd956eba47312b7f4e268608b980ba32531915ec96106a,spk_0983,Australian English,male_masculine,twenties,6,4.01,6
common_voice_en_143555.mp3,australia_nz,Absolutely despicable that gingerbread men are forced to live in houses made of their own flesh.,b47a7ed9ae7d6389db2e471ff466ca22b4fd3d135bfad0097176f520f0f6047b,spk_0988,Australian English,male_masculine,fifties,16,9.34,7
common_voice_en_18268210.mp3,australia_nz,Fairy tales should be fun to write.,43275975e19f7154d7835a3232e2329c1c6d4fe1b5b0917ee2dda67b7c61e1a2,spk_1005,Australian English,male_masculine,thirties,7,3.7,6
common_voice_en_17740260.mp3,australia_nz,Where are you from?,072b3f09b47bab5ec1ca180679b11962ceb967d9ec981e5689784d836189438c,spk_1020,Australian English,male_masculine,twenties,4,2.38,6
common_voice_en_17410560.mp3,australia_nz,Did you check your laser?,dd62bd1ddc7c0762d5811992b680aebd8e664761a923906855e5c548231f98bd,spk_1031,Australian English,female_feminine,thirties,5,4.44,8
common_voice_en_275445.mp3,australia_nz,Tell me what it is.,b24c99b8492ae4137aa4a2b8372c9f0e04e7b9da2bff581020510c7cf75bb906,spk_1037,New Zealand English,male_masculine,thirties,5,2.26,7
common_voice_en_18161932.mp3,australia_nz,A fresh start will work such wonders.,ae4b7b581b9245d573c031e941232c18e238f40ca95a31c741844c7ceac56f5e,spk_1039,Australian English,male_masculine,thirties,7,8.16,6
common_voice_en_574844.mp3,australia_nz,I don't blame them.,4163d44001db34c43a056d31186b1e5e40a672cd6bc46149856be0fa233c9676,spk_1040,Australian English,female_feminine,twenties,4,1.42,6
common_voice_en_17671091.mp3,australia_nz,"Well, I have one last play left to try, and this one's a classic.",018e2471ac6a377a21ea22fd3414c8b35270fe2394707748e854471af124ee02,spk_1046,Australian English,male_masculine,sixties,14,6.72,6
common_voice_en_1213.mp3,australia_nz,It seemed he had made the long journey for nothing.,47eae974fcb6ee1a16ba24c6467b658ef3d88bd0e7b7b50104bad7bea62b4cbd,spk_1062,Australian English,male_masculine,teens,10,5.45,6
common_voice_en_17945864.mp3,australia_nz,"If I knew it, I would have told you.",e16b5d7de8afd8fa5e99bd540ada59b3c51d49d7fb4308f2e93ab7ee22c56e0e,spk_1071,Australian English,male_masculine,fifties,9,2.57,7
common_voice_en_643452.mp3,australia_nz,It spread through the planet's atmosphere and obscured its more familiar features.,70a5323da9a987e3de81f46d56a9573425d34fdccdb00c54402fdfdce45c87f4,spk_1079,Australian English,male_masculine,fifties,12,5.66,7
common_voice_en_18180435.mp3,australia_nz,I assume this was your doing?,e04a151ea51eb36da8fec047695a30b79b11fbbde73e4f5526afef65a65fa34a,spk_1080,Australian English,male_masculine,seventies,6,3.43,7
common_voice_en_17392604.mp3,australia_nz,"Oh, you are, eh?",5039f73307189c07f32cc0be5882b59230eadffd3e637a26361c8e0320788ebd,spk_1081,Australian English,male_masculine,twenties,4,2.18,7
common_voice_en_171387.mp3,australia_nz,"That night, there was another jetting out of gas from the distant planet.",6dcd230e0da7b0856f08dbca69022787fad07da4eeef202c567e01f0f10d5ec3,spk_1093,Australian English,male_masculine,twenties,13,5.35,7
common_voice_en_17285837.mp3,australia_nz,Who is responsible for these parrots?,d7dd9f07dd3b8c882469954e2143797f,spk_1101,New Zealand English,male_masculine,thirties,6,3.86,5
common_voice_en_104150.mp3,australia_nz,"I had to act quickly, that's why I jumped in.",4108e2dec7666878efa65604ceb784fa84e2599a80782cab70ef91070a513517,spk_1112,Australian English,male_masculine,sixties,10,3.77,5
common_voice_en_550909.mp3,australia_nz,Others stumbled upon the stone by accident.,5d0ff9689660d9cda5b25096db47494ed71d8768a877697c28e0a2180ccc94ba,spk_1113,Australian English,male_masculine,seventies,7,3.91,7
common_voice_en_17661897.mp3,australia_nz,Have I offended you?,8c88ae166d1abd3420da14e9f3df427344444c24edc8f74363fab4f69f13111d,spk_1115,New Zealand English,male_masculine,fourties,4,1.7,7
common_voice_en_17271327.mp3,australia_nz,"Paper is scarce, so write with much care.",7404e7e539b42c3c4da5a0e6e68ef29c,spk_1120,Australian English,male_masculine,twenties,8,4.82,6
common_voice_en_689741.mp3,australia_nz,"They looked for the fallen mass, but found nothing.",4f6c30a437a6dd0f5b1d4a397a8684215d3aeffa90700df24443676c1a7dec39,spk_1122,New Zealand English,male_masculine,fourties,9,4.18,7
common_voice_en_469300.mp3,australia_nz,The recipe requires three-quarters of a cups of sugar.,a005fd424dcb369e4fba8161284bf04157012de1bfc1146f5810cfa1c19f13b7,spk_1129,Australian English,female_feminine,teens,9,4.15,6
common_voice_en_17274621.mp3,australia_nz,Who is your father?,35a27bc5cd69ab40bb82c0947eaf38f7,spk_1141,Australian English,,,4,1.82,5
common_voice_en_280955.mp3,australia_nz,Dig deep in the earth for pirate's gold.,21e0b998ea57e5ef76ad1f3bf2302279f18489a43bae8ab0d53a0d3a44bc2c73,spk_1146,Australian English,male_masculine,twenties,8,4.61,6
common_voice_en_310532.mp3,australia_nz,My daughter is happy that she found a feather on the street.,d8985c1db183870618f45748d501167261629a72a8202a21c19b2170ed207330,spk_1151,Australian English,male_masculine,thirties,12,4.73,5
common_voice_en_647379.mp3,australia_nz,I'm the stranger around here.,603853f6ccc92e571c8b4ef3133380974ac638995d8308ae3d25c93170dcf03d,spk_1172,Australian English,female_feminine,thirties,5,2.98,6
common_voice_en_17810317.mp3,australia_nz,Many hands help get the job done.,796ad0700b7d806b32c57276567a3e4e5ab91e103a1c02c810434612b8bc8577,spk_1173,Australian English,female_feminine,thirties,7,3.86,6
common_voice_en_17403029.mp3,australia_nz,"The organ of this cathedral is made of ebony, except the pipes of course.",c3c88ffcac5f25bc11a5787fde5ac98e1176f575ed69b69a7886fb88cc7ff40b,spk_1176,Australian English,male_masculine,twenties,14,6.14,6
common_voice_en_608682.mp3,australia_nz,Allison found her phone.,de04e151cf9295852b8b4d1a2b85f735a6eda89e2a50bf3db350ec39e096bc73,spk_1180,New Zealand English,male_masculine,twenties,4,2.59,5
common_voice_en_140126.mp3,australia_nz,And he gave the boy his blessing.,2a9c3da5cbfc3a73bca6ee9c28976e502cb45384e30358f03b898fcc467b50d0,spk_1187,Australian English,male_masculine,twenties,7,2.54,7
common_voice_en_13423510.mp3,australia_nz,Do you want to play a game.,08e29283967f570b12b1e676ee4d7299ae6ee21bb51b36553e473f6b6b6714c9,spk_1188,New Zealand English,male_masculine,twenties,7,3.22,6
common_voice_en_68739.mp3,australia_nz,Fatima appeared at the entrance to the tent.,2dba5804fab5626d33ce5f1e02e98aadf6c0ce623ce027dd448c8f78ced4c191,spk_1191,Australian English,male_masculine,fifties,8,4.54,7
common_voice_en_17296558.mp3,australia_nz,"I'm sorry, I can't help you.",e8177fc65d0bb50bde7abf9149fe8f9a70855df93cc779e689aedabfa6bfe37e,spk_1198,Australian English,male_masculine,thirties,6,2.98,7
common_voice_en_18510915.mp3,australia_nz,Not everything that is faced can be changed; but nothing can be changed until it is faced.,924fb047d3eab54bc11352479f38614a428981da71d86d6441e6be3f440ebe30,spk_1206,Australian English,female_feminine,twenties,17,7.54,7
common_voice_en_17297370.mp3,australia_nz,"That is one possibility, but we would both prefer it did not happen.",7e12b6c10a5b7fe745797187c30b3d3e5b1cd8d6271111bf6033730360b9582f,spk_1212,Australian English,male_masculine,seventies,13,7.3,7
common_voice_en_687350.mp3,australia_nz,The streamer of gas came out towards us.,f05d67efa0edfdb657f9ee70eaafe5b2ce47545e57ccff6e3703416c5ca171fa,spk_1218,Australian English,male_masculine,thirties,8,3.5,6
common_voice_en_73421.mp3,australia_nz,She needs to get her transcripts and passport first.,837bc23eb0cb58a38cb4492b28f5c17a2fdb1667469995613f8ea859a99c74e7,spk_1219,New Zealand English,male_masculine,twenties,9,4.03,6
common_voice_en_19145.mp3,australia_nz,The referee decided on a free kick instead of a penalty kick.,b4014300d7279c6f6c5e46e8e2765275b51ce388da307b6564a29da0de26e48b,spk_1221,Australian English,male_masculine,twenties,12,4.01,6
common_voice_en_17867511.mp3,australia_nz,"The fool wanders, the wise man travels.",463e0353a9e3a288df3e9bd115e3e6d5f812d83f84cee44bf3e67288aa2e3ff8,spk_1226,New Zealand English,male_masculine,twenties,7,4.18,6
common_voice_en_17296154.mp3,australia_nz,It’s time to save the Internet again.,25e0dd843935b4657c04e0205de25ae7641244254a6e4590e7c6be08d32914e4,spk_1245,New Zealand English,male_masculine,twenties,7,3.07,4
common_voice_en_662838.mp3,australia_nz,And the sand and gravel had been flung violently in every direction.,44ac5fd5df33cc313d1a89091d7ffb2a6820385abac8087639094fa4fff3283d,spk_1247,Australian English,male_masculine,twenties,12,6.67,6
common_voice_en_17488077.mp3,australia_nz,Do you understand that?,1138f030349920eda8eba067dec6708878f19a7019c3a601788e2b9a275c54e6,spk_1255,Australian English,male_masculine,fourties,4,2.5,7
common_voice_en_18365493.mp3,australia_nz,Do you know what kind of package it was?,9431c036e9a494ac17a63b78adac001c8a6d93767475444ba8c6cfb8ed1e4248,spk_1256,Australian English,male_masculine,thirties,9,3.77,7
common_voice_en_202451.mp3,australia_nz,All I want to do is be let alone.,8baa13ad326eda8b6bf33528566763a236ac3185b0111a1c84359f222d13a04d,spk_1266,New Zealand English,female_feminine,twenties,9,3.26,5
common_voice_en_17271972.mp3,australia_nz,"It's a long way to Tipperary, it's a long way to go!",c68a157c7d5eba684ec1f4f435f58c8b,spk_1268,Australian English,male_masculine,fourties,12,3.65,6
common_voice_en_15904798.mp3,australia_nz,Be sure to set that lamp firmly in the hole.,5b9a968daf2861f68c4a57101520e0e43c77f8a37a53b38c0c364876d0192cbc,spk_1274,Australian English,male_masculine,thirties,10,4.56,7
common_voice_en_585777.mp3,australia_nz,"Pink foam floated gently through the air, landing on the parked vehicles.",af5e32315ee7897c4a49b6aa21481289732f65c328a8cf056b19daa9de00696a,spk_1277,Australian English,female_feminine,thirties,12,5.66,7
common_voice_en_17625725.mp3,australia_nz,"C'mon, we need to turn on our GPS so we don't end up in the middle of nowhere.",24e2b1e82360e5976206cf4515a0003d9914ee483c47205f298967c366e79aa1,spk_1279,Australian English,male_masculine,twenties,18,8.5,5
common_voice_en_17250855.mp3,australia_nz,What can I do?,7b71ac6887edcb9d412afac4c6740901b0f6098a7fc6e5646ace8c58e8b0e76b,spk_1287,Australian English,male_masculine,fourties,4,2.42,7
common_voice_en_18033916.mp3,australia_nz,"Without haste, yet without rest unhasting, yet unresting.",7c15085c69648d88883495fd709671a332258e5f3551fe19b53eda876be3bcd1,spk_1289,New Zealand English,male_masculine,fourties,8,6.12,8
common_voice_en_630958.mp3,australia_nz,"So he could not be hasty, nor impatient.",e14d2cc26c345823c14eac797cc5d016dfd01cd3c790712f3ebc90f0040c627c,spk_1326,Australian English,male_masculine,sixties,8,4.39,6
common_voice_en_45208.mp3,australia_nz,"When I returned to the common, the sun was setting.",e61eb2f8e5d7dbf06767d2ac12b68e07a33119b05f9cabebb5f8a9d73dfbd673,spk_1327,New Zealand English,male_masculine,twenties,10,2.45,7
common_voice_en_159532.mp3,australia_nz,Too bad I couldn't see this guy first.,abf23a9fa0b4bdd0f6f0832050d9fa98e9ce7ce5045d71f39dc4958601741fb5,spk_1328,Australian English,male_masculine,thirties,8,2.98,5
common_voice_en_155754.mp3,australia_nz,You ought to know that.,6027ad99cd389d0d92f31dcda099792182c386c32bded0b57ef8c0a66d73c830,spk_1331,Australian English,male_masculine,twenties,5,2.69,6
common_voice_en_528638.mp3,australia_nz,The turf and gravel around it seemed charred as if by a sudden explosion.,a9b943abe9e0605ab6d8a070a8febd4b3937129b7a373d59b709f73d45687ea4,spk_1335,New Zealand English,male_masculine,fifties,14,6.74,7
common_voice_en_15991928.mp3,australia_nz,"This part of the town was half residential, half industrial.",1ffd93ee9fe3cca64ed3672e24313aceaa2c1ad79de9dc83fb304bf6cb9762ee,spk_1337,Australian English,male_masculine,teens,10,5.38,5
common_voice_en_18202003.mp3,australia_nz,A lame back kept his score low.,2c145ead2c6fa7469877fa8546b966d36f8f8a6bde17efe4309161660b611b57,spk_1349,Australian English,male_masculine,fifties,7,4.1,7
common_voice_en_38394.mp3,australia_nz,"The sun thought about that, and decided to shine more brightly.",be36f0f45433a4717d49bff1dffccf48a70d830bb382a54546970c4372e9d903,spk_1350,Australian English,female_feminine,sixties,11,9.43,6
common_voice_en_9789416.mp3,australia_nz,Fedric was unable to find his lucky marble.,33b40af081d0612b98cf5b0e63812c65b2cd7594b9c8f2ceb86c8a543c262039,spk_1352,Australian English,male_masculine,fourties,8,4.32,5
common_voice_en_674743.mp3,australia_nz,"When I have read a million of these sentences, I am going to apply as a professional narrator.",df79f4690ed1ed0c74378db82e8fde8bf79c4155d19c66a4f83815aa518aebf6,spk_1360,Australian English,,fourties,18,5.5,7
common_voice_en_17256936.mp3,australia_nz,"""Surrender is not an option"", the mercenary asserted.",5161d206e5824c76be5f1a4b77b1a703,spk_1370,Australian English,,fifties,8,7.63,5
common_voice_en_15904129.mp3,australia_nz,We need grain to keep our mules healthy.,312e8b8c44bac7d6d9d69b87f8fc1d851db914250edcc0b6e91816bf20b9a7c1,spk_1373,Australian English,,teens,8,3.53,7
common_voice_en_7803.mp3,australia_nz,Jupiter has a great red spot.,ace92a2a935d692a07b68eb9a6a8fceef7e9a94c46bc6d20641cb0eaa233ab5a,spk_1379,New Zealand English,male_masculine,teens,6,2.06,6
common_voice_en_178063.mp3,australia_nz,"As he did so, he talked with the monk about the tribal wars.",e79303fa6b7aa107c57699c194fe4226ce738a414d0c5f0c05d7b6cf34ff2446,spk_1381,Australian English,male_masculine,fourties,13,4.58,7
common_voice_en_699819.mp3,australia_nz,This investment won't pay off.,9717831fb56aa8c896cc39cac23f6104802295ccd12471990e86123f805973e5,spk_1394,Australian English,male_masculine,thirties,5,2.21,6
common_voice_en_71793.mp3,australia_nz,All that time the Martians must have been getting ready.,41598cb84264d50332763f1f3bb0bfa40e50a18425919586b836d4fe54f2a60a,spk_1409,New Zealand English,female_feminine,thirties,10,3.98,7
common_voice_en_17257226.mp3,australia_nz,Did you see any ghosts?,d87f1ebf447b2bdbd439e0f58ddf477b,spk_1416,Australian English,male_masculine,twenties,5,2.52,5
common_voice_en_138739.mp3,australia_nz,Dense clouds of smoke or dust can be seen through a powerful telescope.,17629260fec2835a5361d88596bb88468362fc2d235416b01a59b436cfb7c3c2,spk_1422,New Zealand English,male_masculine,teens,13,4.34,7
common_voice_en_17392246.mp3,australia_nz,"Hey Lucy, have you remembered the lyrics for the anthem yet?",f830eec767dedbf184edea7205ff4706692fc0b5ad4a667d1a21c00759a1e105,spk_1423,Australian English,male_masculine,twenties,11,3.94,7
common_voice_en_17899679.mp3,australia_nz,I lost them last Thursday.,4106cd120fee45dcb9adf7bd2d53e180c716d5e94f84764ac4171ee6fe7f3b2b,spk_1426,Australian English,,,5,2.45,5
common_voice_en_17677780.mp3,australia_nz,And who hired you for this?,7e8bb310e7a8ad3901a33c535e0d43680fe3b88c2235439991ff97ec2241c25b,spk_1432,Australian English,male_masculine,teens,6,3.38,7
common_voice_en_24122.mp3,australia_nz,Your age fits you.,791f13bee8fee03f287288b5d6961d008b2a90d19c940e83ab3bc6a83d9ce98a,spk_1448,Australian English,male_masculine,thirties,4,2.26,6
common_voice_en_17291035.mp3,australia_nz,"Although searching in binary search trees is efficient, you won't find any fruits in there.",90764efc4186f2e1168e180c60d84ff56fc7c0b0e3ba6e067290af6e13c23374,spk_1454,Australian English,male_masculine,thirties,15,7.25,7
common_voice_en_130398.mp3,australia_nz,"One night, the father had a dream.",5c6b166b5aaa104c4d4c4d5530d51a964065f360cc8bddbbdd46391962fc009d,spk_1462,Australian English,male_masculine,fifties,7,5.71,7
common_voice_en_18099336.mp3,australia_nz,The quickening of time.,60c8e6246b06eb7e239d78fe73f2951ec9950176469f982a20b67e0578b3d9db,spk_1463,New Zealand English,male_masculine,sixties,4,2.86,6
common_voice_en_18493446.mp3,australia_nz,These rumors may even originate with us.,9c12f5eb7709841ef5206385d1c8c368aa07cae213c2b5bcd311c832b392a3f1,spk_1466,Australian English,male_masculine,twenties,7,4.7,4
common_voice_en_166557.mp3,australia_nz,Everything'll be taken care of!,3d11dd257ffc9059046e2c798b9df4b1d228935def28af7f0ea75a214556659f,spk_1473,Australian English,male_masculine,thirties,5,3.02,6
common_voice_en_8594.mp3,australia_nz,It was such a gradual movement that he found it only by noticing the dots.,79bb0df86569cf0fa6e07fac54999b9aa2be0f6f1426264bf6ffffe7a568c80e,spk_1486,New Zealand English,male_masculine,thirties,15,5.54,7
common_voice_en_17262994.mp3,australia_nz,Is it all right?,9c0a979aa24e4f089946afe24af2a2c9,spk_1494,Australian English,male_masculine,fourties,4,2.9,5
common_voice_en_17258661.mp3,australia_nz,"Teresa, Mildrid, Ralph, and Vonda all arrived yesterday evening.",d24a201907d6ce403dbb20099a5d7669,spk_1495,Australian English,female_feminine,twenties,9,6.65,5
common_voice_en_572614.mp3,australia_nz,He fondled his bright orange beard.,ff639f146a297a1b54944173ca56a8c6c1d1455ab0ff30c3176b8ec3c36eec11,spk_1505,New Zealand English,female_feminine,thirties,6,3.02,6
common_voice_en_17392405.mp3,australia_nz,That man is your brother?,8e37626d657d6411f27df36ea914742f02d6bb484f2ef166795fe6698bd02985,spk_1507,New Zealand English,male_masculine,fifties,5,2.4,7
common_voice_en_168244.mp3,australia_nz,But bakers are more important people than shepherds.,ae994c8308e38af8c6642c2d2b5e56211107eb027d5a5f138bfa793d85968a42,spk_1509,Australian English,male_masculine,twenties,8,3.65,7
common_voice_en_17791446.mp3,australia_nz,The medical examiner reported that the cause of death was a homicide.,9e247d1a2066f24af3319e787f25bdc94ac838a31571ef3065ae11c6503e90bb,spk_1510,Australian English,male_masculine,thirties,12,4.54,5
common_voice_en_18338318.mp3,australia_nz,"""I'm observing passive-aggressive behavior"", the psychologist said in a professional tone.",07fa45a3e99251baf720918ffc78d8522b95070b7a5ccb570f8225e4f2c5a6a0,spk_1514,New Zealand English,male_masculine,teens,11,6.07,6
common_voice_en_220485.mp3,australia_nz,"Down below in the darkness were hundreds of people, sleeping in peace.",693d95062107dfb9b7b73ecf551b89dc9c8e4b5388775b44742a02f72883a104,spk_1524,Australian English,female_feminine,thirties,12,5.83,7
common_voice_en_17945978.mp3,australia_nz,"Well, there's a big difference in sound.",d39726d3deb9fcff0c96964654e03fb5860816d0c37a5ddb70cd53ac995eebb5,spk_1534,Australian English,male_masculine,thirties,7,3.5,7
common_voice_en_604267.mp3,australia_nz,"To calibrate the motion capturing system, please do a T-pose.",8df005899f01a91070becfdf2f5a8c297f628450b69a4956588f0467c8f214e9,spk_1538,Australian English,male_masculine,twenties,10,5.4,5
common_voice_en_17624683.mp3,australia_nz,Have you seen Hollie?,81d48a4077dd0d7aaf784656d05aafe71e802fbd978dbc683ca137e929165693,spk_1542,New Zealand English,male_masculine,twenties,4,2.93,8
common_voice_en_17257617.mp3,australia_nz,"One short, solitary clown entered the ring honking an oversize horn while waving forlornly to the audience.",44aed653a3066af184442dab21b0a77f,spk_1545,Australian English,male_masculine,twenties,17,9.55,6
common_voice_en_17679112.mp3,australia_nz,Have you played chess?,1663bd95a96c467cf4bf40c76312e2d7fd328558f52e7cd5df50c221a3893435,spk_1554,Australian English,male_masculine,teens,4,7.63,6
common_voice_en_17280672.mp3,australia_nz,"The flag is red, blue, and yellow.",818a05e140a2397b0fe104a152f2f510,spk_1562,Australian English,male_masculine,thirties,7,3.67,6
common_voice_en_17732793.mp3,australia_nz,What do you make of that?,4ee1d83103e8a1a0e91c0070571f593a091278f1b8bd985b52c3dfcde1d1d41b,spk_1570,Australian English,male_masculine,thirties,6,1.97,7
common_voice_en_139742.mp3,australia_nz,"Why the shots stopped after the tenth, no one on earth has tried to explain.",481e098b19bdd2e8e449d1fc9a9b2badfe636eadaaf27f1b04f42f4352f59660,spk_1584,Australian English,male_masculine,twenties,15,5.86,7
common_voice_en_689330.mp3,australia_nz,"From the railway station in the distance came the sound of trains, ringing and rumbling.",ae40b2d7757abe783d554f4135042c03ab8e74dadea21559706f9dcfc7096f38,spk_1595,Australian English,male_masculine,fourties,15,6.48,7
common_voice_en_18099442.mp3,australia_nz,What does he look like?,76c7feffd583cf5552d8109377409f3cbbc05cb779b02b9fbcac946f9c76a608,spk_1600,Australian English,male_masculine,seventies,5,4.03,8
common_voice_en_697833.mp3,australia_nz,I thought you were going to teach me some of the things you know.,2bb4c47532710dc167c1e521530111b8096cb0bb159ed1c66ff79ebfed680cbb,spk_1613,Australian English,male_masculine,thirties,14,3.48,7
common_voice_en_363658.mp3,australia_nz,Uncanny clowns were emplaced in the labyrinth.,d543193af96be1ebffb8b9e1a771b0d285e51153183bd9d5379c3e2d92a03b65,spk_1631,Australian English,male_masculine,teens,7,4.73,6
common_voice_en_187165.mp3,australia_nz,Only you expected it to be like other marriages.,74f0968357bd0abd1f53194693acb3bf8f9d78fef1c1294d4b197b120346d48f,spk_1632,Australian English,male_masculine,twenties,9,4.1,6
common_voice_en_18306119.mp3,australia_nz,"It's a long way to Tipperary, it's a long way to go!",8d7f09c46c87df28a8d0fdb56a3bc98b1de9f7cf3935c3d17092365389b5c6c6,spk_1633,Australian English,male_masculine,twenties,12,3.79,7
common_voice_en_17396921.mp3,australia_nz,"Well, what is it?",d8df58d6c66a2988bc5148acc4bbb187520786b6cea3ae3f79eabd29e6de0e51,spk_1649,New Zealand English,male_masculine,thirties,4,2.76,8
common_voice_en_83919.mp3,australia_nz,Maybe he should not call people names that they don't want to be called.,341872470dae2316d56b1a70075069cfd7952aed4600263854a2fc240b0ff353,spk_1651,New Zealand English,male_masculine,thirties,14,3.62,7
common_voice_en_17524555.mp3,australia_nz,"She's gonna like it, isn't she.",d798f528b8a57ec02575e6d6121af07340f64fd6b264adfe3eb53290de75fad0,spk_1654,New Zealand English,female_feminine,twenties,6,2.4,7
common_voice_en_533248.mp3,australia_nz,It seemed to him that it fell to earth about one hundred miles east of here.,e6f6cd0374f5236f15d55671f6c9b89485754f5d3323ef1d86f7cfe942c992e6,spk_1659,Australian English,male_masculine,thirties,16,7.1,7
common_voice_en_212902.mp3,australia_nz,"I didn't find the blow-dryer, so I just used the vacuum-cleaner.",d5f867d87a06db9e8c35f7a37690d9739982ad6d91bf39598bea70f08960d492,spk_1671,Australian English,female_feminine,fourties,11,7.68,7
common_voice_en_511799.mp3,australia_nz,"The sun began its departure, as well.",0f66fc7f77381a609d738b4766e6fe3433c159f45b3941b243b871dd6dbe3c47,spk_1675,Australian English,male_masculine,twenties,7,3.46,7
common_voice_en_17266600.mp3,australia_nz,"The gallant noble, good man thinks of himself last.",51938c9366b8364794184ce6e6a81cf2,spk_1696,Australian English,male_masculine,fifties,9,5.54,7
common_voice_en_17370707.mp3,australia_nz,"Yeah, I was in a wheel chair for months.",fc16416b3aab0a0244f1e12ebacd63e6f6fd858b6903944f06ad0807e95da4c4,spk_1698,Australian English,male_masculine,teens,9,3.0,7
common_voice_en_17340011.mp3,australia_nz,"No matter how much he offered, Scott would not accept the deal.",0f275ad700b816ff3e9c1211af4a62e1f9a8a97512ffa174479324fc468b555b,spk_1701,Australian English,male_masculine,fourties,12,5.5,8
common_voice_en_559718.mp3,australia_nz,"The boy smiled, and continued digging.",639932d7911970d4d867fa53804892acd9a43e3c94a9dbc1074e15286723489d,spk_1710,Australian English,male_masculine,thirties,6,3.58,7
common_voice_en_478658.mp3,australia_nz,"""An alchemist,"" said the alchemist.",d4403d4e24649b868056b96effc45eccd80725e11b56e0dc909573870d4dc782,spk_1713,Australian English,male_masculine,fifties,5,2.86,7
common_voice_en_593399.mp3,australia_nz,The crowd swayed a little as I elbowed my way through.,cecb266d94f1bef4ac52f130b7383c196b1027f7427fdf9f0a6a328297c68c5b,spk_1732,Australian English,male_masculine,fourties,11,3.46,7
common_voice_en_17836349.mp3,australia_nz,His wide grin earned many friends.,bd12006a03d72157849b8ee26691b5712e5c6222764ae1446070652dd755dbcd,spk_1737,New Zealand English,male_masculine,twenties,6,3.53,5
common_voice_en_680973.mp3,australia_nz,My husband revealed he was homosexual.,05e4b8ebfbfddf26a1545852733692fe4a531ff146b1b0cb88cc2d9c9cd249a9,spk_1744,Australian English,male_masculine,teens,6,5.98,5
common_voice_en_17390863.mp3,australia_nz,Was it a good idea?,716bf4174a2f3a6684e55e852525acf546484d753756011d689faa01d3ccb7e5,spk_1753,Australian English,male_masculine,teens,5,1.75,8
common_voice_en_618622.mp3,australia_nz,Come out of there.,e24caf8364341064f859a92670cd8dc186dc830ecd368dfb3cd69772a9811812,spk_1761,Australian English,male_masculine,sixties,4,2.54,6
common_voice_en_14760059.mp3,australia_nz,That is quite another matter.,da9035b1fd56634f586cf41d891c2858c836b81ac70bede5a1f9c5d63775753b,spk_1762,Australian English,male_masculine,thirties,5,3.94,6
common_voice_en_9920834.mp3,australia_nz,The hinge on the door creaked with old age.,e0cfbf598946d061ecd7e7fc69c736af1590115d3c7de0c8fad4b59ba9a907fe,spk_1763,New Zealand English,male_masculine,twenties,9,3.14,5
common_voice_en_666915.mp3,australia_nz,It'll do you no good.,d2bc59616b2b788f7459009ce475ca927841f8295e0dc81a0f210f7cfecb76a3,spk_1764,Australian English,male_masculine,fifties,5,2.3,6
common_voice_en_656966.mp3,australia_nz,"Hey look, a flying pig!",702bddb0b0aee069b744f0539cdb45517b4778e45feba821b3343c5cfaf99b3f,spk_1779,New Zealand English,male_masculine,thirties,5,1.9,6
common_voice_en_115781.mp3,australia_nz,I'll find out everything.,7b3c12fb233dae4a152d057072fb81d394177a42a0d3a9880b89e641d545eeda,spk_1781,New Zealand English,male_masculine,fourties,4,2.04,6
common_voice_en_545702.mp3,australia_nz,The other bridge was for everyone else.,5bcae12a1b4a4375d6c5332be22d9719e4d0e8c4601b298e530f745e7b9d00ae,spk_1786,Australian English,male_masculine,sixties,7,2.42,7
common_voice_en_17383440.mp3,australia_nz,Do you have Isabella's phone number?,eb633689253985933f2330ae514f4e671be3edd36239abe539bac11f760a90a2,spk_1789,Australian English,male_masculine,thirties,6,2.5,7
common_voice_en_17390103.mp3,australia_nz,"Television can make you dumb, but it can also be good education.",9f5ac32235f56863120a53547f8346505e4844d84929ae6ed88fc218759e105c,spk_1792,New Zealand English,male_masculine,twenties,12,3.62,7
common_voice_en_18390927.mp3,australia_nz,You need more evidence than that.,21456f5ef4734abc5d0c87ff5ba8ecdbd8f8a0168cc4e241e0b901db5c0cacbd,spk_1802,Australian English,male_masculine,fourties,6,3.1,7
common_voice_en_17865018.mp3,australia_nz,At least twelve scripts were found in this chest.,82a991ecec47a14ba42ec9d3e847ee92e20754f1ef0560ddb8177ae732060a98,spk_1810,Australian English,male_masculine,twenties,9,2.98,7
common_voice_en_684998.mp3,australia_nz,And I guarantee that they'll graduate with highest honors!,62c724290b2309d5f046f88307f55a09defe3523952cf128de9cee9ed459e604,spk_1811,Australian English,male_masculine,thirties,9,5.16,7
common_voice_en_143847.mp3,australia_nz,"Yet, it was a little too large for assurance.",8a3e835cfd4d51f180dd9c10091977f99e31890a2467f5c0244824437452a0a2,spk_1812,Australian English,male_masculine,twenties,9,6.5,7
common_voice_en_17289293.mp3,australia_nz,"No, I don't want to be a pilot.",c5ab1f7d93c8a87409785d62bd166a893bb1601322c12f8e993c7722c98b4ead,spk_1815,Australian English,male_masculine,sixties,8,4.56,8
common_voice_en_17260569.mp3,australia_nz,Are you sure that is exactly what happened?,80834d28317e182bfa032b06dad4ee86,spk_1818,Australian English,male_masculine,thirties,8,3.58,6
common_voice_en_17457042.mp3,australia_nz,"I'm not hungry, I'm starving.",e4906012d71efac8ee673349f4b233ae2c684460174b42ad277b1c6cfb3d1b30,spk_1820,Australian English,female_feminine,teens,5,2.9,8
common_voice_en_574827.mp3,australia_nz,Salim moved from India to the Netherlands.,d94c263fc0e5e8c05b29f453149c8b3f63d7adba1ce8e9fdafcce8c17d5ac9eb,spk_1844,Australian English,male_masculine,teens,7,3.65,6
common_voice_en_17251659.mp3,australia_nz,"How they managed to improvise at such short notice, she'll never know.",e3b9dea50d418cd8a202b737784844d81f275ecba4546f75a72f05601de6ef59,spk_1846,Australian English,male_masculine,teens,12,4.82,5
common_voice_en_540604.mp3,australia_nz,"They walked in from the rain, all dishevelled and steaming.",aa04f571e97c3e11698b686c700dd17c9eb54dda96a0ada261badc04f50523e8,spk_1852,Australian English,female_feminine,,10,4.3,7
common_voice_en_11277.mp3,australia_nz,The reprieve for George.,98e8665d56075f7466c16eff0c64cb8770aeed616d877c0e212256e8985dce5a,spk_1853,New Zealand English,male_masculine,fourties,4,3.55,6
common_voice_en_592160.mp3,australia_nz,Don't forget that everything you deal with is only one thing and nothing else.,ec85f6fc86aaea7c973bc3a995bf80d8a66920892ca538d716f0154759badea8,spk_1872,Australian English,male_masculine,fifties,14,7.46,7
common_voice_en_620866.mp3,australia_nz,"Among these people were a couple of cyclists, a gardener I employed sometimes, and a girl carrying a baby.",efc5c6e0868be6056a7b5cf5bc139fc7a40552928746ae2efb9b7cbec2bb8c16,spk_1873,New Zealand English,female_feminine,fifties,19,6.98,7
common_voice_en_211699.mp3,australia_nz,All who went there were happy at having done so.,35f3bef7075d777608380d8022dd2d67706c06c1236465d5b9a5c8f2da7a2605,spk_1886,Australian English,male_masculine,thirties,10,4.34,7
common_voice_en_79264.mp3,australia_nz,It's not I the wind spoke about.,66f51468d072efc55ef087070510288818aea3bc1c7b81245483cf4d6af4bf41,spk_1907,Australian English,male_masculine,fourties,7,3.62,6
common_voice_en_258153.mp3,australia_nz,The hydrogen gas escaped.,45d8ef0bcd663989dfea2eefa21f5e511906d4f9e8d8e8bcafd265ecde238f87,spk_1908,Australian English,female_feminine,thirties,4,5.52,6
common_voice_en_17777552.mp3,australia_nz,Long live the Emperor.,00805444c4587a38cfddfe2c11fac1200dce64a1c41d81b9a8ccd193d99b2378,spk_1914,Australian English,male_masculine,seventies,4,4.03,5
common_voice_en_17249481.mp3,australia_nz,"Salmon is one of the most popular fish and very delicious, though usually not sustainable.",005dea64ca3cc2d281a78e15a7d45d90b7f2b41f6f3db163e9dca90b572c7dc4,spk_1923,Australian English,male_masculine,thirties,15,6.17,6
common_voice_en_89089.mp3,australia_nz,Serve the hot rum to the tired heroes.,7238b32c0b0463ab6451d69af823c86fef2b15d0ff1ed27bc4f059c567ff88bd,spk_1924,New Zealand English,male_masculine,thirties,8,3.14,6
common_voice_en_18064559.mp3,australia_nz,What is to be done?,eaad21afe73738d4824f2d427d0c8c0dfab7f44802999ec253ed926232182e28,spk_1937,Australian English,female_feminine,twenties,5,2.59,8
common_voice_en_601509.mp3,australia_nz,"It was glaringly hot, not a cloud in the sky nor a breath of wind.",a44366e9d5bd221e4d68117fe63ce06aca9fb4b6340a26c616ef9aef2c91eaca,spk_1944,Australian English,male_masculine,teens,15,5.47,6
common_voice_en_159501.mp3,australia_nz,When will we grow out of fidget spinners?,925a9b713091eaaf97aef971a377f84bcfd75ff17e82b9809dc46d9cc34f9ec9,spk_1954,Australian English,,,8,3.19,6
common_voice_en_17271448.mp3,australia_nz,Did you really think it through?,694540d0ca6720c6dda63fdc2d14db4d,spk_1961,Australian English,male_masculine,fourties,6,3.94,6
common_voice_en_17284214.mp3,australia_nz,May I see it?,229cab8498cbac2d95dbba80fc3c9056,spk_1962,New Zealand English,male_masculine,thirties,4,1.73,6
common_voice_en_498244.mp3,australia_nz,A thin circle of bright metal showed between the top and the body of the cylinder.,a3428f1a4871f3397770801f53229d7b7a436a37917d54ecbc56144563bba2ba,spk_1969,Australian English,female_feminine,fourties,16,6.26,5
common_voice_en_490855.mp3,australia_nz,You can create bookmarks in you web browser to make browsing more convenient.,15d98fdf31777fb04591285b7553a737936399c5d8e5fac3f21331f4ce3e72ad,spk_1993,Australian English,male_masculine,eighties,13,5.78,7
common_voice_en_36699.mp3,australia_nz,"Hundreds must have seen it, and taken it for a falling star.",56b4b23e494d8df0cb2836cc51a7734c6945cc8c4a39000da4733dae0ee78a2b,spk_2004,Australian English,male_masculine,twenties,12,4.32,7
common_voice_en_699855.mp3,australia_nz,He won't leave the circle.,5d72597880ca8e250fb7221b8ebc1c5342e8910173d540fa6c5d60b953cc2607,spk_2006,New Zealand English,female_feminine,fifties,5,9.14,7
common_voice_en_17448638.mp3,australia_nz,What do you want me to say?,a7f3afa10ae6d5322e53245596b26991d6a250af9dc14e95413f0b2a5efb4c88,spk_2027,Australian English,male_masculine,thirties,7,2.35,7
common_voice_en_17273467.mp3,australia_nz,What are you laughing at?,97e5335a8458aeec30f83a1fa997eed4,spk_2042,Australian English,male_masculine,twenties,5,2.57,5
common_voice_en_585970.mp3,australia_nz,Now his intuition was that he had been right in coming.,177e375cb73da1ec1c096c5a1c1d107ad54a35bb919c4eb9ae18d5ebc5b37914,spk_2051,New Zealand English,male_masculine,thirties,11,5.93,6
common_voice_en_17677760.mp3,australia_nz,"He sent the figs, but kept the ripe cherries.",491f276007ac405bd20c1c65bec2abad4b794bb39bd8e259fe71936cf0a9dedf,spk_2064,New Zealand English,female_feminine,fourties,9,3.29,7
common_voice_en_17334916.mp3,australia_nz,Do you still remember your old account's password?,03a2163edbc8f65ed3efd58364352df4e2fd8d993697ff744d751c76d92cbea6,spk_2069,Australian English,male_masculine,teens,8,2.83,8
common_voice_en_17658646.mp3,australia_nz,"Also, oil and coal have hidden costs that others have to pay.",167ce591c25d352ae16f8e0efc4beab53ea796cf390d86b96a4403a190b039f4,spk_2073,Australian English,male_masculine,twenties,12,5.5,6
common_voice_en_18058100.mp3,australia_nz,"But recently, the view has been replaced by a more nuanced explanation.",0fa53f9313b31c73c508c26065cf3af9726e5145af8c5c89ae09f586af36c400,spk_2075,Australian English,male_masculine,twenties,12,6.17,6
common_voice_en_17946567.mp3,australia_nz,I would recommend doing it before you get too old.,25739e9edf0c2a62921ad935706295a8b71129e71f747309f8490f84c4f4f576,spk_2079,Australian English,male_masculine,fifties,10,4.58,6
common_voice_en_606051.mp3,australia_nz,"This man looked exactly the same, except that now the roles were reversed.",47dd8255ab5d9de6302c9c04ae785cf0d0df2f5ca5e662a20e829eb9237b097b,spk_2080,Australian English,male_masculine,thirties,13,4.01,7
common_voice_en_620058.mp3,australia_nz,The griffin is a legendary creature.,179077a14d597abdee3d041ff51e78d0a81430457d4995d7678cba29387c6fd6,spk_2083,Australian English,female_feminine,fourties,6,7.13,7
common_voice_en_516584.mp3,australia_nz,It must have fallen while I was sitting over there.,834b8492265abdcf7f0479d7f8813181599edea5b4633f9ecc2ab2834deb0186,spk_2087,Australian English,male_masculine,twenties,10,3.62,7
common_voice_en_125762.mp3,australia_nz,"People talk a lot about omens, thought the shepherd.",889592acaab840ca49e995d88ef2531d6db4975e7d053512ec1cf66f380e9f1c,spk_2093,Australian English,female_feminine,fourties,9,4.46,7
common_voice_en_532193.mp3,australia_nz,You know it is!,adbd895938e4124ae407a92917a5b63bca7be3245c7f30df1f2a670ca0c0f5b4,spk_2094,Australian English,male_masculine,fourties,4,1.34,6
common_voice_en_14710.mp3,australia_nz,Sandra read aloud the strange excerpt.,58d033e6d98e8d5e4d5c0c5a540123099dd9a57894955adbbf4a801e9ac3ef89,spk_2108,Australian English,male_masculine,twenties,6,3.82,7
common_voice_en_18012943.mp3,australia_nz,Make the best of a bad bargain.,514b626c6a439bf8a4f70f9b15051d00421c97832bb6780ef916bf64c0e5d245,spk_2119,New Zealand English,male_masculine,fifties,7,4.66,5
common_voice_en_498890.mp3,australia_nz,The boy awoke as the sun rose.,e8979934162b0e1e5e1312b1b4b16ddc6ce28187142c156b3480833e537e8fe8,spk_2128,Australian English,female_feminine,twenties,7,3.38,7
common_voice_en_17693285.mp3,australia_nz,How do you do?,968256cde5c9544f3677abba3be76d69ece8a9b91bfbc25742634426895e6887,spk_2137,Australian English,male_masculine,twenties,4,3.12,7
common_voice_en_18363819.mp3,australia_nz,Are you sure that is exactly what happened?,64e285b839ae3a776916779e999ca0ba464d098f43723071078e49ea368a38aa,spk_2152,Australian English,male_masculine,thirties,8,3.7,7
common_voice_en_18456367.mp3,australia_nz,"Three weeks later, he was feeling a lot better.",bbe6990f751535197cf6da68ee79e71c77b8c891825b0747f9c02c223de9a846,spk_2154,Australian English,male_masculine,fourties,9,4.08,8
common_voice_en_442043.mp3,australia_nz,"Believe it or not, this peanut butter is homemade.",a2945e972d98d029b9495779d616675caa6a328bbb73c027fb609ef936cd0db7,spk_2156,Australian English,female_feminine,seventies,9,4.68,6
common_voice_en_516210.mp3,australia_nz,And that's where the power of love comes in.,61d73223e2bed1d3aa1983bfbda388191e85490bd82328d13e1d13c1e07dbabc,spk_2167,Australian English,female_feminine,sixties,9,2.93,6
common_voice_en_17414079.mp3,australia_nz,"Trample the spark, else the flames will spread.",db1f8a1f8744cae82d0a15c0d95a4eb5c215a0c2a955ad7844ce8e6a66b39a56,spk_2168,New Zealand English,male_masculine,thirties,8,4.32,7
common_voice_en_17258768.mp3,australia_nz,Where is my dress?,566a6c92aa3bfac05703b4bdcfb29195,spk_2173,Australian English,female_feminine,teens,4,2.38,7
common_voice_en_375393.mp3,australia_nz,It can't possibly be true that we won.,9dff67c6a9d3ca2588787a6949dd05a304537b13f8dd5676df14cd5944d8d2f6,spk_2185,Australian English,male_masculine,fourties,8,4.39,5
common_voice_en_18138997.mp3,australia_nz,There is no fire without some smoke.,4cfa3fc453f285d0be9a86a0ea14b49f157af2334ca8bb4e555af34f01e73ad5,spk_2189,Australian English,male_masculine,seventies,7,4.32,7
common_voice_en_111514.mp3,australia_nz,Where you got him?,c28818b7e6dcd33f63760dca979a951e14d98b7b266701fae45fba22c004271a,spk_2190,Australian English,male_masculine,fifties,4,2.3,6
common_voice_en_17291055.mp3,australia_nz,"No, I have a single mattress and my office floor.",c0994b9d41dbeb20c7c82a9134f2fcbf6a0310a33535593b4a0c97dacc7e30b3,spk_2193,Australian English,male_masculine,teens,10,7.7,7
common_voice_en_17937257.mp3,australia_nz,A contented mind is a continual feast.,9654c32f5c29a94ab366d02f27197531bf6dd43cf89314f58e7fe0ba8006bec4,spk_2200,Australian English,male_masculine,thirties,7,3.58,6
common_voice_en_169578.mp3,australia_nz,I am not surprised.,70768b2ea24e88b35680e13fa3e6112706d72eac3e230d686c54697d5e39dd66,spk_2201,Australian English,male_masculine,seventies,4,3.86,5
common_voice_en_18207384.mp3,australia_nz,The stairs creaked under his weight as he climbed to the darkened upper floor.,3e262933e6c8e181609d194174feb42daa390216bf0bbeb488453394821a196a,spk_2204,Australian English,male_masculine,thirties,14,7.58,5
common_voice_en_1506.mp3,australia_nz,My review of the sun: one star.,0126407f34103cd72d511de00e0de327af8f31bf6c4e1a2c65a588e07590bb7b,spk_2212,New Zealand English,male_masculine,thirties,7,3.84,7
common_voice_en_490376.mp3,australia_nz,Stacey couldn't find the power switch.,eecbda106d5affc627bfd8f0cbfeeafb404fcde4ccc708284a1cd616e54b2884,spk_2214,Australian English,female_feminine,twenties,6,4.82,5
common_voice_en_643104.mp3,australia_nz,"Potatoes are less space-saving, durable and cheap than pasta.",c4e83f41b609a1c880d52439a6e856f824e235756a665bae38e2c78f2cd35268,spk_2226,Australian English,male_masculine,twenties,9,4.32,7
common_voice_en_482095.mp3,australia_nz,or a man into the wind.,92f7ffd7665e5e85ecb05b967bea17b40f0253f44059224edf65f2de07d291aa,spk_2230,Australian English,male_masculine,twenties,6,2.59,7
common_voice_en_317056.mp3,australia_nz,This sapling will once become a giant oak tree.,8241c9a8fc797e308925997c729a600b690ea4766eeeb5d36bcfb4b69b2c5b9e,spk_2233,Australian English,male_masculine,thirties,9,4.44,7
common_voice_en_17809219.mp3,australia_nz,Where did you find that apple?,2fe838d45bc1a36de10f38e9a8bf1f2e1ce1f62f896d598efb33d6ebdb144a67,spk_2239,Australian English,male_masculine,thirties,6,2.38,7
common_voice_en_21851.mp3,australia_nz,She refilled her vessel and left.,04a7efb93f4b1ae286c87f09b512a851754ac8498c558272174dd18ecf59b3a1,spk_2249,Australian English,male_masculine,fifties,6,3.0,7
common_voice_en_18359604.mp3,australia_nz,"You know, he is an honest man.",1d7576a1c1ea24d09fe27f6fb957eceaaee9e2a0694d0f5d3d084e8b427c5000,spk_2260,Australian English,male_masculine,twenties,7,2.98,8
common_voice_en_17251523.mp3,australia_nz,What was she like?,6a911ad770813ccef825cc5cc936132529bcd5df90a0318b8b2fb5756070a057,spk_2280,Australian English,,fifties,4,3.17,6
common_voice_en_17785095.mp3,australia_nz,"Noone is likely to hassle me too seriously in a bar full of people, so why don't you wait out here?",9058b9e4f03f8eb8163f1f324131eb7ef1756b6c0b53846a06314eccae4e9d2c,spk_2289,Australian English,male_masculine,fourties,21,9.67,5
common_voice_en_535236.mp3,australia_nz,"The alchemists spent years in their laboratories, observing the fire that purified the metals.",5d8223c582a7c25c7c9efd7de6597f19f6a30c561f6120dbaf832644060211cb,spk_2290,Australian English,male_masculine,twenties,14,6.36,6
common_voice_en_17810363.mp3,australia_nz,What does she look like?,1235d3b29a1233a4b8b21c18341ab9428b5633cb0aae69798d8e61d83112fe75,spk_2300,Australian English,male_masculine,sixties,5,3.84,8
common_voice_en_530622.mp3,australia_nz,They were kissing in the backyard.,681ab22e9204dc6c3f4e09453d10ed0ff21e1a88b995dffbf0e1bf5b7c7a6454,spk_2303,Australian English,,teens,6,3.84,6
common_voice_en_111711.mp3,australia_nz,I want to see the chieftains.,d930e212c0eb340361a2a1e02231e91f124909d58bd3d91173b0edb3c42822b5,spk_2306,Australian English,male_masculine,fifties,6,2.66,7
common_voice_en_687105.mp3,australia_nz,"""You gave them everything I had!"" the boy said.",6c935d6661c9e2c759572514ff5dc5fa37a186d62921e07ae896ee6f7b793c13,spk_2310,New Zealand English,male_masculine,sixties,9,2.98,7
common_voice_en_345439.mp3,australia_nz,Have you prepared for tomorrow's Geography quiz?,343fc3c364c32eed3ddc7d04da51154efeac3cd6e393247fe7c0efaab92f9993,spk_2311,New Zealand English,female_feminine,fifties,7,3.19,6
common_voice_en_676008.mp3,australia_nz,We'll pay all your expenses.,93bafa87614ca8e6073b2191e4da5b8bd2d7a31d64a88d11ccc91112fb3e4ab4,spk_2312,New Zealand English,male_masculine,twenties,5,2.38,6
common_voice_en_208214.mp3,australia_nz,The boy awoke before dawn.,e8caab5caf32f27c6c892aeb7e0666b1d557faad31a57039f949bb9e7677df4c,spk_2322,Australian English,male_masculine,twenties,5,2.02,7
common_voice_en_412128.mp3,australia_nz,The petals fall with the next puff of wind.,3a24a9d24874d59c3b22546de736f77d171c6d0aa62701af798b4ef085b2de83,spk_2326,New Zealand English,male_masculine,twenties,9,3.26,7
common_voice_en_17626880.mp3,australia_nz,Who would have thought that?,a9abe43e4108e690d15bdb732173ec8c467b0cd4bf0ba5233da20169e90af1d0,spk_2328,Australian English,male_masculine,fourties,5,2.06,7
common_voice_en_490423.mp3,australia_nz,That saved his life.,3f892be81ffec8d2629c339029e46c27946a46e3fc0d2df5d9ff69d2614c8bfa,spk_2334,Australian English,male_masculine,thirties,4,2.26,5
common_voice_en_636314.mp3,australia_nz,But the crystal merchant had no choice.,d24ea002f6f97e2839c61028ad7a473348f38de4b5869ceb16d02984d8b0caf1,spk_2337,Australian English,male_masculine,fourties,7,5.18,7
common_voice_en_17811848.mp3,australia_nz,"In fact, this view is still present in many outdated teaching materials.",56c4217cf038e64afda9947b5abfafa484c0b096a7b388634a967687ac267219,spk_2346,Australian English,female_feminine,thirties,12,6.22,7
common_voice_en_17276496.mp3,australia_nz,"In this case, another block is added to the message.",fdbbc2877d14e1015a70df34cec55f6c,spk_2349,Australian English,male_masculine,fifties,10,4.68,6
common_voice_en_17296984.mp3,australia_nz,"What's your name, and what were you doing here?",1438edb4ad8d684a3e81b179773a587e34296208579bd36778215ba8f7e2ab90,spk_2363,Australian English,male_masculine,twenties,9,4.78,6
common_voice_en_17401493.mp3,australia_nz,"No offense, but your agility leaves a lot to be desired.",a6c61ab116f4dea19f5d32d99b220d4ecce292984841f8e78eb38e2e13ccf344,spk_2374,New Zealand English,male_masculine,twenties,11,3.29,7
common_voice_en_17566917.mp3,australia_nz,Do you like contemporary paintings?,bd6085e36f2daa7429d15bf930ff10de2194b2f9a9d9b63d4462fb864408b019,spk_2390,New Zealand English,male_masculine,thirties,5,2.74,8
common_voice_en_648336.mp3,australia_nz,"At the camp, it was difficult to see anything.",17249b255d0fd5d4bc9154810ca6a7815fa2963e6b9fc2173301132eea785a37,spk_2398,Australian English,male_masculine,seventies,9,5.64,6
common_voice_en_694779.mp3,australia_nz,He paused for a moment to see if the woman knew what the Egyptian pyramids were.,b78ea47db00ee54d98b55cf9c55dc3f3c66fb10668c7ab14841e6d802f5e48ea,spk_2408,Australian English,male_masculine,thirties,16,4.9,7
common_voice_en_131385.mp3,australia_nz,"Bacon, pancakes and maple syrup is a hearty start to any day.",d3ac0cfe90f3e0aeadfba7c6b445d8d9fcb332572d8ac1e203e1466b8b2a00ee,spk_2435,Australian English,male_masculine,thirties,12,4.9,7
common_voice_en_17269400.mp3,australia_nz,May I borrow your bolster?,e09863b5db6f92031b57869c7e1930c2,spk_2441,Australian English,female_feminine,fourties,5,3.48,5
common_voice_en_560982.mp3,australia_nz,Do you know that I threw it away?,905033007cb43f66e711f0bd643b9cab1649efd09da701c16a5a48d1bd879713,spk_2447,Australian English,male_masculine,twenties,8,2.26,6
common_voice_en_17888226.mp3,australia_nz,"Oxygen is important for us, but some bacteria don't need it at all.",5199c177f8e1a642057fb7a418f8465da9cbbffb0316e888dfc6b01b3311a717,spk_2455,Australian English,male_masculine,thirties,13,4.42,7
common_voice_en_535651.mp3,australia_nz,They're closing in on you!,9806ab7241fd685b633c5df8884d6e8d9e59b549e3700558adefe0ebc6936221,spk_2484,New Zealand English,male_masculine,fifties,5,2.5,6
common_voice_en_21399.mp3,australia_nz,I can explain if you'll just listen.,cbe396ac0b84e335b8588f80e1f95c16e5edf5c6a082030448a2508905d8923d,spk_2485,Australian English,male_masculine,thirties,7,3.17,6
common_voice_en_17717143.mp3,australia_nz,What will you have to drink?,aa6beaa6b6a3b0e1c1f12dc68ae32a7a78d326cadce54849db807e6b6cded818,spk_2490,New Zealand English,male_masculine,twenties,6,2.42,5
common_voice_en_37143.mp3,australia_nz,Angela wanted to copy everything he had done.,dbdd0c08af57b20b3db64b2cc6ca1a5105ab1db87f2a460dd5e3a21ede4600f9,spk_2492,Australian English,male_masculine,teens,8,3.65,6
common_voice_en_17297594.mp3,australia_nz,Is it actually unusual for a planet that its axis is tilted?,b0a1782276cfc5709d15b5a0f1a838103846c52435dfd53f79ddf297122d3655,spk_2495,Australian English,male_masculine,fifties,12,5.78,8
common_voice_en_16789.mp3,australia_nz,"But before I go, I want to tell you a little story.",f911c54ac46d866b98aae227369ec89b0194f051a6cc1c8a203d85eea6fe404f,spk_2498,Australian English,male_masculine,seventies,12,4.94,7
common_voice_en_17296806.mp3,australia_nz,Can you sing me a lullaby?,7e96c3340bbdb3f06aeff37032780af08b216a1ce197dc59e816e8f138f55c3d,spk_2505,New Zealand English,,eighties,6,2.9,5
common_voice_en_71003.mp3,australia_nz,"You'll watch them as they grow, demonstrating how the world is always changing.",d8658d6ddffd735ab39e2e4ebc2c7560ac4d90efd03c79f50f247bb9d79dcecf,spk_2506,Australian English,male_masculine,seventies,13,5.98,7
common_voice_en_17652348.mp3,australia_nz,"""Here, let me show you,"" said Ann.",df87f67c534ef15870d155e3faa63e49f1240c9e496fa4dbff12d5e842895341,spk_2521,Australian English,male_masculine,seventies,7,3.6,7
common_voice_en_595620.mp3,australia_nz,"Then, you taught me something of the universal language and the Soul of the World.",ae87ad3bcfe4ed0dc90b4033e55c2ef30e811d0251224504daf85083eb82875b,spk_2522,Australian English,male_masculine,teens,15,6.26,7
common_voice_en_681038.mp3,australia_nz,"Maktub, thought the boy.",3c2a5f756eb6858546232f6cdab2339ea15e63345c1923107eed5e4e7d6b5020,spk_2536,Australian English,male_masculine,fourties,4,3.1,7
common_voice_en_647434.mp3,australia_nz,We're coming to a new order of things.,f243ce774135317b5c60c481d06c88361162b678384c01b243fb484382beae80,spk_2544,Australian English,male_masculine,thirties,8,2.86,6
common_voice_en_17285526.mp3,australia_nz,What do you say to that?,25bb1af6eda600f20eac6918de0ec268,spk_2562,New Zealand English,male_masculine,twenties,6,4.42,6
common_voice_en_193508.mp3,australia_nz,It was unforgivable and unexplainable.,a1b9ade7beb2a224f2e71817bd6bd942b9c8080289ee0c53bda6cc65c47b6185,spk_2573,Australian English,female_feminine,thirties,5,3.89,6
common_voice_en_190110.mp3,australia_nz,I'll get it for you.,cb7a820e0732cd9d65823d07781e57781cb3382b584bc85e4b2ee886529218e4,spk_2579,Australian English,male_masculine,fourties,5,1.58,5
common_voice_en_601717.mp3,australia_nz,The guy thought he was a lunatic at large and made an unsuccessful attempt to stop him.,bd2bed4ff2236f46d2dfe8f2b347f51807ae9655d4978e56aef7ddda67e55186,spk_2587,Australian English,male_masculine,thirties,17,6.1,7
common_voice_en_17561891.mp3,australia_nz,Does that imply I can no longer play badminton?,8512ac4cfab9e73dbd700c76716dd02058a9ed5e6784520a946ab3ef36d46034,spk_2589,Australian English,male_masculine,thirties,9,4.25,6
common_voice_en_696123.mp3,australia_nz,The two men hurried back and found the cylinder still lying in the same position.,d444844a992a4e7c38017557ccf412c2154951b201ab9db4f689eb8af38c4331,spk_2598,Australian English,female_feminine,thirties,15,4.73,7
common_voice_en_520249.mp3,australia_nz,He brought six sheep with him.,69a0af7ba5494737675c875a4e4e06e9b75368c781d83884a845f4d18468a707,spk_2605,Australian English,male_masculine,twenties,6,2.86,7
common_voice_en_17644660.mp3,australia_nz,"The hare springs out, when one thinks not of it.",ff2eb5a12d06afc990fedd4a4b2293501d57ba18d08c692424fa6dc7e98e9023,spk_2618,Australian English,male_masculine,thirties,10,4.46,8
common_voice_en_17404040.mp3,australia_nz,"Considering the growth of human population, insects might be the food of the future.",4c60d074c5a83bb8f5f0183d341cdc7397e61fc2cf0f856ee0b841516cc0f579,spk_2622,Australian English,male_masculine,twenties,14,5.71,8
common_voice_en_18242956.mp3,australia_nz,Send the stuff in a thick paper bag.,cbeb16556eb57075bad425ef79160cb4ad0f7ecdea9a52fad8146fc77d2ebbb1,spk_2635,Australian English,male_masculine,thirties,8,3.02,5
common_voice_en_21482.mp3,australia_nz,He took back his books and packed them away again in their bags.,428621a7f7e79f830446e308b0319da0a844729a7cc08e24bdd84ece90632298,spk_2660,Australian English,male_masculine,thirties,13,7.56,6
common_voice_en_45025.mp3,australia_nz,The burning fire had been extinguished.,d02aebf2953e417f7d6870a5f6f9ae58cafa4c712fda887e6a90388d57a3df42,spk_2670,Australian English,male_masculine,thirties,6,1.82,7
common_voice_en_489158.mp3,australia_nz,He needed someone to talk to so as to avoid thinking about the possibility of war.,594946716cd4b5e79c057917bd4542a19b576f7973dfd0ffe4dae7f23f05a497,spk_2671,Australian English,female_feminine,thirties,16,5.74,7
common_voice_en_18009273.mp3,australia_nz,Where is my wife?,cb1309190bab66e2ec950aa5f8ad1ba8504039de833c66f5165eb38f21ed3b3b,spk_2672,Australian English,male_masculine,fifties,4,2.78,7
common_voice_en_88070.mp3,australia_nz,The caravan would be very lucky to reach the oasis.,28530b3aa1e1357fc454fe5731725bc65d28ad299d7769626c2c0bde368a96a8,spk_2696,New Zealand English,male_masculine,thirties,10,3.24,6
common_voice_en_337418.mp3,australia_nz,The best things are not bought and sold.,0e178d7839ca203ecafa55cd31c04ea5983fc33f5ba6f9df860d8f8773652fa7,spk_2698,Australian English,female_feminine,fourties,8,3.38,6
common_voice_en_18385363.mp3,australia_nz,"Look John, I just cannot support that.",111fabddc94979b5d47cc618386b4032af03b6817a459d2e1a22eaebb62199e7,spk_2708,Australian English,male_masculine,sixties,7,4.56,7
common_voice_en_18096511.mp3,australia_nz,"""That homicide case is giving me headaches"", the police officer said.",56846b48dfb7ad2534aba044b900cba99b07b0e0ec929815571d274fc6481388,spk_2710,Australian English,male_masculine,twenties,11,5.83,7
common_voice_en_10399660.mp3,australia_nz,The smell of burned rags itches my nose.,af9a0cd0dd1ac336d3be70798d8636dc94a141556104e71e6afcb84bb48a228c,spk_2714,Australian English,male_masculine,teens,8,5.28,5
common_voice_en_17730636.mp3,australia_nz,The solar industry has been on the rise recently.,1e12103517596573ff3d4761c48ba9305ec9d749c4b7e17f1162f0fd9d621495,spk_2733,New Zealand English,male_masculine,fourties,9,8.11,5
common_voice_en_18421358.mp3,australia_nz,"Oh, it's just a novel, a love story.",38ce491360e5ad739fb98146c743ca6db31d79f59540cc1181101263183e0929,spk_2736,Australian English,female_feminine,fifties,8,4.42,5
common_voice_en_17789395.mp3,australia_nz,Listen and silent are anagrams.,6690fa1f6edbda7e945d143484311a9f2cefaca94156b701a0cc1b729b1171f7,spk_2753,Australian English,male_masculine,thirties,5,3.43,7
common_voice_en_17260254.mp3,australia_nz,What shall we do?,42b8c3a7c518730574ee325373da5e9c,spk_2761,Australian English,male_masculine,fourties,4,2.02,7
common_voice_en_17365245.mp3,australia_nz,"If you want a discount, you'll have to provide a ID.",a1f6d6b422dc36cbbe3fbaffa6c52179cc1ce0f8b584cd1f12393eb278e7217d,spk_2776,New Zealand English,male_masculine,teens,11,6.58,7
common_voice_en_17291084.mp3,australia_nz,"I've really started to appreciate Imperial measurements, you could say I'm a convert.",27b6d9eed6fccf378799de00dba7d6bb06e9729b9c0ed099cd72723a04ec9bfd,spk_2783,Australian English,female_feminine,twenties,13,5.9,6
common_voice_en_17991173.mp3,australia_nz,Many different classes of statistical tests have been considered in the literature.,fb8fee896785c7c58dc4c3535d225d959fa8a3e79af89600adc62d3361aacb44,spk_2797,Australian English,male_masculine,twenties,12,6.7,7
common_voice_en_116933.mp3,australia_nz,But I found it difficult to get to work because of the investigations.,60ab06b88dfbc17eb2d0011abb70c0efaf7a207204771edb3e44c1932af26020,spk_2803,Australian English,male_masculine,thirties,13,3.77,7
common_voice_en_18266703.mp3,australia_nz,So there was no pressure to demolish old buildings to put new ones at their place.,bcd72c22f09f3820e22abd66fb3031c2151e8af6a75f59fb6dcfba5a409e5e6b,spk_2805,Australian English,male_masculine,twenties,16,6.38,6
common_voice_en_648165.mp3,australia_nz,He could see tears in her eyes.,a02660f7fd8d6e71a136eca33bdc745a459335acc6c9c5044d4222e5ee2600f7,spk_2828,New Zealand English,female_feminine,fifties,7,6.26,5
common_voice_en_88542.mp3,australia_nz,Let's go Hiking across France.,8756187e2eaf9571190f59d0388a14abddc4aadb3273819bc3738578d1759c8a,spk_2830,Australian English,male_masculine,fourties,5,2.26,6
common_voice_en_654614.mp3,australia_nz,There was very little talking.,dac3d7810a6b3c9ca36a43bc2cae0b1cdb272aab6d1924403764940f51de5c5e,spk_2840,Australian English,female_feminine,teens,5,3.55,7
common_voice_en_672292.mp3,australia_nz,The boy said nothing.,c690c5a2a79fdf3e7e26e9605fe1907a8d5f6cecfbcbd214c325bdb3bc067063,spk_2843,Australian English,male_masculine,fifties,4,3.7,7
common_voice_en_17450107.mp3,australia_nz,How is Mozilla going to handle ambiguities like queue and cue?,affbf329ec70d5261578ec7e63e30e350d28158d4807e6f5536720aca946de07,spk_2844,Australian English,male_masculine,twenties,11,5.14,7
common_voice_en_18171836.mp3,australia_nz,"Ladies and gentlemen, this wagon is going to be detached.",8adb62562eec1b28ccaee9522e04be4961f47b0d112d4c04eb99840f1394e18b,spk_2869,New Zealand English,male_masculine,fourties,10,5.35,8
common_voice_en_110128.mp3,australia_nz,"Today, I understand something I didn't see before: every blessing ignored becomes a curse.",f98564ec885ed77830dedd6326b8d0aa2f82ac483422e77ac871b25f378973fd,spk_2872,Australian English,female_feminine,thirties,14,6.86,7
common_voice_en_17790801.mp3,australia_nz,Don't advertise: Tell it to a gossip.,a190e2112eae267e827d0c228df078de55de28fddabe024bb3dd8ced4725f402,spk_2876,Australian English,female_feminine,twenties,7,4.8,7
common_voice_en_70698.mp3,australia_nz,The greatest authority on meteorites stated that the height of its first appearance was about ninety or one hundred miles.,b7b7c6c8cb8fc37a20ed756962026e8b52831725c145a8726a24b4711defed27,spk_2882,Australian English,male_masculine,sixties,20,7.7,7
common_voice_en_17902332.mp3,australia_nz,"What do you advise, sir?",410887b47dde96137f43932ca8a5975153cf633ed955e2bab3c0d8fb046167b7,spk_2911,Australian English,male_masculine,twenties,5,3.38,6
common_voice_en_14233963.mp3,australia_nz,He told his story.,b867eff7dfb94483b5fdd16f4b452cab2a89fe40406c82701ecfa373270893d3,spk_2915,Australian English,male_masculine,fourties,4,2.66,7
common_voice_en_386017.mp3,australia_nz,What did he look like?,3cc84f15afdfdddb0df7e4c63ef12fc987d4686cf793264508ae3baf26d021c1,spk_2930,Australian English,male_masculine,teens,5,1.66,5
common_voice_en_17779715.mp3,canada,The hospital is hiring nurses.,52947f058ee1756a9cd4873753c286096b069f75635b146262369668c3e4cbdb,spk_0008,Canadian English,male_masculine,thirties,5,6.19,6
common_voice_en_18627053.mp3,canada,"Oh, you met Madeline at Cannes, did you?",801d6a36ac8e50b2ed7e1c06fdbce3f51a8760d3c80b51aac279b02ab45bacdc,spk_0009,Canadian English,female_feminine,sixties,8,4.63,3
common_voice_en_524804.mp3,canada,The loafers and golf caddies were used to hanging out near the railway station.,cf5e6f27167fffd896acf2086ce375a06927ed74961a5195520d497c081e8852,spk_0012,Canadian English,female_feminine,fifties,14,7.25,6
common_voice_en_652861.mp3,canada,"Bacon, pancakes and maple syrup is a hearty start to any day.",d3ac0cfe90f3e0aeadfba7c6b445d8d9fcb332572d8ac1e203e1466b8b2a00ee,spk_0027,Canadian English,male_masculine,thirties,12,4.66,7
common_voice_en_17272945.mp3,canada,"The gallant noble, good man thinks of himself last.",51938c9366b8364794184ce6e6a81cf2,spk_0030,Canadian English,male_masculine,thirties,9,4.82,7
common_voice_en_218478.mp3,canada,"In those days, very few of the people had any idea about astronomy.",6893a75dcf5a21b6369413469a037d9e1dfe05e161d14eb0e181ef8557a6620e,spk_0044,Canadian English,female_feminine,fifties,13,7.22,7
common_voice_en_208397.mp3,canada,Keep me here until I get over it.,5ab5167b6df413d2b3ae12f39f8da433b41bd46305ac0ecb1c5147ad7e9cceb0,spk_0053,Canadian English,male_masculine,thirties,8,2.88,6
common_voice_en_110184.mp3,canada,She learned how to play the piano in a music school.,31a964b1abcc66ac46564cfe9352b16568f837304829705c72bab630b8f214b8,spk_0066,Canadian English,male_masculine,twenties,11,4.44,6
common_voice_en_529905.mp3,canada,I got it all ready.,21369318411874a76da4fec82187c08a8e1837c499cf73670875bec7b5380c89,spk_0072,Canadian English,male_masculine,thirties,5,1.9,6
common_voice_en_83428.mp3,canada,"The shop folks were taking down their shutters, and people were opening their bedroom windows.",ade0989a4d24ecbf85172bc9c6c03136398d2c440aec48a0f13be83de9a33bf4,spk_0074,Canadian English,female_feminine,twenties,15,7.42,7
common_voice_en_99415.mp3,canada,The carpet was exquisite.,7f216d445bd6c39eb5373eab8c49b2f521c472b8037daafa76d7acc9663195e9,spk_0079,Canadian English,male_masculine,teens,4,3.74,6
common_voice_en_18618306.mp3,canada,When is that paper published?,7edae7583e337893659c6595eb290bc9136c27020ef4eebc4b0186a2b983fd28,spk_0087,Canadian English,male_masculine,thirties,5,3.6,3
common_voice_en_57060.mp3,canada,But can we trust him?,3d415c7f84e2386c49123ee8f20759ac631d9a9f6d295640310672630a5e43c9,spk_0107,Canadian English,,thirties,5,2.98,7
common_voice_en_17767697.mp3,canada,The item costs five Yen.,53ce60c67b163ad398d057490db1a6bdad47740850005ea2e1087e0060191357,spk_0108,Canadian English,female_feminine,fourties,5,2.95,5
common_voice_en_626564.mp3,canada,Absolutely despicable that gingerbread men are forced to live in houses made of their own flesh.,b47a7ed9ae7d6389db2e471ff466ca22b4fd3d135bfad0097176f520f0f6047b,spk_0118,Canadian English,male_masculine,fourties,16,9.34,7
common_voice_en_27976678.mp3,canada,The following exposition may be clarified by this illustration of the shooting method.,b58dbec0db687ec1ea04b5f3f68f67f268132e1c5c301c8aa60c440b93a20a0e,spk_0121,Canadian English,male_masculine,fifties,13,5.69,3
common_voice_en_17268040.mp3,canada,"The wise man may change his opinion, but the fool , never.",bea74dc2c4dbb9282b68eb34278e11b9,spk_0125,Canadian English,male_masculine,thirties,12,4.42,6
common_voice_en_18483274.mp3,canada,"Hey Lucy, have you remembered the lyrics for the anthem yet?",f830eec767dedbf184edea7205ff4706692fc0b5ad4a667d1a21c00759a1e105,spk_0126,Canadian English,female_feminine,twenties,11,3.98,7
common_voice_en_649097.mp3,canada,I thought about the difficulties in translation that might arise.,e75e723be8e2b4161986f7af47672aeddfec5f8e2817ff6047aab179942ad28b,spk_0142,Canadian English,male_masculine,fifties,10,4.03,7
common_voice_en_530279.mp3,canada,"On the third day, the chief met with his officers.",18c9512484029f01f1efbd80d856381de4c6f028167d34db66a06d67b91bd4f0,spk_0147,Canadian English,male_masculine,thirties,10,4.56,7
common_voice_en_161684.mp3,canada,"When I returned to the common, the sun was setting.",e61eb2f8e5d7dbf06767d2ac12b68e07a33119b05f9cabebb5f8a9d73dfbd673,spk_0148,Canadian English,female_feminine,thirties,10,3.74,7
common_voice_en_17290985.mp3,canada,"The irrational number Pi, which represents the ratio between a circle's circumference and its diameter, approximately equals three point one four one five.",a98586b7af7424922ebde92060bedda53ff1d85ce677e30d32e67c5f849faa2b,spk_0161,Canadian English,male_masculine,thirties,23,9.43,7
common_voice_en_155568.mp3,canada,"Maktub, thought the boy.",3c2a5f756eb6858546232f6cdab2339ea15e63345c1923107eed5e4e7d6b5020,spk_0164,Canadian English,male_masculine,twenties,4,3.02,7
common_voice_en_487614.mp3,canada,Love makes a good eye squint.,abe7f25201fe136839a6c4769635d788376f9d10943a985423f29c229f480083,spk_0177,Canadian English,male_masculine,thirties,6,3.5,4
common_voice_en_16048373.mp3,canada,He placed the DVD into the player.,c562926028a9cb58f52371697d4542ca8b501fdc795251e475b2efa7ae01c668,spk_0180,Canadian English,female_feminine,twenties,7,4.44,6
common_voice_en_484406.mp3,canada,The phone call got interrupted due to unknown reasons.,17710aff25a8f44e7fb4795633844643dd746233b7c4472c9f84485ecf755ed6,spk_0201,Canadian English,male_masculine,twenties,9,4.01,6
common_voice_en_15733894.mp3,canada,I wandered lonely as a cloud.,6cc918c8362bae7d6da25ed19ad3ef65025b7a34ccd25b4f017f8527f779908d,spk_0204,Canadian English,male_masculine,fifties,6,3.7,7
common_voice_en_17681029.mp3,canada,"Three weeks later, he was feeling a lot better.",bbe6990f751535197cf6da68ee79e71c77b8c891825b0747f9c02c223de9a846,spk_0205,Canadian English,male_masculine,teens,9,4.87,8
common_voice_en_276767.mp3,canada,We find joy in the simplest things.,a9eb3289c359f7b279e4b6c92c7383124e6fa771fef0b0e20e2bfd6fad299b54,spk_0214,Canadian English,male_masculine,twenties,7,3.55,6
common_voice_en_136790.mp3,canada,"""All things are one,"" the old man had said.",18b4ebbda89ae04963338f91888665af6be13227acb0ef670b981a7793b96444,spk_0223,Canadian English,female_feminine,thirties,9,3.77,7
common_voice_en_17363026.mp3,canada,"Oh, you are, eh?",5039f73307189c07f32cc0be5882b59230eadffd3e637a26361c8e0320788ebd,spk_0225,Canadian English,male_masculine,thirties,4,1.7,7
common_voice_en_17814441.mp3,canada,We need grain to keep our mules healthy.,312e8b8c44bac7d6d9d69b87f8fc1d851db914250edcc0b6e91816bf20b9a7c1,spk_0229,Canadian English,male_masculine,fourties,8,3.5,7
common_voice_en_150006.mp3,canada,Are you sure they are not all there?,ee7503c6122386896ecb1da1389849f991573bc8645012c8289c783f7121e0ac,spk_0251,Canadian English,male_masculine,twenties,8,3.26,5
common_voice_en_486712.mp3,canada,This jelly doesn't taste of limes.,8e8cb812f1a32ac00afa8ef4da1ff1dd01f972368dd02da3ead530e44acd3f83,spk_0256,Canadian English,male_masculine,twenties,6,2.26,6
common_voice_en_27679388.mp3,canada,The aim was to meet the needs of increasing local traffic.,b21726e63a74e46443634b74a3760f8bac7cc2a9ef4cbd2f72c707bd5d768ec1,spk_0258,Canadian English,female_feminine,thirties,11,4.68,2
common_voice_en_18471242.mp3,canada,He prefers to hold his trousers up with braces rather than a belt,2f440e7072e07d7ece945240d2826c9fd10b815a4036fd7ea6ecc5e405a6d7bb,spk_0259,Canadian English,male_masculine,twenties,13,5.74,5
common_voice_en_2490753.mp3,canada,Two scorpions were menacing each other with their stings.,9da347540883e7726fdcb34f2c4e1ad49285a2f52e420bb8e0e027b2c0fa4ff5,spk_0295,Canadian English,male_masculine,fifties,9,5.42,5
common_voice_en_694431.mp3,canada,The other bridge was for everyone else.,5bcae12a1b4a4375d6c5332be22d9719e4d0e8c4601b298e530f745e7b9d00ae,spk_0309,Canadian English,male_masculine,twenties,7,3.0,7
common_voice_en_17974302.mp3,canada,Sigmund depicted the occurrence with all its obscene details.,542d68fbdb0a571685417d3521dfda51bdc6191d5cb6e321091d0ed3fbf17e52,spk_0317,Canadian English,male_masculine,twenties,9,4.22,6
common_voice_en_18388439.mp3,canada,You need more evidence than that.,21456f5ef4734abc5d0c87ff5ba8ecdbd8f8a0168cc4e241e0b901db5c0cacbd,spk_0322,Canadian English,male_masculine,twenties,6,2.57,7
common_voice_en_679759.mp3,canada,"""An alchemist,"" said the alchemist.",d4403d4e24649b868056b96effc45eccd80725e11b56e0dc909573870d4dc782,spk_0323,Canadian English,male_masculine,sixties,5,4.22,7
common_voice_en_18026557.mp3,canada,"I'm not hungry, I'm starving.",e4906012d71efac8ee673349f4b233ae2c684460174b42ad277b1c6cfb3d1b30,spk_0325,Canadian English,male_masculine,twenties,5,2.14,8
common_voice_en_18070466.mp3,canada,What is to be done?,eaad21afe73738d4824f2d427d0c8c0dfab7f44802999ec253ed926232182e28,spk_0329,Canadian English,male_masculine,teens,5,2.09,8
common_voice_en_550688.mp3,canada,Programmers like to write code; not words.,15713ba24425c2703d7fc2147194589ee5ad90cbdf452ca72e6607f60e176cee,spk_0334,Canadian English,male_masculine,fourties,7,5.3,4
common_voice_en_18359858.mp3,canada,Mia turned seven today.,b0b7e991f2c04274bc1563fc5dd4ba0f0b040872f1def8b2e55044e10b89d536,spk_0349,Canadian English,,twenties,4,3.5,6
common_voice_en_505016.mp3,canada,That's what alchemists do.,d1e09c45d92602c74a000355b71d6bef8782294dd77dabe0573600d9d30f9754,spk_0361,Canadian English,male_masculine,thirties,4,2.23,7
common_voice_en_358499.mp3,canada,The doctor cured him with these pills.,67ad25eee7a3baa5fed44b76c0f564e0421b4721a3a9a8db47b01a5f4455205a,spk_0365,Canadian English,male_masculine,twenties,7,4.73,5
common_voice_en_633580.mp3,canada,I'll start my first peach harvest later this year.,4d3cf04e70dfd08b03e81c8132cf381ea7e5bc3d1f85ef9ec17c99afdcfb8eb3,spk_0373,Canadian English,male_masculine,twenties,9,3.62,4
common_voice_en_17451291.mp3,canada,"No matter how much he offered, Scott would not accept the deal.",0f275ad700b816ff3e9c1211af4a62e1f9a8a97512ffa174479324fc468b555b,spk_0382,Canadian English,female_feminine,thirties,12,3.62,8
common_voice_en_552944.mp3,canada,The camel driver understood what the boy was saying.,e27f6edb7785b658e0097681a9b9d5d27868c0dc8ff31852d5affc513f3f6971,spk_0383,Canadian English,female_feminine,thirties,9,4.94,7
common_voice_en_485235.mp3,canada,That's what she said the last time.,9205ffc9df63543a8191ea3b0ce201eea452105065fbad4bfc2247d55314dd6d,spk_0386,Canadian English,male_masculine,thirties,7,4.66,6
common_voice_en_17836494.mp3,canada,That's not exactly a widely used piece of software.,4ba9f5934a73c81f9c3a251ce58f8cebad06c4abb99c49b3a6cd381f2f89d757,spk_0390,Canadian English,male_masculine,twenties,9,3.65,7
common_voice_en_17260621.mp3,canada,"I booked a hotel in Bali, Indonesia for this holiday.",6f169b01129eb25d38336e2e0acd6e34,spk_0405,Canadian English,male_masculine,thirties,10,4.42,6
common_voice_en_179638.mp3,canada,He recited an Our Father silently.,403f8c8d587cdf74f7de3d6a33eb8ce2fb93e032ee28756680d38848ef8c006c,spk_0418,Canadian English,male_masculine,twenties,6,3.22,7
common_voice_en_541919.mp3,canada,Because you will never again be able to keep it quiet.,2acb4feea413e31c750a8ec26c6cbbe28b37c698fa80ea827cba8ed6c81925b9,spk_0424,Canadian English,female_feminine,seventies,11,4.82,7
common_voice_en_637938.mp3,canada,My review of the sun: one star.,0126407f34103cd72d511de00e0de327af8f31bf6c4e1a2c65a588e07590bb7b,spk_0426,Canadian English,female_feminine,twenties,7,3.12,7
common_voice_en_18256337.mp3,canada,"No, I have a single mattress and my office floor.",c0994b9d41dbeb20c7c82a9134f2fcbf6a0310a33535593b4a0c97dacc7e30b3,spk_0431,Canadian English,female_feminine,teens,10,4.78,7
common_voice_en_18494953.mp3,canada,Pull the other one!,b0ab880f2f2e9ee1821075ca066b78225e2ad5ae8a62f787bf53e5e5cb711f46,spk_0436,Canadian English,male_masculine,twenties,4,3.19,3
common_voice_en_18301957.mp3,canada,There's no accounting for tastes.,ccbbb0c3a6bbb2ce8cb69245d1308aaa858c5c7ce608f80c55e5090cadd772ae,spk_0444,Canadian English,male_masculine,twenties,5,3.48,8
common_voice_en_514582.mp3,canada,Dense clouds of smoke or dust can be seen through a powerful telescope.,17629260fec2835a5361d88596bb88468362fc2d235416b01a59b436cfb7c3c2,spk_0449,Canadian English,male_masculine,sixties,13,6.14,7
common_voice_en_539379.mp3,canada,Let me comb your hair.,739e9402bf2b8862fabc4ee180685372a8067723f645210a0d295b60182d5be6,spk_0470,Canadian English,male_masculine,fourties,5,2.26,6
common_voice_en_22174730.mp3,canada,"For instance, in a vibrating guitar string, the ends of the string are nodes.",5a7d31be4de7835d094b740e7fb7acfcd75f2ac6bd0f1292d675f8ea2348418b,spk_0471,Canadian English,male_masculine,fourties,14,6.22,2
common_voice_en_511120.mp3,canada,"Among these people were a couple of cyclists, a gardener I employed sometimes, and a girl carrying a baby.",efc5c6e0868be6056a7b5cf5bc139fc7a40552928746ae2efb9b7cbec2bb8c16,spk_0473,Canadian English,male_masculine,twenties,19,6.94,7
common_voice_en_18425794.mp3,canada,"My hobby is genealogy, or family history.",782bcc5e2d09288e403d8bc914bc290585e714475351f04e204ea3cd75806d72,spk_0497,Canadian English,female_feminine,twenties,7,3.72,4
common_voice_en_587859.mp3,canada,Never let the sun set on angry heart.,1a31d708898a02059a1cab29d80d8c0add0761e2c4aafa6eb74d90923b44af14,spk_0501,Canadian English,male_masculine,fourties,8,3.43,7
common_voice_en_155415.mp3,canada,It had told him to dig where his tears fell.,c185ca8aada21dd24b640493ca6f8863778e3c75362e05fad6cd45f46884ed19,spk_0507,Canadian English,female_feminine,twenties,10,3.72,7
common_voice_en_17483418.mp3,canada,"Alice, who the fuck is Bob?",ba0e123aaf74cee7d23a9179f1f9653b49f9985fba2ec30135e43d3446c777e7,spk_0517,Canadian English,male_masculine,twenties,6,3.34,7
common_voice_en_86519.mp3,canada,My mind ran on the possibilities of its content.,73ceb143cef75191967021e960a1e98327e62ced458bfa850d31a41d944ff2a9,spk_0522,Canadian English,male_masculine,fourties,9,3.6,7
common_voice_en_153036.mp3,canada,Be sure to set that lamp firmly in the hole.,5b9a968daf2861f68c4a57101520e0e43c77f8a37a53b38c0c364876d0192cbc,spk_0528,Canadian English,male_masculine,twenties,10,3.02,7
common_voice_en_165072.mp3,canada,"As they moved along, the boy tried to listen to his heart.",5e892f4ff6346c235ea95fdd93e633cc1a143d53a20bb2726690315a398ede81,spk_0533,Canadian English,male_masculine,twenties,12,4.2,7
common_voice_en_15737966.mp3,canada,"I didn't find the blow-dryer, so I just used the vacuum-cleaner.",d5f867d87a06db9e8c35f7a37690d9739982ad6d91bf39598bea70f08960d492,spk_0539,Canadian English,male_masculine,thirties,11,4.7,7
common_voice_en_595760.mp3,canada,"Well, that's all right.",220829c78c11d518ff1016d0fd86a1f20515989da0405bb9ded6f72e20ff436e,spk_0543,Canadian English,male_masculine,teens,4,3.36,6
common_voice_en_608303.mp3,canada,The greatest authority on meteorites stated that the height of its first appearance was about ninety or one hundred miles.,b7b7c6c8cb8fc37a20ed756962026e8b52831725c145a8726a24b4711defed27,spk_0549,Canadian English,male_masculine,fifties,20,8.86,7
common_voice_en_18090741.mp3,canada,The longest way round is the sweetest way home.,c904fac1f829798aae8ee5354a1556f9369ca36b465340e52c7664e830d35928,spk_0558,Canadian English,male_masculine,thirties,9,4.82,6
common_voice_en_90542.mp3,canada,The boy said nothing.,c690c5a2a79fdf3e7e26e9605fe1907a8d5f6cecfbcbd214c325bdb3bc067063,spk_0560,Canadian English,female_feminine,thirties,4,2.14,7
common_voice_en_18192146.mp3,canada,But you are joking.,e76cde88378846ae235824f8792c6ed4af784ec2aa8d8f70cb4a3d57f069e7a8,spk_0561,Canadian English,male_masculine,thirties,4,3.38,7
common_voice_en_92645.mp3,canada,"The boy smiled, and continued digging.",639932d7911970d4d867fa53804892acd9a43e3c94a9dbc1074e15286723489d,spk_0565,Canadian English,male_masculine,eighties,6,4.9,7
common_voice_en_9443.mp3,canada,"""Because my eyes are not yet accustomed to the desert,"" the boy said.",3840547073acb61a012c0d123e25841d7b9251f2ae0f0d09b9a0e0666805b8ee,spk_0575,Canadian English,male_masculine,twenties,13,4.68,5
common_voice_en_17247957.mp3,canada,"If you want a sandwich, don't hesitate grabbing one.",a68f2ee2bf8f2e0184c0e19fa50369cd036588552d29bdd863117b8e063ee41d,spk_0582,Canadian English,female_feminine,fourties,9,4.03,6
common_voice_en_17247863.mp3,canada,"Salmon is one of the most popular fish and very delicious, though usually not sustainable.",005dea64ca3cc2d281a78e15a7d45d90b7f2b41f6f3db163e9dca90b572c7dc4,spk_0583,Canadian English,female_feminine,fourties,15,5.86,6
common_voice_en_211109.mp3,canada,I'll stop him cold.,ec902c5496f9e96b191625bfb38fd6efeebd5a3046c8ae142b73d013fb7251b5,spk_0588,Canadian English,male_masculine,sixties,4,3.77,5
common_voice_en_571829.mp3,canada,This statement is completely false.,d15f1e30bbd05c07461d11ac4192a9393a8aa82a00571cdbf3db8e6d46acc7fd,spk_0603,Canadian English,female_feminine,twenties,5,4.18,5
common_voice_en_97556.mp3,canada,Your behavior is embarrassing; go learn the art of social intercourse!,b8f55f373a9ced12c2870732e865c2700383c0959e86fb0563f27a6f2b8e4017,spk_0606,Canadian English,female_feminine,thirties,11,3.36,6
common_voice_en_474147.mp3,canada,This biscuit is yummy.,bce24a99aa7ff3f4692468e985e36c293a898d7b755b7bfe5fd84485e4711921,spk_0610,Canadian English,male_masculine,thirties,4,3.58,5
common_voice_en_17249364.mp3,canada,"""Another reason why Apple is superior to Microsoft"", the troll posted and grabbed some popcorn for the subsequent flame war.",8d2b3e235f90b9161a8c3fa2fc86c8516d106400570d12805bc94b7ca5cd600c,spk_0612,Canadian English,male_masculine,twenties,20,7.9,6
common_voice_en_17981600.mp3,canada,"Don't believe the lies they are telling you, invent your own instead.",b672f8ddba3c8a697a683642b515c7ff9f1b66e4c8816eb36a6f58ccb81c63ef,spk_0620,Canadian English,male_masculine,twenties,12,5.86,7
common_voice_en_590267.mp3,canada,The international space station is an awesome project.,9740402265e76a7fc80dfc1d9e9c5a2d3179af6a6e72230849c06832148b8f6c,spk_0631,Canadian English,female_feminine,thirties,8,7.34,5
common_voice_en_17554106.mp3,canada,Do you know me?,b5b69a172f9ab7c4b432758dbc50a2e3b108686788c00e7fa70b253bb8489640,spk_0644,Canadian English,male_masculine,,4,2.28,7
common_voice_en_17834498.mp3,canada,Do you understand that?,1138f030349920eda8eba067dec6708878f19a7019c3a601788e2b9a275c54e6,spk_0651,Canadian English,male_masculine,teens,4,2.54,7
common_voice_en_563052.mp3,canada,"Down below in the darkness were hundreds of people, sleeping in peace.",693d95062107dfb9b7b73ecf551b89dc9c8e4b5388775b44742a02f72883a104,spk_0656,Canadian English,male_masculine,twenties,12,5.78,7
common_voice_en_186211.mp3,canada,I SHALL MAKE US SOME ICE CUBES.,0f6dc3736b36defa01fe539f2615f859dd332146153361b1bebc690e5b2499b6,spk_0669,Canadian English,female_feminine,twenties,7,2.95,7
common_voice_en_18233844.mp3,canada,Kathleen pulled her phone out of her pocket.,55069ae44bb46933b252acbfb552c8e7115353dbaf9fc19b5350eabe6eaf9a00,spk_0680,Canadian English,male_masculine,twenties,8,3.26,5
common_voice_en_539065.mp3,canada,Pizza is an italian classic.,fb811973bb7d3672cdaeb9cbfa4c22c9a835cf9b70bf7bdd0eb8235d551890ae,spk_0688,Canadian English,male_masculine,twenties,5,3.58,6
common_voice_en_101380.mp3,canada,"When the sun sets, the men will once again surrender their arms to me.",050d7343fd41df139360eac2ffb2d0d362e36c4f76ef119cbc839ba3aacc18e6,spk_0702,Canadian English,female_feminine,sixties,14,6.74,7
common_voice_en_600882.mp3,canada,I wish to see her.,8599e6532123d360ed02ae01cca7d780d5727c315266711910450131808fcb5b,spk_0714,Canadian English,male_masculine,fourties,5,2.88,6
common_voice_en_17645455.mp3,canada,"Ladies and gentlemen, this wagon is going to be detached.",8adb62562eec1b28ccaee9522e04be4961f47b0d112d4c04eb99840f1394e18b,spk_0729,Canadian English,male_masculine,thirties,10,3.17,8
common_voice_en_18141584.mp3,canada,Is there anything I can do for you?,f89fa371401cb36c9a6bbc9d70c813fed7e33c041b553c98ff72d3219fee6c0c,spk_0743,Canadian English,male_masculine,thirties,8,3.38,8
common_voice_en_484690.mp3,canada,Now his intuition was that he had been right in coming.,177e375cb73da1ec1c096c5a1c1d107ad54a35bb919c4eb9ae18d5ebc5b37914,spk_0746,Canadian English,male_masculine,teens,11,7.37,6
common_voice_en_25353615.mp3,canada,It also borders Belarus to the east.,90c7e814a880f507ed544d53e2e899d85e9926c79d379e234d41631e86972ce5,spk_0755,Canadian English,male_masculine,twenties,7,3.49,2
common_voice_en_17283479.mp3,canada,"It's a long way to Tipperary, it's a long way to go!",c68a157c7d5eba684ec1f4f435f58c8b,spk_0760,Canadian English,female_feminine,twenties,12,4.85,6
common_voice_en_557638.mp3,canada,I had that five thousand bucks sewed up!,c047bcf576f3386f248b0833a4223d5edad7c0654f3efb95dffcaa08a54bb7d2,spk_0778,Canadian English,male_masculine,thirties,8,2.38,6
common_voice_en_18645642.mp3,canada,How do you find them?,d24c32b2ef015045ff0bfd0e93daa3a75908634993f4bcf8aaeefa94c7797da8,spk_0786,Canadian English,male_masculine,thirties,5,3.65,3
common_voice_en_577110.mp3,canada,"Revenge is not my style, but obviously accidents will happen.",2e1bdbd9babc1eaf56f7f1c3fa59cba71b92f86299c3b6568559abab303df76a,spk_0787,Canadian English,female_feminine,twenties,10,5.06,7
common_voice_en_1531516.mp3,canada,The chocolate bar looked so tempting that Lenna just couldn't abstain from it.,756147d3d8b0cf929f80ad6a12d8b2844002fae26129133ad147d51692f59091,spk_0805,Canadian English,male_masculine,teens,13,6.14,6
common_voice_en_661292.mp3,canada,"But when the reign of Tiberius ended, his poems were forgotten.",e605a2c7db1289a92dfc3df2941ca90d5c5b5db5ed0852ec357f5b39f0988278,spk_0823,Canadian English,male_masculine,twenties,11,6.12,7
common_voice_en_378789.mp3,canada,He really needs to cut down on the donuts and watch his waistline.,d6a13455964403a84fb2797fb5540d5f3a4e96af8cbba67a2881f4bc055db4b4,spk_0826,Canadian English,male_masculine,thirties,13,4.54,6
common_voice_en_214604.mp3,canada,I was disappointed at this inanimate bulk.,5818e1a7b5974a81d93ce53dbfb2f4a5b88dd251c932c72fee1b51353b5b4665,spk_0834,Canadian English,male_masculine,thirties,7,3.14,7
common_voice_en_619911.mp3,canada,My aunt used to be in the business as well.,0ea32d09e6b762b55432ee53895caa643d078528040a1f9967bfeb08b2c53217,spk_0838,Canadian English,male_masculine,twenties,10,4.2,5
common_voice_en_658476.mp3,canada,"People talk a lot about omens, thought the shepherd.",889592acaab840ca49e995d88ef2531d6db4975e7d053512ec1cf66f380e9f1c,spk_0852,Canadian English,male_masculine,twenties,9,3.5,7
common_voice_en_554331.mp3,canada,"""Don't know,"" was the reply.",cadf55ac6ca2325d55422d444812fd720def9d217258878d606ecd28d5318c9b,spk_0854,Canadian English,male_masculine,teens,5,3.38,7
common_voice_en_508297.mp3,canada,Go and never look back.,46b5ae2e793e3c1e9858d846b8ede4c435d7b14ec885eddd36947837193407e4,spk_0860,Canadian English,male_masculine,fourties,5,2.78,4
common_voice_en_17854257.mp3,canada,This time we know it is correct.,324941a2367d9b459a068f2beb6dc8b6ba14fb4d562a9bd25a691b06afd675b9,spk_0891,Canadian English,male_masculine,thirties,7,5.59,7
common_voice_en_645598.mp3,canada,"It was sprayed in red, with yellow edges.",43cad5d01e9b2a06e24ff8ce8a2f30a8dc239514030956cd0e09f90444198c5b,spk_0897,Canadian English,female_feminine,sixties,8,4.85,7
common_voice_en_132275.mp3,canada,It seemed to him that it fell to earth about one hundred miles east of here.,e6f6cd0374f5236f15d55671f6c9b89485754f5d3323ef1d86f7cfe942c992e6,spk_0898,Canadian English,female_feminine,fifties,16,5.28,7
common_voice_en_10429.mp3,canada,This morning I found a calculator taped to my Wii.,26719e4744a95c20a1ee82ee7d04c22d747a9dbf2b6f22b18f4b0ba21bdea81e,spk_0900,Canadian English,male_masculine,fifties,10,4.66,5
common_voice_en_18394534.mp3,canada,The Beatles were a famous English rock band.,0f541c52c1975887e7c03b605f8e4416f02774eef76fdb864699565170471acb,spk_0901,Canadian English,female_feminine,twenties,8,3.53,7
common_voice_en_17561784.mp3,canada,Does this mean he will go to jail?,7ec25cfa7ebb1803f762090c27a089fee6166c1d561e4f47b50a4921f12c9a87,spk_0904,Canadian English,male_masculine,thirties,8,2.38,7
common_voice_en_17819203.mp3,canada,A lame back kept his score low.,2c145ead2c6fa7469877fa8546b966d36f8f8a6bde17efe4309161660b611b57,spk_0911,Canadian English,male_masculine,thirties,7,3.6,7
common_voice_en_17384644.mp3,canada,"I promise, I will be careful!",98107ffeec650271e9b30c425e55e63ef1cfb82e001f9c62e2f099e54eb9710b,spk_0929,Canadian English,male_masculine,thirties,6,3.14,8
common_voice_en_179722.mp3,canada,The boy awoke as the sun rose.,e8979934162b0e1e5e1312b1b4b16ddc6ce28187142c156b3480833e537e8fe8,spk_0943,Canadian English,male_masculine,fourties,7,3.02,7
common_voice_en_482725.mp3,canada,"Although everything should be under the state's control, there is a lot of violence in prisons.",3d88ca44a68b5e6cecb1e0ba017c0f551735568487ca098746f33cb0778ffb86,spk_0949,Canadian English,male_masculine,teens,16,4.3,7
common_voice_en_18601189.mp3,canada,A thousand thanks for the permission.,36f1d108cad6c79f2ae2a844c1eff495bb9977debb408461f9723b0f1f825f2a,spk_0950,Canadian English,male_masculine,thirties,6,2.47,3
common_voice_en_26951747.mp3,canada,His education was completed by a nine-month-long trip to France and England.,9ca3e6465f6a464bd102771442fa493c70a0a7c9630e9f4b73370e770a2d39db,spk_0957,Canadian English,,,12,5.76,3
common_voice_en_27641702.mp3,canada,Thus the thermodynamic state would range over a three-dimensional state space.,b0d799ed1b505a4b4c48dabc36a2d88d772c7e761f94d60e6cf0c83f63073207,spk_0972,Canadian English,male_masculine,twenties,11,6.05,3
common_voice_en_554724.mp3,canada,I thought you were going to teach me some of the things you know.,2bb4c47532710dc167c1e521530111b8096cb0bb159ed1c66ff79ebfed680cbb,spk_0992,Canadian English,female_feminine,fifties,14,7.25,7
common_voice_en_578143.mp3,canada,The whole thing seemed depressingly futile.,89225d78ab4cc74478ff9d4313354c631ae44a1be9d93d1f30cbed87df09d0c7,spk_1011,Canadian English,male_masculine,thirties,6,3.43,6
common_voice_en_167078.mp3,canada,The Englishman was disappointed.,cd6ffdd1c091faa5a6e19297c17f9ab047560ad486532f83ab417a8cfd04234b,spk_1013,Canadian English,male_masculine,teens,4,2.66,7
common_voice_en_143210.mp3,canada,See you in the funny papers.,8c92f946c811627a9bdd4196a208b3b26537beb4b0738a9d10e282416b4df37c,spk_1016,Canadian English,male_masculine,twenties,6,2.42,6
common_voice_en_18373198.mp3,canada,Have you seen Hollie?,81d48a4077dd0d7aaf784656d05aafe71e802fbd978dbc683ca137e929165693,spk_1017,Canadian English,female_feminine,twenties,4,2.76,8
common_voice_en_18457689.mp3,canada,Do you still remember your old account's password?,03a2163edbc8f65ed3efd58364352df4e2fd8d993697ff744d751c76d92cbea6,spk_1019,Canadian English,female_feminine,twenties,8,4.42,8
common_voice_en_17298604.mp3,canada,"The python wasn't a snake, it was a programming language.",c59e0d18a702d659247fee8094d2131af7f5021df4ae8a47532395a344f87977,spk_1021,Canadian English,male_masculine,twenties,10,8.38,7
common_voice_en_644841.mp3,canada,You can create bookmarks in you web browser to make browsing more convenient.,15d98fdf31777fb04591285b7553a737936399c5d8e5fac3f21331f4ce3e72ad,spk_1026,Canadian English,male_masculine,twenties,13,3.48,7
common_voice_en_43103.mp3,canada,This moisturising cream is fantastic.,8394617ca048b606f2ed045dd954ff00326c32af3c1516ce154c2f26dec28895,spk_1027,Canadian English,male_masculine,twenties,5,3.7,6
common_voice_en_123943.mp3,canada,She refilled her vessel and left.,04a7efb93f4b1ae286c87f09b512a851754ac8498c558272174dd18ecf59b3a1,spk_1029,Canadian English,male_masculine,twenties,6,3.74,7
common_voice_en_101802.mp3,canada,The night was warm and I was thirsty.,46a9951ca69adeac5441ff15330f4bb2208d54e9cdbe64c94655d4971b47ffbe,spk_1030,Canadian English,female_feminine,thirties,8,3.96,7
common_voice_en_619369.mp3,canada,"There were raised voices,and some sort of struggle appeared to be going on. .",65b2e488b007187a974e6f7f36182e76a5c82d1a8c2fade06da66dee5c20e446,spk_1041,Canadian English,male_masculine,thirties,14,5.66,7
common_voice_en_563781.mp3,canada,The library is open to everyone.,318c5f522ff95154c3f50fc72dca4a6bf7613cf29f590d02c5fbca3a3b6c8771,spk_1042,Canadian English,male_masculine,twenties,6,3.91,6
common_voice_en_612201.mp3,canada,Only you expected it to be like other marriages.,74f0968357bd0abd1f53194693acb3bf8f9d78fef1c1294d4b197b120346d48f,spk_1048,Canadian English,male_masculine,twenties,9,4.44,6
common_voice_en_17831796.mp3,canada,Council of the empire.,9ecfd1d87f4faea052371b481e8bae0509e726923f44ed836265897f817e92d0,spk_1054,Canadian English,male_masculine,twenties,4,2.33,7
common_voice_en_634585.mp3,canada,It's called the principle of favorability.,9c02188486a44d9b1406f5f04ac4fd45f49533c3f62e9ffd3df30fe1294d0483,spk_1057,Canadian English,male_masculine,thirties,6,3.46,7
common_voice_en_679655.mp3,canada,Spotted dick is a classic British pudding.,57d903f5ec0c10ef9ac2151f9094c48b44654c19d5da89e6a7b843a7026aa1b3,spk_1060,Canadian English,male_masculine,thirties,7,3.38,6
common_voice_en_17654732.mp3,canada,"She's sitting there on a pillow, wearing only pants and bra.",2551f837caf9c334e5dca6893cd55ee772510019a536ce50d393e2a6abb34311,spk_1063,Canadian English,male_masculine,twenties,11,3.7,8
common_voice_en_18345205.mp3,canada,"Well, I can guess how that turned out.",446592a54222df4a967e34ab30f2bd5b0798c42985bb9bc9a68dac4278811d0a,spk_1073,Canadian English,male_masculine,thirties,8,5.02,6
common_voice_en_190869.mp3,canada,All I know is this should be there.,590e596f71efb9fb4184689f212c5718aa44d2d3fee03c56e63d0566ed77da52,spk_1087,Canadian English,male_masculine,seventies,8,2.06,6
common_voice_en_17280135.mp3,canada,Can you come pick me up at the office?,787bcf05c614b65c45b34218c287891f,spk_1089,Canadian English,male_masculine,fifties,9,6.79,6
common_voice_en_262976.mp3,canada,What a dreadful rash you have on your legs!,66a3450c06dd1cfc3267429fc6d2e388a8ba64d9ca7310e0564af9d2fba42e24,spk_1091,Canadian English,male_masculine,thirties,9,3.86,7
common_voice_en_574883.mp3,canada,Do as I say not as I do.,2b3810c309012de1d2a083ced5ddd52dead5760749b46d4a6b8d366966f58fe1,spk_1104,Canadian English,male_masculine,fourties,8,4.22,6
common_voice_en_642460.mp3,canada,Don't you know that girl's very sick?,6f5780b5ea319abe9a4b5d129dac03d7868a15459ffdf267488fd2c9845594a0,spk_1109,Canadian English,male_masculine,twenties,7,2.83,6
common_voice_en_18388941.mp3,canada,Ryan knows how to swim.,b340fc3d8802c95d60b4dbd1a90947b88535814c0d3ad4ab92c077405c8742fb,spk_1110,Canadian English,male_masculine,fifties,5,2.88,5
common_voice_en_18378982.mp3,canada,"Great, can you show them to me?",876c288390f11108d78393f852aa0c34a3784156d5ee3cf4e689e7ed933c12fd,spk_1117,Canadian English,male_masculine,twenties,7,3.74,7
common_voice_en_32828.mp3,canada,We can describe the object's movement with a differential equation of second order.,f86383a17058b61cf1452e83dd17c2df5decebfb979c8195e1051ffca63bd796,spk_1121,Canadian English,male_masculine,thirties,13,6.6,6
common_voice_en_85901.mp3,canada,I don't know where to go.,dc671175e68ddd264ced2dab381d01e769168cb16f3e6e065b59f266d7a51375,spk_1124,Canadian English,male_masculine,thirties,6,2.64,5
common_voice_en_641701.mp3,canada,"""I have had the same dream twice,"" he said.",28b439c10eb1f2caf89b088cb3e50fdc57aa25f04548aa25ed7b657d9caed8c3,spk_1132,Canadian English,male_masculine,sixties,9,4.82,7
common_voice_en_41390.mp3,canada,We tried to replace the coin but failed.,88be967cbb520b5eeb881c2987927cdb0dc60bd10c47a77da2c8ce39a64fd3ef,spk_1139,Canadian English,male_masculine,thirties,8,3.24,6
common_voice_en_72729.mp3,canada,I'd add a separate subsection which deals with this aspect.,d2070f26c232eb0d146a7f05b65db63e35ed3e72b54ce87d7e76f6344b7dac5c,spk_1152,Canadian English,male_masculine,twenties,10,4.25,7
common_voice_en_17402414.mp3,canada,"If you release the clutch too quickly, the engine will stall.",4e3d6f8c849a4e64092d2f51c6910fd7031a8657e640882b99a12c7c1bb68744,spk_1154,Canadian English,male_masculine,thirties,11,4.46,7
common_voice_en_47414.mp3,canada,I've had a dozen calls already.,c75beb82c9630660c90b339a0565c6487eabac923de9cc7fad298a912290435d,spk_1156,Canadian English,male_masculine,twenties,6,3.7,5
common_voice_en_18369914.mp3,canada,"Hey look, a flying pig!",7e08352873cf61f1b8387baa801a02f02b84c4aee19388fefe383aceb546e962,spk_1157,Canadian English,male_masculine,twenties,5,4.42,7
common_voice_en_18660573.mp3,canada,Lack of growth is an indicator of stagnation.,2f88ba2f8968242b00f15a476a1729d7ae54f9d989dde9fe0f419b5dc0b79a40,spk_1165,Canadian English,male_masculine,twenties,8,4.32,3
common_voice_en_65568.mp3,canada,"I pointed out Mars, a bright dot of light.",440213073d379c888c504faa4f3e1348365c7b4be74923763cdeac9d2a201757,spk_1166,Canadian English,male_masculine,thirties,9,3.86,7
common_voice_en_17395804.mp3,canada,"Yeah, I was in a wheel chair for months.",fc16416b3aab0a0244f1e12ebacd63e6f6fd858b6903944f06ad0807e95da4c4,spk_1185,Canadian English,male_masculine,thirties,9,3.1,7
common_voice_en_128384.mp3,canada,"Yet, it was a little too large for assurance.",8a3e835cfd4d51f180dd9c10091977f99e31890a2467f5c0244824437452a0a2,spk_1199,Canadian English,male_masculine,thirties,9,4.1,7
common_voice_en_17282181.mp3,canada,"A group of people, one of them with a guitar, were sitting by the campfire and singing songs.",f91c3b95d409e0d90a3a3ae48db69a12,spk_1203,Canadian English,male_masculine,thirties,18,6.65,6
common_voice_en_187773.mp3,canada,But that was simply because my eye was tired.,dd26f93c2701750c6d3fd3f49bf7276781f7d663e8c0bc0a4fdf315a99a07874,spk_1204,Canadian English,female_feminine,teens,9,3.5,7
common_voice_en_100718.mp3,canada,The birthday party was a surprise.,71f0fb31e14d0923737cc61a526a936569d0df5aab1656842ccab503d6d70b18,spk_1227,Canadian English,male_masculine,twenties,6,3.05,6
common_voice_en_542519.mp3,canada,"One night, the father had a dream.",5c6b166b5aaa104c4d4c4d5530d51a964065f360cc8bddbbdd46391962fc009d,spk_1230,Canadian English,male_masculine,,7,2.06,7
common_voice_en_17245856.mp3,canada,Does that imply I can no longer play badminton?,97c7ac826926afc7de642c3c700818ebdc7f769ee43dce06e5fc3177ce5c67cb,spk_1237,Canadian English,male_masculine,fourties,9,5.78,7
common_voice_en_18175975.mp3,canada,"Letting himself out of the house, he breathed a sigh of relief.",d4cc85f99ca1f9cf1ebbcdf3b3858e1b66ff49fc55b26d69fb5c0f9f6422c76f,spk_1250,Canadian English,male_masculine,sixties,12,5.71,7
common_voice_en_534356.mp3,canada,All who went there were happy at having done so.,35f3bef7075d777608380d8022dd2d67706c06c1236465d5b9a5c8f2da7a2605,spk_1258,Canadian English,female_feminine,sixties,10,6.6,7
common_voice_en_654273.mp3,canada,It's no miracle because I see it happen once every year.,d78cb10101d098590857ae303f7c34c8f8842d6c052de52c833f0e8a7c3e85a6,spk_1259,Canadian English,male_masculine,fourties,11,4.18,5
common_voice_en_17147312.mp3,canada,Do unto others as you would have them do to you.,164d56c318bbae35b7b1589291d1b744298dc480ed075011c7d82317873fc18b,spk_1269,Canadian English,male_masculine,sixties,11,4.44,7
common_voice_en_27068.mp3,canada,"Then, you taught me something of the universal language and the Soul of the World.",ae87ad3bcfe4ed0dc90b4033e55c2ef30e811d0251224504daf85083eb82875b,spk_1271,Canadian English,male_masculine,sixties,15,5.78,7
common_voice_en_18138775.mp3,canada,Let's postpone the maiden trip.,5786ab65270e4d5091fa37d922db99142657da2c3fa97b316cb82bfe9dfe036b,spk_1278,Canadian English,female_feminine,twenties,5,4.94,5
common_voice_en_565260.mp3,canada,How'd you get in here?,385d59686096ca1a1e4deb9ff06848b3fb6658397194be19c232629be3339197,spk_1303,Canadian English,male_masculine,twenties,5,2.26,6
common_voice_en_17288792.mp3,canada,What are you going to do with me?,9b7eaa83da5162a8513f94df2c04457f,spk_1305,Canadian English,male_masculine,teens,8,2.66,5
common_voice_en_196312.mp3,canada,The serpent relaxed immediately.,4071d26ff627ce587bab686ab25e883d1fa8479692702e7ab17b3c8930882852,spk_1313,Canadian English,male_masculine,twenties,4,3.26,7
common_voice_en_85539.mp3,canada,There will be no cock crow over that,53fe08eb82e4a5144cbe85e611387fbb70471015cfa0181b331126cadb54d565,spk_1330,Canadian English,male_masculine,fifties,8,4.82,4
common_voice_en_648334.mp3,canada,I wish they were rabbits.,b2b0a06360a7cb5eea9dc945fb58594eae7fb9fe00f07892b883e0c0815e9104,spk_1333,Canadian English,female_feminine,twenties,5,3.62,5
common_voice_en_152812.mp3,canada,"But he kept quiet, because he had heard what the alchemist said to the monk.",a4104599633e09610f0da731581d5a9ddb5138718e9865960be99d341c9d643d,spk_1341,Canadian English,female_feminine,,15,4.85,7
common_voice_en_18619379.mp3,canada,The contestant sustained an injury and will not be playing today.,8b8f68514ed59759a3c0e308801f52de2fb54c737732147df46b61d33ed82b9e,spk_1343,Canadian English,male_masculine,fourties,11,3.82,3
common_voice_en_17294271.mp3,canada,"Sometimes, I experience so much pain that I cannot sleep at night.",38c2eecd86127cb571a96de4f242081493e67ea46ae17ad329398fab03cab96a,spk_1355,Canadian English,female_feminine,thirties,12,5.59,7
common_voice_en_18228415.mp3,canada,Did you check your laser?,dd62bd1ddc7c0762d5811992b680aebd8e664761a923906855e5c548231f98bd,spk_1356,Canadian English,male_masculine,thirties,5,2.18,8
common_voice_en_18365098.mp3,canada,The foot of the owner is the best manure for his land.,20ab53083317686e5e7c7627d0c7a48f9b0ccbf343c956d148ac7402171ef881,spk_1358,Canadian English,male_masculine,twenties,12,4.46,7
common_voice_en_543775.mp3,canada,Parents should look out for correct grammar and pronunciation when speaking to their children.,3eb4dfc8b788ee34a13baa26e27a54a0d9229bf09ba92902b1dfc01d69299f7b,spk_1362,Canadian English,male_masculine,twenties,14,8.42,5
common_voice_en_18130946.mp3,canada,The paper box is full of thumb tacks.,a7be6cafb45dc1ab099a5c458b3e72f89a37225166b88d30f91c2bc36c41a630,spk_1369,Canadian English,female_feminine,fifties,8,3.22,5
common_voice_en_17366732.mp3,canada,"Come on Betty, let's go for a drink and sink a few.",343d743c24f783437ed5e4ae172d7e34d2c057c4e6a67bd4fcc6ece62a104d73,spk_1372,Canadian English,female_feminine,twenties,12,4.32,7
common_voice_en_15734912.mp3,canada,It weighs five kilograms.,db19859d27833ac88f97917b0a3414348b1ccc802bbe9b5bf2082d8082512a33,spk_1388,Canadian English,male_masculine,teens,4,2.59,7
common_voice_en_195620.mp3,canada,"Then he dropped his spade, picked up his jacket, and came out into the road.",2b2d5f09de608c6f90d1986563f836e819575367b26ecf46f7aacddc4ee5d1cc,spk_1390,Canadian English,female_feminine,fourties,15,5.09,7
common_voice_en_211116.mp3,canada,What do you do when you work?,780f0838b3d13888851f83c0a11daa3d4304191af5de001262e2bb01b2a11b36,spk_1391,Canadian English,male_masculine,thirties,7,2.14,6
common_voice_en_18363772.mp3,canada,"That is one possibility, but we would both prefer it did not happen.",7e12b6c10a5b7fe745797187c30b3d3e5b1cd8d6271111bf6033730360b9582f,spk_1398,Canadian English,male_masculine,thirties,13,7.18,7
common_voice_en_4465760.mp3,canada,The wall phone rang loud and often.,823a4ee327338a08926af14b5a530c415c00b6a064b56f692d4175937b5671bf,spk_1415,Canadian English,female_feminine,fifties,7,5.4,5
common_voice_en_17736841.mp3,canada,Might others within your organisation have some inkling as to their desires?,57ae5fea3eaf40794087045a134fad8918556b8943ecd1084d4a79631682f7ab,spk_1425,Canadian English,,,12,5.9,5
common_voice_en_606972.mp3,canada,It doesn't have to rhyme!,095e083d24d3809244452e1ac8eeb4fe0d487dd29b22ec56d18bd3a1200d4898,spk_1433,Canadian English,male_masculine,teens,5,2.35,6
common_voice_en_17389205.mp3,canada,"Oh okay, I see.",6203cbb40ff49b3b9e6908e181f2a526a68e911ad2cd98b58bc437b9f022c38c,spk_1435,Canadian English,male_masculine,thirties,4,3.02,7
common_voice_en_492298.mp3,canada,The irregular pattern comes from the pseudorandomness of the function.,0a3efb43b5ba1e2c59aac6b30c0eab4a30faef5fe2fef4dd098ec6b5b7792a9a,spk_1449,Canadian English,male_masculine,twenties,10,4.44,5
common_voice_en_635007.mp3,canada,The end of the cylinder was still as Ogilvy and Henderson had left it.,2b8be411397e45b623e13d97cd5fefd70250e95c471a3091934ef2f6f49c0e43,spk_1457,Canadian English,female_feminine,thirties,14,6.14,7
common_voice_en_52851.mp3,canada,"When I have read a million of these sentences, I am going to apply as a professional narrator.",df79f4690ed1ed0c74378db82e8fde8bf79c4155d19c66a4f83815aa518aebf6,spk_1460,Canadian English,female_feminine,twenties,18,6.17,7
common_voice_en_17288388.mp3,canada,"Paper is scarce, so write with much care.",7404e7e539b42c3c4da5a0e6e68ef29c,spk_1475,Canadian English,male_masculine,fourties,8,3.74,6
common_voice_en_90118.mp3,canada,The guy thought he was a lunatic at large and made an unsuccessful attempt to stop him.,bd2bed4ff2236f46d2dfe8f2b347f51807ae9655d4978e56aef7ddda67e55186,spk_1476,Canadian English,male_masculine,twenties,17,5.35,7
common_voice_en_180551.mp3,canada,"If she said “Jump,” he would ask “How high?”",0e4cfc3fd491a9626ced2932dd84f68f36a613eddaaa17302a0698198787f8f3,spk_1490,Canadian English,male_masculine,twenties,9,4.7,4
common_voice_en_17571216.mp3,canada,"Bananas contain a lot of sugar, even though they are fruits.",4f9d85329192361d93469621282f67b68e7f450866bd2c73f1fc854b289e1d56,spk_1525,Canadian English,female_feminine,twenties,11,4.34,7
common_voice_en_651663.mp3,canada,It may be the gases of the firing that caused the Martians inconvenience.,c446b5903aa0780f41c2de996916b83805e01ead4c96d099f367ff6d7d21d450,spk_1535,Canadian English,male_masculine,fifties,13,5.52,7
common_voice_en_1479223.mp3,canada,I love spicy food!,ec61ef4e38043aefc3d286a5f6862aa6af81c530595fda391a2d91a3e95839d8,spk_1544,Canadian English,female_feminine,thirties,4,2.71,7
common_voice_en_489968.mp3,canada,I only interpret dreams.,8b4ad404215f0bb48c266b5685bd78d4ae7e22d8e4a62d953eff3fed647ed484,spk_1553,Canadian English,male_masculine,thirties,4,3.43,7
common_voice_en_17256064.mp3,canada,Where are you going?,ac20321959c38b21e7c5908cd0670249,spk_1555,Canadian English,male_masculine,twenties,4,3.7,6
common_voice_en_107314.mp3,canada,"""You gave them everything I had!"" the boy said.",6c935d6661c9e2c759572514ff5dc5fa37a186d62921e07ae896ee6f7b793c13,spk_1560,Canadian English,male_masculine,sixties,9,4.58,7
common_voice_en_586622.mp3,canada,The turf and gravel around it seemed charred as if by a sudden explosion.,a9b943abe9e0605ab6d8a070a8febd4b3937129b7a373d59b709f73d45687ea4,spk_1568,Canadian English,female_feminine,fourties,14,6.89,7
common_voice_en_218983.mp3,canada,Vanessa cannot undo her mistake.,99796091e182e4b4c989075e5e3c5ace14404c28bcf8e79bd3ab07568f729b89,spk_1574,Canadian English,male_masculine,fourties,5,3.14,7
common_voice_en_672709.mp3,canada,No doubt about the way the wind blows.,44d547fd7e5d7a776bf2dff80f44bb44789b54228cd5a3d398f77d8eafebc241,spk_1578,Canadian English,male_masculine,thirties,8,2.54,6
common_voice_en_22030707.mp3,canada,"The following year, his wife died after giving birth to his daughter, Olga.",57ce7304ace7ef7f1fcf62e40c7218be10263e3710b08cec3e0442c64f11e5bc,spk_1593,Canadian English,female_feminine,sixties,13,7.22,3
common_voice_en_444289.mp3,canada,"I've really started to appreciate Imperial measurements, you could say I'm a convert.",82b02748527ec3936d3242423762acd004e206eafe7b61d9a43548f29d2efc08,spk_1594,Canadian English,male_masculine,twenties,13,8.18,6
common_voice_en_17878421.mp3,canada,All is not gold that glitters.,21ec66371ec4d52a4c460de8b2859816390f346694405ed281174c16562252b7,spk_1601,Canadian English,,,6,3.14,6
common_voice_en_17391403.mp3,canada,What is the weather in Brazil during the summer?,b3e343e59ca9cddec4bbe221547ba1d8f0bfe2c18a8c487e6736288fdc509c7b,spk_1602,Canadian English,male_masculine,thirties,9,3.7,7
common_voice_en_19783357.mp3,canada,The medication should also be kept out of reach of children.,246edd9941675f494e1b73fbff88f810046bd24e6becf9ce6b02f7786e24611e,spk_1604,Canadian English,male_masculine,seventies,11,4.32,2
common_voice_en_15903670.mp3,canada,Net neutrality preserves the weird and wonderfulness of the Internet.,3e3aef3190c56c9862957f331e388caeb21ad60ccb60ea44e480d292b4675abb,spk_1624,Canadian English,male_masculine,thirties,10,4.27,6
common_voice_en_694789.mp3,canada,"It was, however, still so hot from its flight through the air.",09f6c9f70aecc185ab35254966cbf8ef1b5ecf4bad9c33d36efc72beeff46030,spk_1628,Canadian English,female_feminine,twenties,12,6.31,7
common_voice_en_17255805.mp3,canada,What shall we do?,42b8c3a7c518730574ee325373da5e9c,spk_1636,Canadian English,male_masculine,teens,4,2.18,7
common_voice_en_219590.mp3,canada,"Had our instruments permitted it, we might have been able to see the trouble way back when.",9077fca578cc151f2d1c13bf1874a42242057878a77f8d98216da740857d3120,spk_1637,Canadian English,male_masculine,twenties,17,5.21,7
common_voice_en_17894984.mp3,canada,"Be right there, boss!",4fdb4479b83f9756c31add46e2641ec41dc040143fdb4d11c4f3cb4baf4fadc1,spk_1641,Canadian English,male_masculine,teens,4,1.75,6
common_voice_en_17530053.mp3,canada,Have I offended you?,8c88ae166d1abd3420da14e9f3df427344444c24edc8f74363fab4f69f13111d,spk_1646,Canadian English,male_masculine,thirties,4,2.69,7
common_voice_en_623140.mp3,canada,But bakers are more important people than shepherds.,ae994c8308e38af8c6642c2d2b5e56211107eb027d5a5f138bfa793d85968a42,spk_1663,Canadian English,female_feminine,twenties,8,3.19,7
common_voice_en_18377497.mp3,canada,Do you know what kind of package it was?,9431c036e9a494ac17a63b78adac001c8a6d93767475444ba8c6cfb8ed1e4248,spk_1666,Canadian English,male_masculine,twenties,9,3.58,7
common_voice_en_695060.mp3,canada,Thanks for chatting with me.,2a7434c36f81fac1f6aed7c560d319a5830b6662934c8a34cbbff871e5fa94a8,spk_1669,Canadian English,female_feminine,fifties,5,3.48,6
common_voice_en_170747.mp3,canada,"But before I go, I want to tell you a little story.",f911c54ac46d866b98aae227369ec89b0194f051a6cc1c8a203d85eea6fe404f,spk_1674,Canadian English,male_masculine,twenties,12,4.51,7
common_voice_en_631958.mp3,canada,"That night, there was another jetting out of gas from the distant planet.",6dcd230e0da7b0856f08dbca69022787fad07da4eeef202c567e01f0f10d5ec3,spk_1677,Canadian English,female_feminine,teens,13,4.9,7
common_voice_en_35501.mp3,canada,Others stumbled upon the stone by accident.,5d0ff9689660d9cda5b25096db47494ed71d8768a877697c28e0a2180ccc94ba,spk_1680,Canadian English,male_masculine,twenties,7,3.77,7
common_voice_en_17416928.mp3,canada,"Reading or not, it's to you, really.",4c4ef8168e1e6c15137b5209b7242848c3792437d7396045cce30e1a525c2843,spk_1682,Canadian English,,,7,4.54,6
common_voice_en_676091.mp3,canada,But we've never had any real trouble.,04bac1ac9538a8cd2641ba7df1cc0a93d84a44e9c33a9fba7fc6fd2f14b610d5,spk_1687,Canadian English,male_masculine,twenties,7,3.26,5
common_voice_en_17897254.mp3,canada,An act of faith.,d920559eeaa02707ca781eb5fb252a88bf5d99d67a5f1620333d6b998e2b9cf4,spk_1689,Canadian English,female_feminine,twenties,4,4.34,5
common_voice_en_515569.mp3,canada,We lit the lantern and walked over to his house.,3630f826251dd27139e033e5db63730d2436e26019b7b235e13a6ae725b5a2fd,spk_1692,Canadian English,male_masculine,thirties,10,3.38,7
common_voice_en_17287701.mp3,canada,"The more you stir, the more it stinks.",23f57fcf1a366b188e6ea2e411421556,spk_1693,Canadian English,male_masculine,fifties,8,3.22,5
common_voice_en_17287618.mp3,canada,Will you go with me?,fe5833a7f09f624c8df5bebb047d50f7,spk_1694,Canadian English,male_masculine,twenties,5,2.88,5
common_voice_en_17854886.mp3,canada,"At first, studying correlation in graphs is tough for me.",426b1baca2b9191317128a083be930357f226debf8b75c3cc5b7a684a555a571,spk_1697,Canadian English,male_masculine,thirties,10,5.06,7
common_voice_en_18187937.mp3,canada,Mrs Brickman wants to know why her rating score is so terribly low.,ae83391f9cdd05dc74a874b39c7cd754054d9c7a003e75fb55633522ff80a0d1,spk_1700,Canadian English,male_masculine,fourties,13,5.3,5
common_voice_en_182308.mp3,canada,Today's world is full of commercials.,4937482cd4eae3bee8168347466b1ca9bc076d864b287ed353a38bf0538d969f,spk_1709,Canadian English,male_masculine,sixties,6,3.02,7
common_voice_en_560475.mp3,canada,or a man into the wind.,92f7ffd7665e5e85ecb05b967bea17b40f0253f44059224edf65f2de07d291aa,spk_1717,Canadian English,female_feminine,fifties,6,3.26,7
common_voice_en_463054.mp3,canada,What can I do?,7b71ac6887edcb9d412afac4c6740901b0f6098a7fc6e5646ace8c58e8b0e76b,spk_1721,Canadian English,,fourties,4,3.12,7
common_voice_en_152193.mp3,canada,And I guarantee that they'll graduate with highest honors!,62c724290b2309d5f046f88307f55a09defe3523952cf128de9cee9ed459e604,spk_1745,Canadian English,female_feminine,twenties,9,4.54,7
common_voice_en_678304.mp3,canada,Leave now and you will arrive on time.,853cb8f73b2f20fb623ad54624b96ab5c7b3837a8d4e3833c1ffe50a6f22cf06,spk_1751,Canadian English,male_masculine,eighties,8,3.05,5
common_voice_en_1241094.mp3,canada,Weave the carpet on the right hand side.,edde19a0461ad4aa58747eec78ef20b0153171509ea6784c9fac2e8fd4dcacad,spk_1755,Canadian English,male_masculine,twenties,8,3.55,5
common_voice_en_545855.mp3,canada,"Pink foam floated gently through the air, landing on the parked vehicles.",af5e32315ee7897c4a49b6aa21481289732f65c328a8cf056b19daa9de00696a,spk_1765,Canadian English,female_feminine,twenties,12,4.32,7
common_voice_en_67949.mp3,canada,The crowd swayed a little as I elbowed my way through.,cecb266d94f1bef4ac52f130b7383c196b1027f7427fdf9f0a6a328297c68c5b,spk_1773,Canadian English,male_masculine,twenties,11,3.24,7
common_voice_en_18236449.mp3,canada,Do you like contemporary paintings?,bd6085e36f2daa7429d15bf930ff10de2194b2f9a9d9b63d4462fb864408b019,spk_1782,Canadian English,male_masculine,fourties,5,3.58,8
common_voice_en_56075.mp3,canada,The boy awoke before dawn.,e8caab5caf32f27c6c892aeb7e0666b1d557faad31a57039f949bb9e7677df4c,spk_1793,Canadian English,female_feminine,thirties,5,2.4,7
common_voice_en_256716.mp3,canada,"Hey, don't go there!",b6d3a8eb5251a3b5fa343268b1478578bc00c6fa74fa82c282991e3a2c52382d,spk_1794,Canadian English,male_masculine,fifties,4,2.66,6
common_voice_en_653874.mp3,canada,Please don't be lazy.,cf8f8471b06450d7f55f817565e81b87247ada2a9fa61751689687d7279a217b,spk_1795,Canadian English,male_masculine,thirties,4,2.78,7
common_voice_en_22387036.mp3,canada,Young served as National's tax spokesperson.,5fc3ab057b9229a808b403605724db3172a5d57841f8f532e5b10b1ab7ddb3e0,spk_1806,Canadian English,male_masculine,twenties,6,5.62,2
common_voice_en_18472498.mp3,canada,Here's an instance of how you have to think of everything.,19599cd4b5f1662ab9a2a7012b9c5ba6ae3ff299e8192ed8891bf2ada088c64d,spk_1809,Canadian English,male_masculine,thirties,11,4.2,4
common_voice_en_174503.mp3,canada,This sapling will once become a giant oak tree.,8241c9a8fc797e308925997c729a600b690ea4766eeeb5d36bcfb4b69b2c5b9e,spk_1817,Canadian English,male_masculine,thirties,9,3.84,7
common_voice_en_541859.mp3,canada,"I know this might sound really bad, but listening to this music just makes me want to go hide in the mountains.",7dc1f72e5eed1ded14134a1b2b66c5874fc91035fd43382e76dfe834419616b2,spk_1821,Canadian English,male_masculine,thirties,22,5.02,5
common_voice_en_17731519.mp3,canada,I could not bear it.,2cf40617df9658005311d6956fd8868276a7ca9ddae55fb725bd583ca4b57b10,spk_1834,Canadian English,male_masculine,thirties,5,2.26,5
common_voice_en_603103.mp3,canada,"From then on, he would make his own decisions.",9177c0246e525829dd3a4d299dbfeaf5325d2e7129b7a190be314262e7bb6558,spk_1835,Canadian English,male_masculine,twenties,9,4.9,7
common_voice_en_75011.mp3,canada,He felt unsafe like during his first lesson in driving school.,da63b6266a10d7a4f03132ea2818f293611407855edaba2f345a851878d7406b,spk_1836,Canadian English,male_masculine,thirties,11,4.44,6
common_voice_en_17886887.mp3,canada,Trees are made into many things.,139c881dbbc73278126557bb82d524e2df218e1d386f9f098a51e62b6233a8b7,spk_1840,Canadian English,female_feminine,twenties,6,2.4,6
common_voice_en_18364665.mp3,canada,"You know, he is an honest man.",1d7576a1c1ea24d09fe27f6fb957eceaaee9e2a0694d0f5d3d084e8b427c5000,spk_1855,Canadian English,male_masculine,fifties,7,4.37,8
common_voice_en_143451.mp3,canada,And about you too!,2d03e17b8664f19a3a254e534c3296656ef6623b83743aee7afe57d41f0c31bb,spk_1870,Canadian English,female_feminine,teens,4,2.62,6
common_voice_en_137507.mp3,canada,My tax dollars pay for those public school proms.,6209ba3b08410a2d52f0063ff6ab4a49326e17115d2e95d4ba6bc1ee6bbadb7e,spk_1876,Canadian English,male_masculine,twenties,9,3.86,7
common_voice_en_18268879.mp3,canada,Heavy givers are light complainers.,87b2cedf09ccfe5746e9959accda5e73134839fdcf6cf9499d2b3faabf6e81f0,spk_1877,Canadian English,male_masculine,thirties,5,3.46,6
common_voice_en_9054177.mp3,canada,Philosophy is my favorite subject.,ea124b8a597327d4de953a019d642898739a74ebd20303f7731bb0848ebb40a9,spk_1905,Canadian English,male_masculine,twenties,5,3.05,5
common_voice_en_109797.mp3,canada,"On the following day, the first clear sign of danger appeared.",def466cb1ee64364507b6d1a8c07833db43529ca2db3569085bc37d6a0466fbb,spk_1906,Canadian English,male_masculine,thirties,11,4.32,6
common_voice_en_107829.mp3,canada,I heard a peculiar humming sound from the pit.,9b6b4ecf78b2f72ac4881a684b90fa856f66685aa04f2969c927bd9855effe19,spk_1910,Canadian English,male_masculine,twenties,9,3.53,7
common_voice_en_173893.mp3,canada,Listen to the solo of the e-guitar!,fe0e40d374ec954f343e5fb8454710a04744a6e054c75cc83e1f786fe627395a,spk_1917,Canadian English,female_feminine,twenties,7,3.5,6
common_voice_en_16590394.mp3,canada,What is he like?,eb7365f701a42763129d9f4c8f387f37be0b58f8752a117b1b9428919da8447b,spk_1919,Canadian English,male_masculine,twenties,4,3.1,5
common_voice_en_18192526.mp3,canada,"I could be wrong, but it's somewhere in that region.",df5c7823f7566b207556c59f6e2dfadbaeafa4a7b64c673b2a1e03f23c768cb5,spk_1920,Canadian English,male_masculine,twenties,10,4.51,6
common_voice_en_18379252.mp3,canada,I am supposed to be here.,5ea93fb2118bbb2d2ae3a52ee5d57bc753db6b5ed696466bb4b99ff24e9a095e,spk_1921,Canadian English,male_masculine,fourties,6,4.15,7
common_voice_en_17940282.mp3,canada,What are the facts?,1274e85e433fe78185eea19d2717ff3b41dc576e7ed234d1f4a2616e49a7b7f2,spk_1928,Canadian English,male_masculine,thirties,4,1.94,6
common_voice_en_595856.mp3,canada,Congressman Aaron is here to see you.,418bf87655378f7ac084389d1df8990d8f448890bd9d29d639fb05e4a0c198f7,spk_1930,Canadian English,male_masculine,twenties,7,3.1,6
common_voice_en_18657275.mp3,canada,Very happy to have the honour!,1bd4dec0720973b96acd69c8a778d1c06a4fa365c7eef5041b4efb0d981b2fe7,spk_1931,Canadian English,male_masculine,twenties,6,2.95,3
common_voice_en_1303560.mp3,canada,The ashtray was empty.,fb280ef2429a873c083685a76798df4b0f9f32253f0e0e17f180862ea9f5d0b8,spk_1933,Canadian English,male_masculine,fourties,4,2.09,6
common_voice_en_17432734.mp3,canada,"The hare springs out, when one thinks not of it.",ff2eb5a12d06afc990fedd4a4b2293501d57ba18d08c692424fa6dc7e98e9023,spk_1934,Canadian English,female_feminine,twenties,10,3.34,8
common_voice_en_535023.mp3,canada,But what are we to do?,8021156880005e7946d6c5d3ae95c3dbe191c2356fb6f0720c3133fc80fa8ee9,spk_1949,Canadian English,female_feminine,thirties,6,2.9,7
common_voice_en_632260.mp3,canada,Fatima appeared at the entrance to the tent.,2dba5804fab5626d33ce5f1e02e98aadf6c0ce623ce027dd448c8f78ced4c191,spk_1972,Canadian English,female_feminine,fifties,8,3.38,7
common_voice_en_18406149.mp3,canada,"Remember to take your full course of antibiotics, stopping early is dangerous for your health.",35e90a9d8ac2fbc8d69fb655c67f104130f34194c6542f53615afacade820e4c,spk_1977,Canadian English,male_masculine,fourties,15,6.24,5
common_voice_en_554674.mp3,canada,They shouted consolation and promises and went off back to the town again to get help.,435f83b0d17a87376da6d2b1439da69d3bede9c611a61e15718d55eadf149e1a,spk_1982,Canadian English,female_feminine,thirties,16,6.46,7
common_voice_en_655451.mp3,canada,And then he perceived it very slowly.,cbbf3f45b0927ced45b58dfde8acca1601b0ffbea6bb41257c8a0f7c5443ec55,spk_1985,Canadian English,male_masculine,twenties,7,4.22,6
common_voice_en_17576846.mp3,canada,"Roger, the backup team is on the way.",644ad5477c4a5030675ffeb381b5007943b3c4e0f34f71f1dd5d1183e31d4aa5,spk_1994,Canadian English,male_masculine,teens,8,3.24,7
common_voice_en_681454.mp3,canada,You can't believe it's not butter?,67bd7f45eabb951c741d6c9abcf2d24dc79249d05c9dce0dd8654623a3b4a7e5,spk_1995,Canadian English,male_masculine,thirties,6,2.9,7
common_voice_en_610070.mp3,canada,Cristiano Ronaldo has won twenty four trophies in his career.,1f274df300a19d275806fd265a28ad5ab75bd05e301970821baba04d00adef36,spk_2002,Canadian English,female_feminine,twenties,10,6.62,6
common_voice_en_653377.mp3,canada,"From the railway station in the distance came the sound of trains, ringing and rumbling.",ae40b2d7757abe783d554f4135042c03ab8e74dadea21559706f9dcfc7096f38,spk_2009,Canadian English,female_feminine,teens,15,5.69,7
common_voice_en_101108.mp3,canada,The burning fire had been extinguished.,d02aebf2953e417f7d6870a5f6f9ae58cafa4c712fda887e6a90388d57a3df42,spk_2017,Canadian English,female_feminine,fifties,6,4.01,7
common_voice_en_17356727.mp3,canada,"What is it, dear?",aff6b8325373465b269dc9f51dc6273524190dfbadfa6bce5f07176d7f19a3d9,spk_2023,Canadian English,male_masculine,fifties,4,3.02,7
common_voice_en_17505587.mp3,canada,"Well, what is it?",d8df58d6c66a2988bc5148acc4bbb187520786b6cea3ae3f79eabd29e6de0e51,spk_2025,Canadian English,male_masculine,twenties,4,3.05,8
common_voice_en_110540.mp3,canada,"Today, I understand something I didn't see before: every blessing ignored becomes a curse.",f98564ec885ed77830dedd6326b8d0aa2f82ac483422e77ac871b25f378973fd,spk_2026,Canadian English,male_masculine,seventies,14,7.7,7
common_voice_en_17360795.mp3,canada,"Without haste, yet without rest unhasting, yet unresting.",7c15085c69648d88883495fd709671a332258e5f3551fe19b53eda876be3bcd1,spk_2030,Canadian English,male_masculine,twenties,8,6.0,8
common_voice_en_6867677.mp3,canada,"I heard the land where the hobbits live, the Shire, has actually been filmed in New Zealand.",8bae1a65d6f2f8a53bc390228f7cf72e7e0ccb6265f687602f943f977cc1e319,spk_2031,Canadian English,male_masculine,sixties,17,7.73,7
common_voice_en_43967.mp3,canada,Emoticons are familiar to everyone nowadays.,558888a5b9f059272c68da1d9819183deb12b34a52d255013e624be412574898,spk_2054,Canadian English,male_masculine,thirties,6,3.02,7
common_voice_en_574626.mp3,canada,They could barely see the boy.,efb53da262943b5972cb79202508caee7a355c6c90731fdacd880b98972e0fe8,spk_2059,Canadian English,female_feminine,thirties,6,2.78,7
common_voice_en_2679416.mp3,canada,"Potatoes are less space-saving, durable and cheap than pasta.",c4e83f41b609a1c880d52439a6e856f824e235756a665bae38e2c78f2cd35268,spk_2060,Canadian English,male_masculine,teens,9,4.46,7
common_voice_en_4370235.mp3,canada,He smoke a big pipe with strong contents.,4b3c7f84e755b16f701fec2140636cb0020b078c21bd26b5da4e0003935ff99d,spk_2061,Canadian English,male_masculine,thirties,8,4.34,6
common_voice_en_156835.mp3,canada,The houses were squashed together like sardines.,cdcc1fc262caa2aefdb12e92f04b061acfdb3e9826c6b845ba2340ba5132cf01,spk_2066,Canadian English,female_feminine,thirties,7,5.42,7
common_voice_en_208346.mp3,canada,"The horseman was completely immobile, as was the boy.",32128bc7d6fe039a44e29b82f6e4e92a9c65cf74826aff2ccb67984cc71b4f6a,spk_2070,Canadian English,male_masculine,twenties,9,5.14,7
common_voice_en_17305665.mp3,canada,"I heard the land where the hobbits live, the Shire, has actually been filmed in New Zealand.",95ca27fb6887c53ab2fcbe3022fd188950b6d805237f6aa6ca70b1c5bb3b56f3,spk_2076,Canadian English,male_masculine,twenties,17,5.57,6
common_voice_en_17652079.mp3,canada,But we never even got close to it?,708726dbfbf157462af962464762b33a4c1defce5c6449f2c1ab6e39b1ac0593,spk_2078,Canadian English,,,8,4.94,7
common_voice_en_650517.mp3,canada,That's not Carson Sphinx.,80132ae1fda75a21ae8c2240d4551c10eaf7386cc58c617c465e5ecbe0fc5975,spk_2084,Canadian English,male_masculine,thirties,4,3.58,5
common_voice_en_155036.mp3,canada,"Everyone, when they are young, knows what their destiny is.",9d1dd995c3bbd3d6fc813b3c22e726fd1b6f7515579b7b4eecf03bd80154ac6d,spk_2085,Canadian English,female_feminine,twenties,10,5.66,7
common_voice_en_554970.mp3,canada,He needed someone to talk to so as to avoid thinking about the possibility of war.,594946716cd4b5e79c057917bd4542a19b576f7973dfd0ffe4dae7f23f05a497,spk_2099,Canadian English,female_feminine,teens,16,4.82,7
common_voice_en_18299013.mp3,canada,"The news was chilling, to say the least.",af6892a6f5ce2b5430945fb7862a56f263884260c5f00912a41ebf94f2d7c0ab,spk_2106,Canadian English,male_masculine,twenties,8,3.14,7
common_voice_en_17297570.mp3,canada,No wonder this vanilla yogurt tastes disgusting: Its eat-by date was last year.,09ea8b39705887f536d4a87bb13371ba0e8df222100c5d513e285bf36d893857,spk_2109,Canadian English,male_masculine,twenties,13,6.38,7
common_voice_en_18173342.mp3,canada,"Sorry, I'll explain more when I actually understand what's going on.",522f7b7b88cf0e7e6de2a2b8ba3dd6e0dd88fc32d2c65475c463afa510ef76ef,spk_2112,Canadian English,male_masculine,fourties,11,4.82,7
common_voice_en_76931.mp3,canada,It spread through the planet's atmosphere and obscured its more familiar features.,70a5323da9a987e3de81f46d56a9573425d34fdccdb00c54402fdfdce45c87f4,spk_2122,Canadian English,female_feminine,sixties,12,6.1,7
common_voice_en_5981481.mp3,canada,The snake jetted venom.,6c47b65638bb3fdfae4851695601bf3ee5df9dc80d559c0551536922bea30d6c,spk_2125,Canadian English,male_masculine,sixties,4,9.53,5
common_voice_en_49952.mp3,canada,We must stay hidden.,64c917f21e66981b8c3f455f982fd7b2e6d110e5248e4efbbf7d16792a575fbe,spk_2131,Canadian English,male_masculine,fifties,4,3.36,6
common_voice_en_626146.mp3,canada,And one or two persons were returning.,b5baaf583f79df81ff1d582afa5dd6f31294a70173a30370f3746a8cf15a8bd7,spk_2132,Canadian English,male_masculine,teens,7,3.22,5
common_voice_en_571854.mp3,canada,Because you have already lost your savings twice.,4e3d15e7b7696c2a61eebff40edafb5001d9614292940f18d20027aa580488c4,spk_2153,Canadian English,female_feminine,fifties,8,5.18,7
common_voice_en_217433.mp3,canada,"""I'm going into the desert,"" the man answered, turning back to his reading.",90840a5ea5ae4b4669d7189c04c7a32d4e41cf63d956ff9c7ec4293f950df82c,spk_2158,Canadian English,male_masculine,fourties,13,7.8,6
common_voice_en_630240.mp3,canada,All that time the Martians must have been getting ready.,41598cb84264d50332763f1f3bb0bfa40e50a18425919586b836d4fe54f2a60a,spk_2159,Canadian English,female_feminine,sixties,10,3.7,7
common_voice_en_194326.mp3,canada,What are they wearing now?,41386f6de6142a337cfc4cc000db8fde6ed0a77ce43795348fcfe9275380f503,spk_2169,Canadian English,male_masculine,twenties,5,2.21,6
common_voice_en_17260997.mp3,canada,Where is my dress?,566a6c92aa3bfac05703b4bdcfb29195,spk_2178,Canadian English,male_masculine,fifties,4,4.82,7
common_voice_en_114722.mp3,canada,So many people on the subway are wearing black workout clothes.,4ad0b6bf98b5feb682f393bdabdecc2baa151c1c181a21f55be9498d0f6ed199,spk_2181,Canadian English,male_masculine,teens,11,4.01,6
common_voice_en_18117964.mp3,canada,Leaves turn brown and yellow in the fall.,9eafd3e8ec7f17187f2329c93c035331950d3b7989f86a0facb8e0a7177675cf,spk_2191,Canadian English,male_masculine,fourties,8,3.6,8
common_voice_en_17883809.mp3,canada,Is it actually unusual for a planet that its axis is tilted?,b0a1782276cfc5709d15b5a0f1a838103846c52435dfd53f79ddf297122d3655,spk_2192,Canadian English,male_masculine,sixties,12,5.26,8
common_voice_en_17847349.mp3,canada,A spark can start a great fire.,7c1a388b90317243892cc145584b23b9bf3abc5ab4701179015fba90ceae34c5,spk_2195,Canadian English,female_feminine,fifties,7,3.38,6
common_voice_en_46128.mp3,canada,"Hundreds must have seen it, and taken it for a falling star.",56b4b23e494d8df0cb2836cc51a7734c6945cc8c4a39000da4733dae0ee78a2b,spk_2202,Canadian English,male_masculine,teens,12,4.2,7
common_voice_en_17445317.mp3,canada,Have you seen it?,49ae01bfdefb5b9a779ac43ed5d85ca2857aab5d1ae6d1cbec1e2048e101c4ef,spk_2206,Canadian English,male_masculine,teens,4,2.45,7
common_voice_en_198423.mp3,canada,They set off running wildly into the trees.,76e205e4faece9a7ed94ddc702cc198856483ac6ecccc049d7ebfecd6574ab62,spk_2218,Canadian English,male_masculine,teens,8,5.74,6
common_voice_en_34889.mp3,canada,Jennifer is making the nine o'clock train.,1a1648a6dd3ab3f48ef2785cdd71c7e9518a0a70b17569bca1662f6b5e86aa3d,spk_2220,Canadian English,female_feminine,twenties,7,2.86,6
common_voice_en_18833.mp3,canada,It must have fallen while I was sitting over there.,834b8492265abdcf7f0479d7f8813181599edea5b4633f9ecc2ab2834deb0186,spk_2229,Canadian English,female_feminine,thirties,10,6.22,7
common_voice_en_26673451.mp3,canada,"For this, amongst other reasons, the talks failed.",9a845b57584e46f35bd1156e5c3433ec590d5d011f0cb5b287a13a4f64f90175,spk_2232,Canadian English,,,8,5.4,3
common_voice_en_143604.mp3,canada,"He seemed unfriendly, and had looked irritated when the boy had entered.",ce9bc564008d24931aec51eddf15ddccead3daaf4b0647468e33cf04188182e8,spk_2234,Canadian English,female_feminine,sixties,12,10.7,6
common_voice_en_521882.mp3,canada,"Whenever I fall asleep, I don't dream.",6e7182c4579a52abddbab8ae12e7b12b1204a9705b3afe87415c8215a4882471,spk_2240,Canadian English,male_masculine,sixties,7,4.42,5
common_voice_en_572036.mp3,canada,Sandra read aloud the strange excerpt.,58d033e6d98e8d5e4d5c0c5a540123099dd9a57894955adbbf4a801e9ac3ef89,spk_2245,Canadian English,female_feminine,teens,6,2.86,7
common_voice_en_17736128.mp3,canada,Who is responsible for these parrots?,59204ee5b27621e2895e22dc5c5a32951a09646c59313d0068bb3ebe2c0d5665,spk_2285,Canadian English,male_masculine,thirties,6,3.82,7
common_voice_en_160350.mp3,canada,Viral marketing is a buzzword used frequently by economists.,37cffe089df0ed169571f00a19b8912dc98048fe3918478bd759c1e04cf04e26,spk_2288,Canadian English,male_masculine,fourties,9,4.78,5
common_voice_en_17253729.mp3,canada,When will we grow out of fidget spinners?,925a9b713091eaaf97aef971a377f84bcfd75ff17e82b9809dc46d9cc34f9ec9,spk_2291,Canadian English,male_masculine,twenties,8,4.22,6
common_voice_en_7881.mp3,canada,"But, just before lunchtime, a boy stopped in front of the shop.",d0d1a7b6588cfdfebac8941241bab9bbef827345150609a5bd8aa72700550aaf,spk_2297,Canadian English,male_masculine,seventies,12,4.78,7
common_voice_en_17990269.mp3,canada,Schools for ladies teach charm and grace.,2db342b4934b58a0224c1dda12e34e916950ca032139983599258093e37f6e74,spk_2314,Canadian English,male_masculine,twenties,7,3.1,6
common_voice_en_18561660.mp3,canada,Who would have thought pigs could fly after all?,016df9ac4140c458f8e83d6ddc093713b76c96cee92d28061219194d8241ff6e,spk_2316,Canadian English,male_masculine,fifties,9,3.72,3
common_voice_en_18358870.mp3,canada,I woke up to the screech of my neighbor practicing trumpet.,fe7852226e9b796d0a76a6f14a6ccfb0515d9ee6068717b630331912659f98cd,spk_2317,Canadian English,male_masculine,fourties,11,5.62,6
common_voice_en_17266395.mp3,canada,Where did you come from?,277c91e1b5866cd346b924806aeaaed7,spk_2330,Canadian English,male_masculine,fourties,5,2.35,5
common_voice_en_6077142.mp3,canada,"It was harassment, pure and simple.",1f8a85ec57678173d8889c4e7545a48d40068a32e96dbbe062f1c85d624080c1,spk_2333,Canadian English,male_masculine,sixties,6,4.8,6
common_voice_en_30529782.mp3,canada,She also served as President of the National Council of Churches Women in Samoa.,20ee04c5301b8301d8878a54ec3d3851e4259ef67b4814cac596cd84136ce9ec,spk_2339,Canadian English,male_masculine,fourties,14,6.3,2
common_voice_en_11017394.mp3,canada,Policemen are investigating in this case.,57835234b3cbf29cf51ecaf03a442b9a1eb0a0b368e952b5866152fc1335544d,spk_2351,Canadian English,female_feminine,twenties,6,5.09,5
common_voice_en_18034194.mp3,canada,The chair looked strong but had no bottom.,5ddddaa70e6e2740b5695c32c8bce68a84dcf625a2e9b592b898276f3caa79f2,spk_2357,Canadian English,male_masculine,teens,8,4.63,5
common_voice_en_691715.mp3,canada,There is convection in the magma chamber.,a15b8323d204cd1571c813b125eecb632c9ff42e54636151f42f25a1583493ba,spk_2358,Canadian English,male_masculine,fourties,7,3.74,6
common_voice_en_16185417.mp3,canada,He told his story.,b867eff7dfb94483b5fdd16f4b452cab2a89fe40406c82701ecfa373270893d3,spk_2368,Canadian English,male_masculine,fifties,4,3.17,7
common_voice_en_219379.mp3,canada,"""What is it that I still need to know?"" the boy asked.",7a3224f79c5d1c2a6e9bf443dff8655cb66d4c5cf995d73dfc55c0afedcf286b,spk_2372,Canadian English,male_masculine,twenties,12,4.18,7
common_voice_en_17934301.mp3,canada,"Well, I think so.",024a23702ca6178a27379bf6ee487e84387ac664b1f070542440b349be79c6d7,spk_2389,Canadian English,male_masculine,thirties,4,6.86,6
common_voice_en_18108495.mp3,canada,"Well, what of it?",9969cf1930c25d761e210b6611cd657f1e3444c9682317f1d55bdd55abb152a4,spk_2391,Canadian English,male_masculine,fourties,4,3.19,7
common_voice_en_144665.mp3,canada,There's nothing else for it.,5250fabdf628c991519134484f4440db04a52ffb9314e93a4ff1e0f642ffdf84,spk_2399,Canadian English,male_masculine,thirties,5,3.02,7
common_voice_en_215516.mp3,canada,"They walked in from the rain, all dishevelled and steaming.",aa04f571e97c3e11698b686c700dd17c9eb54dda96a0ada261badc04f50523e8,spk_2404,Canadian English,male_masculine,twenties,10,4.94,7
common_voice_en_60568.mp3,canada,"On the first day he returned with a rabbit, and on the second with two birds.",34c53567fea56ba5e040cd80c04a4538bcade37dbf5d96474127e21203d14f5a,spk_2406,Canadian English,female_feminine,thirties,16,5.88,7
common_voice_en_490220.mp3,canada,An huge hole had been made by the impact of the projectile.,df8a77dd6f414b3f114992652c255ba37430301240f99d0c492bc3aee51283c9,spk_2409,Canadian English,male_masculine,sixties,12,8.3,7
common_voice_en_17861300.mp3,canada,"According to the dictionary, the word ""gizmo"" means the same as ""gadget"".",5d92ba67cfe3e3abb2dd59de4b1a5e4cc35c62ffff2b81cf5a0f08b9d5e5873d,spk_2427,Canadian English,female_feminine,fourties,12,5.21,7
common_voice_en_219805.mp3,canada,They were suffering from hunger.,aaca6ad0bef0fdf596f48a8cab3463ea4bbeb70b910f6d94a3b8b86759a06de9,spk_2429,Canadian English,male_masculine,fourties,5,2.42,6
common_voice_en_17256392.mp3,canada,"Just, how big is that closet?",822a965e6c303d40193443b65de0a0fe,spk_2436,Canadian English,male_masculine,twenties,6,3.12,6
common_voice_en_17274032.mp3,canada,"Despite years of research, the problem remained intractable.",fcd70fefb2ade324e567effc462efcd7,spk_2443,Canadian English,female_feminine,twenties,8,4.82,4
common_voice_en_18364067.mp3,canada,Why are you doing this?,c15df2f330a438e2bcedf10794856e2808ffc41e00deaf7635a2823aa19288e7,spk_2445,Canadian English,male_masculine,fourties,5,3.17,7
common_voice_en_597605.mp3,canada,He brought six sheep with him.,69a0af7ba5494737675c875a4e4e06e9b75368c781d83884a845f4d18468a707,spk_2461,Canadian English,male_masculine,thirties,6,3.5,7
common_voice_en_18213833.mp3,canada,"Considering the growth of human population, insects might be the food of the future.",4c60d074c5a83bb8f5f0183d341cdc7397e61fc2cf0f856ee0b841516cc0f579,spk_2482,Canadian English,male_masculine,fifties,14,6.26,8
common_voice_en_600867.mp3,canada,I've got to see him.,3fabc1f7602e789afe1c56cbda120cc029d5a270851d37018f0cd14c87248446,spk_2511,Canadian English,male_masculine,thirties,5,2.02,5
common_voice_en_18143342.mp3,canada,"As a workaround, we could use application specific profiles.",5c3925317cf6c91ba7d2e80224aeffaae59969bae294dfd7463c9de4cc780a5a,spk_2535,Canadian English,male_masculine,fourties,9,4.54,8
common_voice_en_18393199.mp3,canada,"In surprise finish, the final score was seven to five.",15671c36530d3c1db64d015b14765361a278f894a723483ff1e309a726496a7d,spk_2537,Canadian English,male_masculine,thirties,10,4.46,6
common_voice_en_11727949.mp3,canada,To lead a cat and dog life.,15e433111dea35802de151e6b55324c4ac8229dfb45f401afef73548ce8b0942,spk_2547,Canadian English,male_masculine,nineties,7,8.57,5
common_voice_en_550292.mp3,canada,The marsh will freeze when cold enough.,5ca78c03013711c97cc084beeff10849574aef3f23e4e04d75370d85b614b4df,spk_2557,Canadian English,female_feminine,twenties,7,3.19,6
common_voice_en_649892.mp3,canada,The train lines provided an easy path to follow.,a00fc75023dc2e1e5acb7cc0d2e84076ffba2c156a7e16216b0906e2b80b0daa,spk_2560,Canadian English,male_masculine,fourties,9,5.26,6
common_voice_en_185233.mp3,canada,No category seems to fit.,05f7d27b41d7236d1fa3c250461d8c59ee4d5cc865a5911b21afc443f604cfd3,spk_2576,Canadian English,male_masculine,fifties,5,2.47,7
common_voice_en_183.mp3,canada,Strange images passed through my mind.,d811548300151bf196644da19591601c86e99f8253481999d7d8ad215f1c905e,spk_2580,Canadian English,female_feminine,sixties,6,5.18,7
common_voice_en_153629.mp3,canada,He just got a new kite for his birthday.,d2c63fe1aa0eb86b68ac4f03353ce223d0edba17a525b68bb1b97d7dfd4a92bb,spk_2582,Canadian English,female_feminine,twenties,9,2.78,7
common_voice_en_17350064.mp3,canada,"Vermicelli A trio, or musical piece for three voices or instruments.",9bfb8eb45c2bc794d504a9fd9057e9d11004005f0b0420c9696586c5e0ce9b13,spk_2597,Canadian English,male_masculine,thirties,11,6.19,7
common_voice_en_17280409.mp3,canada,How should I know?,1955bb169fceb2d15368a6819707ad2e,spk_2600,Canadian English,male_masculine,twenties,4,2.3,5
common_voice_en_17927041.mp3,canada,"Where is it, then?",bc517c7da87780e23fa4234ee05764298988252367e536eb2097cf8d7939aa67,spk_2601,Canadian English,male_masculine,thirties,4,2.42,7
common_voice_en_574748.mp3,canada,Compiling the Linux kernel can be time consuming.,a5b7e681c39beddbaf69e7e83f42b9fe611153e2a22104163f89b65f770f00db,spk_2653,Canadian English,male_masculine,thirties,8,3.02,6
common_voice_en_162471.mp3,canada,"They looked for the fallen mass, but found nothing.",4f6c30a437a6dd0f5b1d4a397a8684215d3aeffa90700df24443676c1a7dec39,spk_2662,Canadian English,male_masculine,thirties,9,4.3,7
common_voice_en_212467.mp3,canada,"I need you to be spontaneous. He asked me out to ""din din.""",f453893670e82454b66652af19dda95fcae97e1f30206a7a21afcf5aa79499d0,spk_2677,Canadian English,male_masculine,thirties,13,5.66,7
common_voice_en_125173.mp3,canada,"It's almost as if he had been here and left his mark, he thought.",6f82413eb70cd542fa5b5f43d0b3da3ad271c26be2e0eed574096c38df5a44bd,spk_2683,Canadian English,male_masculine,teens,14,4.22,7
common_voice_en_608660.mp3,canada,"The horizon was tinged with red, and suddenly the sun appeared.",32622772bce483bcae54411cea14802070613c1981174df002f138b444223ce3,spk_2684,Canadian English,female_feminine,sixties,11,7.1,6
common_voice_en_529690.mp3,canada,Try to have the court decide the case.,eb2fab9b4c8ddababab41cb12a1e9a97be426c3c87abe1472db31d877a5aeb54,spk_2686,Canadian English,male_masculine,twenties,8,3.5,7
common_voice_en_126404.mp3,canada,Rice is often served in round bowls.,36625576e1a5d5ac930f80830ffa4aea5b59f73afe4d3f419a5bb0fd7f1fa88d,spk_2687,Canadian English,male_masculine,thirties,7,4.34,5
common_voice_en_26954661.mp3,canada,"When I grew up, I understood the practice of kindness and duty.",9cec8c70e48124eebf7572c88f49c85ec5ec0eaab26ad7331dde18789cefa933,spk_2688,Canadian English,,,12,5.8,3
common_voice_en_17369316.mp3,canada,"No, I don't want to be a pilot.",c5ab1f7d93c8a87409785d62bd166a893bb1601322c12f8e993c7722c98b4ead,spk_2701,Canadian English,male_masculine,twenties,8,2.78,8
common_voice_en_348256.mp3,canada,Laugh and the world laughs with you. Cry and you cry alone.,968e15cac08efb311c97deafbcdb09647454b3856e5f90d98ead0c6de1e30f37,spk_2712,Canadian English,male_masculine,sixties,12,6.82,6
common_voice_en_1718.mp3,canada,The clock was slightly askew.,ab272d711e115b468b7f76a630aaed88b6308f64eed4bd56d250763548a97c6c,spk_2716,Canadian English,female_feminine,seventies,5,4.34,7
common_voice_en_17388640.mp3,canada,"In retrospect, everything was already decided when we heard the siren.",bd9d0b9b79be961acef157fdd4d8d229e4ffcbacf0e97550f9f98d10c292aee5,spk_2719,Canadian English,male_masculine,thirties,11,5.02,6
common_voice_en_18618612.mp3,canada,"I follow it alone to the end, whatever the end be.",1a0eaa25687774d373a7be9cca1b156a2c178cfcefe9331db1cc630e54412c86,spk_2747,Canadian English,male_masculine,teens,11,5.02,3
common_voice_en_18385116.mp3,canada,Brian is leaving today.,d577af80f18f9e3f295f7772dbcf349cb719413e67b2bde5f44a808c6bd9acbd,spk_2750,Canadian English,male_masculine,thirties,4,3.5,7
common_voice_en_656605.mp3,canada,"You'll watch them as they grow, demonstrating how the world is always changing.",d8658d6ddffd735ab39e2e4ebc2c7560ac4d90efd03c79f50f247bb9d79dcecf,spk_2755,Canadian English,male_masculine,fifties,13,7.1,7
common_voice_en_17296890.mp3,canada,"Even the weak, when united, become powerful.",4c0ba81fc78a6b0cacc2a2d47fc19508136db851f9bbaa7b18f57487d84a9d9d,spk_2757,Canadian English,male_masculine,twenties,7,4.34,8
common_voice_en_17450435.mp3,canada,"The crow tilted its head, as if it was thinking.",3377d41fc0c3045d8ca151a47a84322c418f53cc39f4f6584e5adbc25735378c,spk_2766,Canadian English,male_masculine,twenties,10,3.79,7
common_voice_en_1232498.mp3,canada,Would you like a cappuccino?,3dc6a03d603e53680e1c69a68775b6b3d3aa0beaab86b6e9ecf8a1ab9b8f4b19,spk_2772,Canadian English,male_masculine,twenties,5,3.26,6
common_voice_en_17772458.mp3,canada,"Can you file these files, please?",86d29665811e39937ed5cab491c89399317e6bf76649e98f942c142370788c8f,spk_2777,Canadian English,male_masculine,fifties,6,3.05,7
common_voice_en_17428992.mp3,canada,What does she look like?,1235d3b29a1233a4b8b21c18341ab9428b5633cb0aae69798d8e61d83112fe75,spk_2781,Canadian English,female_feminine,fourties,5,1.58,8
common_voice_en_39899.mp3,canada,The brass lamp had been disturbed.,7bfb6869890b11401dacc4bc28cc351ec7e710d5d5f0ab61c14da3ac8f8780da,spk_2808,Canadian English,female_feminine,twenties,6,3.1,7
common_voice_en_206549.mp3,canada,I don't know you from Adam.,41d75b3f95db32b3cbfb32de55c2e9ad960b7dbadd0e0cd77c406748f6069568,spk_2812,Canadian English,male_masculine,twenties,6,2.06,6
common_voice_en_18042471.mp3,canada,He consulted his watch.,39d1422b2265cc596af4792965b49d1c22ee438aa9158790526b7747ce1852fa,spk_2822,Canadian English,female_feminine,fifties,4,2.52,6
common_voice_en_17672997.mp3,canada,Does that imply I can no longer play badminton?,8512ac4cfab9e73dbd700c76716dd02058a9ed5e6784520a946ab3ef36d46034,spk_2823,Canadian English,male_masculine,twenties,9,3.82,6
common_voice_en_17295661.mp3,canada,What do you want me to say?,a7f3afa10ae6d5322e53245596b26991d6a250af9dc14e95413f0b2a5efb4c88,spk_2827,Canadian English,male_masculine,twenties,7,2.28,7
common_voice_en_478094.mp3,canada,"For some reason, we were blocked from entering.",56f85b593f1ccba0799b96f373ec5090098ecfd8d841ec4111373cc1bae6670e,spk_2833,Canadian English,male_masculine,fifties,8,3.02,6
common_voice_en_17262957.mp3,canada,"Sine, cosine and tangent are three basic trigonometric equations you'll need to know.",d6386f8cae3fb56a70a97ea176d10374,spk_2834,Canadian English,male_masculine,thirties,13,5.78,7
common_voice_en_18404672.mp3,canada,"No offense, but your agility leaves a lot to be desired.",a6c61ab116f4dea19f5d32d99b220d4ecce292984841f8e78eb38e2e13ccf344,spk_2836,Canadian English,female_feminine,twenties,11,4.46,7
common_voice_en_18607495.mp3,canada,It is what I should revel in myself.,6a9178b2c7999bae131c54131d659ffed040dee0ce0effb10f13468f9c00c970,spk_2837,Canadian English,male_masculine,twenties,8,3.36,3
common_voice_en_626207.mp3,canada,Salim moved from India to the Netherlands.,d94c263fc0e5e8c05b29f453149c8b3f63d7adba1ce8e9fdafcce8c17d5ac9eb,spk_2838,Canadian English,female_feminine,fifties,7,4.27,6
common_voice_en_200083.mp3,canada,"Besides that, there was a heap of bicycles.",efd828b07bc69a5bb6cee62165a648989c9177629cb1058177a66e2de2e4e18a,spk_2863,Canadian English,female_feminine,fifties,8,4.58,7
common_voice_en_214652.mp3,canada,The best things are not bought and sold.,0e178d7839ca203ecafa55cd31c04ea5983fc33f5ba6f9df860d8f8773652fa7,spk_2873,Canadian English,male_masculine,thirties,8,3.58,6
common_voice_en_618667.mp3,canada,"This man looked exactly the same, except that now the roles were reversed.",47dd8255ab5d9de6302c9c04ae785cf0d0df2f5ca5e662a20e829eb9237b097b,spk_2883,Canadian English,female_feminine,twenties,13,6.1,7
common_voice_en_189967.mp3,canada,But then he remembered that he wasn't going to have to pay anything.,1fc97ce666e71c132047f96a9d0a8fa57198e120dbd27f4fd6f5d2b5b54cd4b8,spk_2889,Canadian English,female_feminine,twenties,13,4.58,7
common_voice_en_658179.mp3,canada,They jetted off to the Bahamas.,0480763114186563fc2dffba299b5f4633b4acd1cff3de08674a0152ababe560,spk_2896,Canadian English,male_masculine,twenties,6,2.62,6
common_voice_en_17265742.mp3,canada,"Speedbird niner, turn left heading two seven zero, climb and maintain flight level three five.",04c4f546e9345eb8adc1624a0ff4ba15,spk_2914,Canadian English,,twenties,15,6.65,7
common_voice_en_17429706.mp3,canada,"Glass eel is on the menu today, but it's too expensive.",35e3e598d1b30f62ffa7db535048fd62236f4b5c2666af049bbb471eb1eb931d,spk_2923,Canadian English,male_masculine,twenties,11,3.62,7
common_voice_en_514043.mp3,canada,She's a feisty little ferret.,6f3554755bb69d5734679acdd9fa47b24e1eb4add39d44078f7b964e5735f21e,spk_2926,Canadian English,male_masculine,fourties,5,3.02,5
common_voice_en_17920916.mp3,canada,And who are you?,f7e3892279631755bf9ebe3cbdb3c571f8ab3ae10b2fa1b5c57956df3913a70a,spk_2938,Canadian English,male_masculine,thirties,4,2.26,6
common_voice_en_508938.mp3,england,And I guarantee that they'll graduate with highest honors!,62c724290b2309d5f046f88307f55a09defe3523952cf128de9cee9ed459e604,spk_0001,England English,male_masculine,thirties,9,3.62,7
common_voice_en_17627141.mp3,england,This was your plan?,6f7aaf9f4873cf776029944e6858a3a73e444717f5b8672f3ce7c8bb89b22c14,spk_0005,England English,female_feminine,twenties,4,2.42,7
common_voice_en_668572.mp3,england,The crowd swayed a little as I elbowed my way through.,cecb266d94f1bef4ac52f130b7383c196b1027f7427fdf9f0a6a328297c68c5b,spk_0014,England English,male_masculine,fifties,11,6.84,7
common_voice_en_520133.mp3,england,"I didn't find the blow-dryer, so I just used the vacuum-cleaner.",d5f867d87a06db9e8c35f7a37690d9739982ad6d91bf39598bea70f08960d492,spk_0018,England English,male_masculine,twenties,11,4.61,7
common_voice_en_17363684.mp3,england,"I'll be travelling home on Saturday, so probably I won't get anything done then.",51151440003588cb0629631d02f5ad8b19d4a4b6b209e4464fdd9f0d93829657,spk_0042,England English,male_masculine,fourties,14,3.94,7
common_voice_en_77250.mp3,england,But can we trust him?,3d415c7f84e2386c49123ee8f20759ac631d9a9f6d295640310672630a5e43c9,spk_0051,England English,male_masculine,twenties,5,1.75,7
common_voice_en_17372037.mp3,england,It is so very good that it's good for nothing.,7c383256c406ea1115d4cc62eddf9a89454e4552db6e59ed853260435da999d4,spk_0061,England English,male_masculine,fourties,10,3.67,7
common_voice_en_190472.mp3,england,You can't believe it's not butter?,67bd7f45eabb951c741d6c9abcf2d24dc79249d05c9dce0dd8654623a3b4a7e5,spk_0062,England English,male_masculine,fourties,6,2.71,7
common_voice_en_17757181.mp3,england,Overhead projectors were popular in the twentieth century.,78aefd12d2b45ca85234ed2bb04f8442bfea949a3e4d35043bd810e85583bf59,spk_0081,England English,male_masculine,teens,8,3.86,7
common_voice_en_602797.mp3,england,The clock was slightly askew.,ab272d711e115b468b7f76a630aaed88b6308f64eed4bd56d250763548a97c6c,spk_0093,England English,female_feminine,fourties,5,3.86,7
common_voice_en_17873478.mp3,england,"The python wasn't a snake, it was a programming language.",c59e0d18a702d659247fee8094d2131af7f5021df4ae8a47532395a344f87977,spk_0114,England English,male_masculine,twenties,10,3.82,7
common_voice_en_146680.mp3,england,Tangier is not like the rest of Africa.,e407cef06b6dbbb50d0f63ea5f02cf7bcc6962555ac915566a3d41e4221e3e8d,spk_0122,England English,female_feminine,thirties,8,2.88,7
common_voice_en_537536.mp3,england,Everything has been written by the same hand.,40b427ca729e2f69930dbb32fadc3168212510e585bba0ccb7eeb139e5049ab8,spk_0123,England English,male_masculine,sixties,8,4.2,7
common_voice_en_515665.mp3,england,Don't forget that everything you deal with is only one thing and nothing else.,ec85f6fc86aaea7c973bc3a995bf80d8a66920892ca538d716f0154759badea8,spk_0143,England English,male_masculine,twenties,14,5.02,7
common_voice_en_17434666.mp3,england,However did you manage that?,3bbf975e12ecf6af452c2b0fb3573bb7da71514262099293eaec5da319d4c72b,spk_0155,England English,,twenties,5,2.38,8
common_voice_en_18178857.mp3,england,"Oh my god, they killed Kenny!",e2e03243aada68b757ec6ab6d6e171eb3abb71c0898ce01e857c3616d4aeee6b,spk_0157,England English,male_masculine,teens,6,4.27,7
common_voice_en_556988.mp3,england,It seemed so safe and tranquil.,9997b63e7227d9c4f77e45c15a29ab38fec22f891874fa3b38038935dc24d0e3,spk_0160,England English,female_feminine,fourties,6,3.12,7
common_voice_en_166132.mp3,england,"I heard the land where the hobbits live, the Shire, has actually been filmed in New Zealand.",8bae1a65d6f2f8a53bc390228f7cf72e7e0ccb6265f687602f943f977cc1e319,spk_0170,England English,male_masculine,twenties,17,5.78,7
common_voice_en_45173.mp3,england,It was as if the world had fallen silent because the boy's soul had.,3dd6adea111ccb3a580e200d1051d59127d8420bb4f49936f70d429e0b41ccef,spk_0188,England English,male_masculine,twenties,14,3.53,7
common_voice_en_180146.mp3,england,The boy observed in silence the progress of the animals and people across the desert.,3a56b6227977b0d50d35ec11c098e3a5c3f201249816543b63885bce0fa695cd,spk_0196,England English,male_masculine,twenties,15,5.9,7
common_voice_en_17357684.mp3,england,"Television can make you dumb, but it can also be good education.",9f5ac32235f56863120a53547f8346505e4844d84929ae6ed88fc218759e105c,spk_0203,England English,male_masculine,twenties,12,4.94,7
common_voice_en_15734194.mp3,england,A force equal to that would move the earth.,16e944b6896e79974ec182dcfd47c98e8f7017dc3e0fd44985e9a27f03154f72,spk_0218,England English,male_masculine,thirties,9,4.22,7
common_voice_en_622924.mp3,england,We can describe the object's movement with a differential equation of second order.,f86383a17058b61cf1452e83dd17c2df5decebfb979c8195e1051ffca63bd796,spk_0220,England English,male_masculine,thirties,13,5.4,6
common_voice_en_696554.mp3,england,How would you like to work for me?,80772716640dbe084c7bbf50d4681c04f7e6f5df1be4a3fbf7465a5edbf694d2,spk_0227,England English,female_feminine,twenties,8,3.02,6
common_voice_en_678051.mp3,england,Henderson went into the railway station to telegraph the news to London.,fe37145c7e48cdff57a53f16d8317fc8403709bac4a9efd2d61e0bc09130b726,spk_0230,England English,male_masculine,teens,12,5.64,7
common_voice_en_571622.mp3,england,"They were tribesmen dressed in blue, with black rings surrounding their turbans.",93a4435fbdc339c99010256b4c9c54d486d48afb2060e5614c1a6b76aee9830e,spk_0232,England English,male_masculine,thirties,12,5.14,7
common_voice_en_54954.mp3,england,It was faintly marked with transverse stripes and slightly flattened from the perfect round.,be19afd10cfc0880d41a5a401a529bd9e0407ca936483d74f25aa926ea975c62,spk_0234,England English,female_feminine,fifties,14,8.86,7
common_voice_en_17444600.mp3,england,"Your gran's been nicking stuff from the corner shop again, mate.",d828b950cd258b65952d5b58295dc6e57a55a4d77bf35d546b0c2accf8a5102c,spk_0236,England English,male_masculine,thirties,11,5.71,8
common_voice_en_214715.mp3,england,You need more evidence than that.,21456f5ef4734abc5d0c87ff5ba8ecdbd8f8a0168cc4e241e0b901db5c0cacbd,spk_0252,England English,male_masculine,thirties,6,6.98,7
common_voice_en_101000.mp3,england,You have been a real blessing to me.,e1db0444cea9368a231d480668932c65c968309bff5cb12615df0a365fdbaaec,spk_0267,England English,male_masculine,fifties,8,3.0,7
common_voice_en_18233923.mp3,england,Experts of geology agree: Yesterday's tsunami was just a herald of the imminent apocalypse.,ef0ccf1769c124c1b1a36826cae03cf93825b5e2233ddb2ee972f81c5320240a,spk_0269,England English,male_masculine,thirties,14,7.87,7
common_voice_en_18199315.mp3,england,"Kenneth reacted badly to the steroids, he's under observation for the next hour.",c294676d99a22914f6265632ebad2fe6386fec85ff3d626bae38c89f4fa50a33,spk_0288,England English,male_masculine,teens,13,7.15,8
common_voice_en_504873.mp3,england,"Half an hour later, his shovel hit something solid.",18802b8221a1c925c099a4073acbefefa1b211c5b0fed2707179f24414a4e923,spk_0302,England English,male_masculine,fifties,9,3.89,7
common_voice_en_698254.mp3,england,Today's world is full of commercials.,4937482cd4eae3bee8168347466b1ca9bc076d864b287ed353a38bf0538d969f,spk_0315,England English,male_masculine,teens,6,2.35,7
common_voice_en_644766.mp3,england,"In those days, very few of the people had any idea about astronomy.",6893a75dcf5a21b6369413469a037d9e1dfe05e161d14eb0e181ef8557a6620e,spk_0320,England English,male_masculine,fifties,13,5.02,7
common_voice_en_17568096.mp3,england,"After the dictator's rule of forty three years was over, the country was devastated.",3102c759e00e865c3b356de375cc2a08bf95f162a32e03feb5c92635a16f9ece,spk_0335,England English,female_feminine,twenties,14,7.49,7
common_voice_en_18117167.mp3,england,Is it actually unusual for a planet that its axis is tilted?,b0a1782276cfc5709d15b5a0f1a838103846c52435dfd53f79ddf297122d3655,spk_0337,England English,female_feminine,teens,12,4.44,8
common_voice_en_18290170.mp3,england,Have you seen Hollie?,81d48a4077dd0d7aaf784656d05aafe71e802fbd978dbc683ca137e929165693,spk_0338,England English,male_masculine,twenties,4,2.21,8
common_voice_en_17635547.mp3,england,"It's a long way to Tipperary, it's a long way to go!",8d7f09c46c87df28a8d0fdb56a3bc98b1de9f7cf3935c3d17092365389b5c6c6,spk_0340,England English,male_masculine,twenties,12,6.7,7
common_voice_en_17891118.mp3,england,"He's an idol, but he's not a saint.",76a6a3ce549df99f2a6f6c270da03b6e2b728b3b6acc78e7c7439f16f9c3fb32,spk_0342,England English,male_masculine,twenties,8,3.5,7
common_voice_en_87554.mp3,england,He heard a muffled grating sound and saw the black mark jerk forward an inch or so.,af1bade7770d20ff14a840631553758ab4282855a1233a66a58f0577b68e5eec,spk_0344,England English,male_masculine,thirties,17,6.34,7
common_voice_en_82847.mp3,england,"Hundreds must have seen it, and taken it for a falling star.",56b4b23e494d8df0cb2836cc51a7734c6945cc8c4a39000da4733dae0ee78a2b,spk_0348,England English,male_masculine,twenties,12,4.44,7
common_voice_en_478825.mp3,england,"It's almost as if he had been here and left his mark, he thought.",6f82413eb70cd542fa5b5f43d0b3da3ad271c26be2e0eed574096c38df5a44bd,spk_0351,England English,male_masculine,seventies,14,6.48,7
common_voice_en_17629897.mp3,england,And what are you doing here?,0743bd69d78f57bf41debf168eaafb9fec3e630631f59bcab705fba084897a77,spk_0354,England English,male_masculine,teens,6,1.9,7
common_voice_en_616674.mp3,england,The end of the cylinder was still as Ogilvy and Henderson had left it.,2b8be411397e45b623e13d97cd5fefd70250e95c471a3091934ef2f6f49c0e43,spk_0360,England English,female_feminine,twenties,14,6.62,7
common_voice_en_675456.mp3,england,All who went there were happy at having done so.,35f3bef7075d777608380d8022dd2d67706c06c1236465d5b9a5c8f2da7a2605,spk_0369,England English,male_masculine,sixties,10,5.86,7
common_voice_en_632494.mp3,england,"On the third day, the chief met with his officers.",18c9512484029f01f1efbd80d856381de4c6f028167d34db66a06d67b91bd4f0,spk_0371,England English,male_masculine,thirties,10,4.32,7
common_voice_en_18386910.mp3,england,Brian is leaving today.,d577af80f18f9e3f295f7772dbcf349cb719413e67b2bde5f44a808c6bd9acbd,spk_0372,England English,male_masculine,seventies,4,4.03,7
common_voice_en_118464.mp3,england,Do you know that I threw it away?,905033007cb43f66e711f0bd643b9cab1649efd09da701c16a5a48d1bd879713,spk_0381,England English,female_feminine,fourties,8,3.72,6
common_voice_en_17391912.mp3,england,Did you hear anything?,384572a8af6d87e132f715e17be938b27ae1aae479270a247a1ce9975b8cceb3,spk_0385,England English,male_masculine,twenties,4,2.62,7
common_voice_en_59374.mp3,england,I myself heard nothing of that.,9c294af3447419605ea86eddc9a8e62e2a18a37ecf92b323d63b3db3b412c4be,spk_0415,England English,female_feminine,twenties,6,2.42,7
common_voice_en_56356.mp3,england,"""Lots of places sell tea around here,"" the merchant said.",18dc302ff137144b3483bf7cfe44b57076cf153bedab645977833a9cf160cb0b,spk_0427,England English,male_masculine,seventies,10,6.62,7
common_voice_en_17785488.mp3,england,William ran down the street.,b98eef4436903bf9f8fd85e64ebddfb90fb815eea00d728f0002451808019410,spk_0430,England English,male_masculine,teens,5,2.3,7
common_voice_en_538600.mp3,england,He knew nothing about the customs of the strange land he was in.,6cb0abcceed4b83d6a90866461b83c6255395e7c2b9d7f63d8fbf989b1286acb,spk_0435,England English,male_masculine,sixties,13,3.5,7
common_voice_en_17667976.mp3,england,"Well, you shouldn't have any trouble then.",20787f834fa6f11f17ec89aa0ad4635f4ae2c04368f384184646192d21871793,spk_0438,England English,male_masculine,thirties,7,3.55,7
common_voice_en_33325.mp3,england,Ogilvy watched till one and then gave up.,2d4379cbac7855ec906fd63897cbbf0d4f55ddd7d3522446843b214d54a21ae7,spk_0460,England English,male_masculine,fifties,8,3.86,7
common_voice_en_491171.mp3,england,I went stretching my legs clumsily and feeling my way in the dark.,8b9297d26d654baf817fa6eaa9b1eddcdd7ea268efdff211af918d3008552d1f,spk_0462,England English,,,13,5.81,7
common_voice_en_17413853.mp3,england,"The hare springs out, when one thinks not of it.",ff2eb5a12d06afc990fedd4a4b2293501d57ba18d08c692424fa6dc7e98e9023,spk_0466,England English,female_feminine,twenties,10,3.96,8
common_voice_en_190787.mp3,england,Others stumbled upon the stone by accident.,5d0ff9689660d9cda5b25096db47494ed71d8768a877697c28e0a2180ccc94ba,spk_0474,England English,male_masculine,thirties,7,3.65,7
common_voice_en_693512.mp3,england,The night was warm and I was thirsty.,46a9951ca69adeac5441ff15330f4bb2208d54e9cdbe64c94655d4971b47ffbe,spk_0476,England English,male_masculine,sixties,8,4.27,7
common_voice_en_477564.mp3,england,"You don't have to be rich, skinny, popular, or even own a cape to perform a random act of kindness.",d5f6d912279131ebcf13cec74cada4b33a362722c3a813b338efa1cee6800ace,spk_0486,England English,male_masculine,fourties,20,7.66,7
common_voice_en_20094.mp3,england,"Salmon is one of the most popular fish and very delicious, though usually not sustainable.",005dea64ca3cc2d281a78e15a7d45d90b7f2b41f6f3db163e9dca90b572c7dc4,spk_0499,England English,male_masculine,thirties,15,6.02,6
common_voice_en_3412.mp3,england,This is for you.,8ae344c5f2ca5adfbdc1345025af9743af9286f8d34dc4cea24dc27c9bd0773a,spk_0500,England English,male_masculine,seventies,4,4.25,7
common_voice_en_140322.mp3,england,I thought you were going to teach me some of the things you know.,2bb4c47532710dc167c1e521530111b8096cb0bb159ed1c66ff79ebfed680cbb,spk_0506,England English,male_masculine,fifties,14,5.02,7
common_voice_en_18248788.mp3,england,Don’t you understand me?,43b0bef6379733135ffff90bce909405985609e9f89295567be2962daab807a2,spk_0532,England English,male_masculine,thirties,4,3.6,7
common_voice_en_529064.mp3,england,"""No,"" the alchemist answered.",a47886574acebc2aca2810349172419ba556a0d936588811b4ce2be0adda3bf2,spk_0537,England English,male_masculine,twenties,4,2.54,7
common_voice_en_85273.mp3,england,Maybe he should not call people names that they don't want to be called.,341872470dae2316d56b1a70075069cfd7952aed4600263854a2fc240b0ff353,spk_0540,England English,male_masculine,thirties,14,4.82,7
common_voice_en_17878598.mp3,england,"Lions hunt their prey with sprints, whereas wolves take advantage of their stamina.",9cf9a181091e23f4b49e4a05b790ac5fc95f76ab2f8bb3d3dc0a337fffcf6782,spk_0544,England English,male_masculine,teens,13,7.63,7
common_voice_en_18087437.mp3,england,Look before you leap.,a9e5251f210b641727e6e05496eda06261259999fbe54b4988a606a4205d9df5,spk_0556,England English,male_masculine,fourties,4,2.38,6
common_voice_en_18354221.mp3,england,"Well, there's a big difference in sound.",d39726d3deb9fcff0c96964654e03fb5860816d0c37a5ddb70cd53ac995eebb5,spk_0580,England English,female_feminine,twenties,7,3.74,7
common_voice_en_17387354.mp3,england,"Bananas contain a lot of sugar, even though they are fruits.",4f9d85329192361d93469621282f67b68e7f450866bd2c73f1fc854b289e1d56,spk_0595,England English,male_masculine,fourties,11,4.58,7
common_voice_en_17933433.mp3,england,What on earth do you mean?,365637fe6215993e1a580fb8cdaae242eef90b076f494771ab7fc4fa7d1e69be,spk_0599,England English,male_masculine,fourties,6,2.66,7
common_voice_en_18171913.mp3,england,There's no accounting for tastes.,ccbbb0c3a6bbb2ce8cb69245d1308aaa858c5c7ce608f80c55e5090cadd772ae,spk_0601,England English,male_masculine,thirties,5,3.14,8
common_voice_en_18230906.mp3,england,Don’t you like it?,1186513d9b16ca566b96ed796672f6cdc928980a98b74b46592c5b1b0509a1c7,spk_0619,England English,male_masculine,thirties,4,1.99,7
common_voice_en_46974.mp3,england,"Pink foam floated gently through the air, landing on the parked vehicles.",af5e32315ee7897c4a49b6aa21481289732f65c328a8cf056b19daa9de00696a,spk_0621,England English,male_masculine,sixties,12,4.87,7
common_voice_en_583914.mp3,england,He stood irresolute for a moment and then scrambled out of the pit.,21ab88c247c6a72eab8675717b0c89cbbede062cf4e9c5982de5922ca86d713c,spk_0624,England English,female_feminine,twenties,13,4.94,7
common_voice_en_496573.mp3,england,The boy awoke before dawn.,e8caab5caf32f27c6c892aeb7e0666b1d557faad31a57039f949bb9e7677df4c,spk_0627,England English,male_masculine,fifties,5,3.53,7
common_voice_en_18043688.mp3,england,Victoria was born in nineteen-seventy-four.,6daeb59e34ef97723fd1578dba6fa34c51a9ede31bce486d5d474db588999572,spk_0629,England English,male_masculine,twenties,5,3.38,7
common_voice_en_17776104.mp3,england,"No, I have a single mattress and my office floor.",c0994b9d41dbeb20c7c82a9134f2fcbf6a0310a33535593b4a0c97dacc7e30b3,spk_0632,England English,male_masculine,thirties,10,4.22,7
common_voice_en_17748793.mp3,england,The building is scheduled to open in twenty-twenty-three.,4ee8242229eeb94b1c0366324aa4dfdf12b7231d3ae861a6b534d5de3dafd0dc,spk_0638,England English,male_masculine,seventies,8,4.49,7
common_voice_en_17364312.mp3,england,What’s his other name?,002d9ce9b23f703382a0e01b478bf7092b10b5df791688b2150c53d8cf2549b5,spk_0664,England English,male_masculine,thirties,4,2.02,7
common_voice_en_491402.mp3,england,He recited an Our Father silently.,403f8c8d587cdf74f7de3d6a33eb8ce2fb93e032ee28756680d38848ef8c006c,spk_0670,England English,female_feminine,fourties,6,5.18,7
common_voice_en_17363898.mp3,england,Do you understand that?,1138f030349920eda8eba067dec6708878f19a7019c3a601788e2b9a275c54e6,spk_0687,England English,male_masculine,thirties,4,2.54,7
common_voice_en_18361310.mp3,england,Why are you doing this?,c15df2f330a438e2bcedf10794856e2808ffc41e00deaf7635a2823aa19288e7,spk_0691,England English,male_masculine,thirties,5,2.42,7
common_voice_en_7706585.mp3,england,"It was sprayed in red, with yellow edges.",43cad5d01e9b2a06e24ff8ce8a2f30a8dc239514030956cd0e09f90444198c5b,spk_0693,England English,male_masculine,thirties,8,4.42,7
common_voice_en_17484764.mp3,england,"After twelve hours of rowing, Darius climbed out of the canoe, and lied down on the beach to nap.",6177f5429e1b18a4c4de0898f0b179c36445da7f2c7eb2675c711002bfa1f2d8,spk_0698,England English,male_masculine,sixties,19,8.06,7
common_voice_en_605706.mp3,england,"As they moved along, the boy tried to listen to his heart.",5e892f4ff6346c235ea95fdd93e633cc1a143d53a20bb2726690315a398ede81,spk_0706,England English,female_feminine,thirties,12,4.82,7
common_voice_en_516472.mp3,england,"""What's the world's greatest lie?"" the boy asked, completely surprised.",ea2c59f9817d38591c1d8e2bbcbd7638a3872388f1cbf81270704e743a9ab722,spk_0713,England English,female_feminine,fourties,10,5.38,7
common_voice_en_75118.mp3,england,Replace the Ts in Tim Tebow's name with any other consonant to get a Star Wars character,6e5f618528ac4fde945003a0063d98866cf41c291841cb5e2c4e66a368eac9f2,spk_0716,England English,male_masculine,sixties,17,11.9,7
common_voice_en_88450.mp3,england,"""Well, I'd like to see their land, and see how they live,"" said his son.",fdda5ac34b007ce06edd4518b8f64f66cb0f5631be25d4b489eaece8f6998099,spk_0724,England English,male_masculine,eighties,15,5.54,7
common_voice_en_204791.mp3,england,"But, just before lunchtime, a boy stopped in front of the shop.",d0d1a7b6588cfdfebac8941241bab9bbef827345150609a5bd8aa72700550aaf,spk_0726,England English,male_masculine,thirties,12,4.94,7
common_voice_en_541674.mp3,england,I found a little crowd of about twenty people surrounding the huge hole.,3bc45fc5762049fc35459b7bf2b70ab36b9622237a88f7b9b105e0a778341446,spk_0728,England English,,thirties,13,6.26,7
common_voice_en_555365.mp3,england,"He was older, and was carrying a small bucket.",6ec5e8aa195ac8181a5b5c38bcadc01d1c495b1a5818834800ddb944964f59d8,spk_0733,England English,male_masculine,thirties,9,3.58,7
common_voice_en_674088.mp3,england,The people were also praying to heaven for protection.,9a5a73042eb8bfd1eac99ea7a1d57ae1b6bf49e6a963ed67db6e3c859ad5bbd4,spk_0738,England English,male_masculine,fourties,9,3.67,7
common_voice_en_142030.mp3,england,They tell their incredible stories at the time when you want to hear them.,4584e313ce42fa42a0e3b872ad068efb90c6bebb9525cf527b0bf627a5ded985,spk_0739,England English,female_feminine,fifties,14,5.57,7
common_voice_en_17400424.mp3,england,Have you ever been to Singapore?,87cabae0f39470a2b5663d598e8b703f5872bbd9aad247f5658259d27a4a3c16,spk_0752,England English,male_masculine,thirties,6,2.66,7
common_voice_en_536468.mp3,england,"The shop folks were taking down their shutters, and people were opening their bedroom windows.",ade0989a4d24ecbf85172bc9c6c03136398d2c440aec48a0f13be83de9a33bf4,spk_0796,England English,male_masculine,fourties,15,5.62,7
common_voice_en_60613.mp3,england,"""Should I understand the Emerald Tablet?"" the boy asked.",30b85c25d16227b82ae0f3a7dc9197b51ef5fb9c7266e0c813c32317e32346ba,spk_0818,England English,male_masculine,sixties,9,5.14,7
common_voice_en_685519.mp3,england,The only shadow was that of the few scattered pine trees.,ce97f267eadad8ad39863c36b26fd7400c1ddc8e0e49c1ae4cc3d4b724941d09,spk_0821,England English,male_masculine,twenties,11,4.18,7
common_voice_en_18101913.mp3,england,What was she to do?,573e850d9a61fe7b17ef362d680f7f0d3097c50c8b0b4bc6fbc5561cbe0ad345,spk_0825,England English,male_masculine,twenties,5,3.29,7
common_voice_en_18369667.mp3,england,"Hey look, a flying pig!",7e08352873cf61f1b8387baa801a02f02b84c4aee19388fefe383aceb546e962,spk_0837,England English,male_masculine,teens,5,2.04,7
common_voice_en_669134.mp3,england,They never found the secret.,574b323c39c4a9d9336b2148884afda6b337d3e975325e2e4dd3d5602e9c9557,spk_0842,England English,female_feminine,sixties,5,3.19,7
common_voice_en_505449.mp3,england,It may be the gases of the firing that caused the Martians inconvenience.,c446b5903aa0780f41c2de996916b83805e01ead4c96d099f367ff6d7d21d450,spk_0843,England English,male_masculine,thirties,13,5.42,7
common_voice_en_680448.mp3,england,A boy came running towards me.,31307891bca6dc6bfe06fdc04067e9c7a923f804450195a52f899f18c09e7cee,spk_0846,England English,male_masculine,thirties,6,2.38,7
common_voice_en_188748.mp3,england,"But he kept quiet, because he had heard what the alchemist said to the monk.",a4104599633e09610f0da731581d5a9ddb5138718e9865960be99d341c9d643d,spk_0850,England English,male_masculine,thirties,15,5.62,7
common_voice_en_139140.mp3,england,"Why the shots stopped after the tenth, no one on earth has tried to explain.",481e098b19bdd2e8e449d1fc9a9b2badfe636eadaaf27f1b04f42f4352f59660,spk_0862,England English,male_masculine,fifties,15,4.63,7
common_voice_en_18017777.mp3,england,How do you know that?,0734abba236e36359ae2306c4165a70f85836f50305c980fab4f9e275f58074b,spk_0863,England English,male_masculine,twenties,5,1.56,7
common_voice_en_17921993.mp3,england,A lame back kept his score low.,2c145ead2c6fa7469877fa8546b966d36f8f8a6bde17efe4309161660b611b57,spk_0868,England English,male_masculine,thirties,7,2.81,7
common_voice_en_488803.mp3,england,The boy knew a lot of people in the city.,599e48064475b039465b0eee15a2968a780ff7e8af83e359bfdb91d1c44e4cfe,spk_0915,England English,female_feminine,sixties,10,4.56,7
common_voice_en_13006.mp3,england,But the boy never took his eye off his new friend.,9c851b2581ab5c294944552d69685c4fc5dea60d52919afe558fbf2c9cc88e2d,spk_0916,England English,male_masculine,fourties,11,3.62,7
common_voice_en_17589871.mp3,england,"That is one possibility, but we would both prefer it did not happen.",7e12b6c10a5b7fe745797187c30b3d3e5b1cd8d6271111bf6033730360b9582f,spk_0927,England English,male_masculine,teens,13,6.12,7
common_voice_en_659620.mp3,england,I SHALL MAKE US SOME ICE CUBES.,0f6dc3736b36defa01fe539f2615f859dd332146153361b1bebc690e5b2499b6,spk_0930,England English,male_masculine,twenties,7,3.86,7
common_voice_en_17367078.mp3,england,Who is responsible for these parrots?,59204ee5b27621e2895e22dc5c5a32951a09646c59313d0068bb3ebe2c0d5665,spk_0932,England English,male_masculine,thirties,6,5.62,7
common_voice_en_166428.mp3,england,The Englishman was disappointed.,cd6ffdd1c091faa5a6e19297c17f9ab047560ad486532f83ab417a8cfd04234b,spk_0940,England English,male_masculine,thirties,4,2.83,7
common_voice_en_685263.mp3,england,Sandra read aloud the strange excerpt.,58d033e6d98e8d5e4d5c0c5a540123099dd9a57894955adbbf4a801e9ac3ef89,spk_0947,England English,female_feminine,thirties,6,3.1,7
common_voice_en_110878.mp3,england,An huge hole had been made by the impact of the projectile.,df8a77dd6f414b3f114992652c255ba37430301240f99d0c492bc3aee51283c9,spk_0951,England English,male_masculine,fourties,12,4.46,7
common_voice_en_17391199.mp3,england,"However I am dressed, I shall still be Sancho Panza.",3c686e0c2e7e72c5df171e430fece3e241957a39ff06f3990ed9a3b96acfc5fd,spk_0973,England English,female_feminine,thirties,10,4.54,7
common_voice_en_107496.mp3,england,I only interpret dreams.,8b4ad404215f0bb48c266b5685bd78d4ae7e22d8e4a62d953eff3fed647ed484,spk_0977,England English,male_masculine,seventies,4,8.28,7
common_voice_en_499545.mp3,england,We cannot forget that farce.,20b11a28668ea1f43fba01715d65ce9f6d6ac02d2514640f00f89f3fe4a0452e,spk_0984,England English,female_feminine,fourties,5,3.46,7
common_voice_en_18092245.mp3,england,"Don't believe the lies they are telling you, invent your own instead.",b672f8ddba3c8a697a683642b515c7ff9f1b66e4c8816eb36a6f58ccb81c63ef,spk_0987,England English,male_masculine,twenties,12,5.02,7
common_voice_en_205613.mp3,england,The boy said nothing.,c690c5a2a79fdf3e7e26e9605fe1907a8d5f6cecfbcbd214c325bdb3bc067063,spk_0989,England English,male_masculine,sixties,4,2.78,7
common_voice_en_17900268.mp3,england,Do unto others as you would have them do to you.,164d56c318bbae35b7b1589291d1b744298dc480ed075011c7d82317873fc18b,spk_0990,England English,male_masculine,twenties,11,3.94,7
common_voice_en_196433.mp3,england,"""An alchemist,"" said the alchemist.",d4403d4e24649b868056b96effc45eccd80725e11b56e0dc909573870d4dc782,spk_1000,England English,female_feminine,teens,5,2.59,7
common_voice_en_541837.mp3,england,It's called the principle of favorability.,9c02188486a44d9b1406f5f04ac4fd45f49533c3f62e9ffd3df30fe1294d0483,spk_1008,England English,male_masculine,fourties,6,3.0,7
common_voice_en_17942156.mp3,england,"Even the weak, when united, become powerful.",4c0ba81fc78a6b0cacc2a2d47fc19508136db851f9bbaa7b18f57487d84a9d9d,spk_1009,England English,male_masculine,twenties,7,3.62,8
common_voice_en_17913817.mp3,england,"It was sprayed in red, with yellow edges.",b338e4a5fbd9f15dd5c10e38ea2e331bbdf64a333a7e2a76731ac3884cd87e80,spk_1010,England English,male_masculine,thirties,8,2.71,7
common_voice_en_15791297.mp3,england,I love spicy food!,ec61ef4e38043aefc3d286a5f6862aa6af81c530595fda391a2d91a3e95839d8,spk_1012,England English,male_masculine,fifties,4,3.43,7
common_voice_en_378929.mp3,england,Do you like contemporary paintings?,00ba1ac458ed26d5220cf9cd1d99efa2aa7453b4ddeeb199980bf4f3097d82b3,spk_1025,England English,,twenties,5,3.07,6
common_voice_en_429275.mp3,england,The police arrived at the scene thirty minutes later.,a46208ee1ebea00b5acd33e39ad04db1f6c2c54f6a9a0d9cf7ebed243784d12f,spk_1033,England English,male_masculine,twenties,9,5.18,7
common_voice_en_9795.mp3,england,It was such a gradual movement that he found it only by noticing the dots.,79bb0df86569cf0fa6e07fac54999b9aa2be0f6f1426264bf6ffffe7a568c80e,spk_1035,England English,male_masculine,thirties,15,4.44,7
common_voice_en_685972.mp3,england,He won't leave the circle.,5d72597880ca8e250fb7221b8ebc1c5342e8910173d540fa6c5d60b953cc2607,spk_1051,England English,male_masculine,seventies,5,2.95,7
common_voice_en_17271125.mp3,england,"Sine, cosine and tangent are three basic trigonometric equations you'll need to know.",d6386f8cae3fb56a70a97ea176d10374,spk_1055,England English,male_masculine,fifties,13,7.34,7
common_voice_en_541804.mp3,england,"But before I go, I want to tell you a little story.",f911c54ac46d866b98aae227369ec89b0194f051a6cc1c8a203d85eea6fe404f,spk_1058,England English,,twenties,12,3.58,7
common_voice_en_508615.mp3,england,"My wife pointed out to me the brightness of the red, green, and yellow signal lights.",d49d70ac432b746a64996d51bf31d9a37d2ddb226ff10a993f50db8d5bdf5117,spk_1059,England English,male_masculine,teens,16,11.47,7
common_voice_en_20525.mp3,england,But then he remembered that he wasn't going to have to pay anything.,1fc97ce666e71c132047f96a9d0a8fa57198e120dbd27f4fd6f5d2b5b54cd4b8,spk_1066,England English,male_masculine,fourties,13,4.61,7
common_voice_en_18374472.mp3,england,Do you know what kind of package it was?,9431c036e9a494ac17a63b78adac001c8a6d93767475444ba8c6cfb8ed1e4248,spk_1068,England English,male_masculine,thirties,9,3.38,7
common_voice_en_425937.mp3,england,We need grain to keep our mules healthy.,312e8b8c44bac7d6d9d69b87f8fc1d851db914250edcc0b6e91816bf20b9a7c1,spk_1077,England English,male_masculine,thirties,8,3.82,7
common_voice_en_17312149.mp3,england,"Alice, who the fuck is Bob?",ba0e123aaf74cee7d23a9179f1f9653b49f9985fba2ec30135e43d3446c777e7,spk_1082,England English,male_masculine,teens,6,4.73,7
common_voice_en_512178.mp3,england,But the crystal merchant had no choice.,d24ea002f6f97e2839c61028ad7a473348f38de4b5869ceb16d02984d8b0caf1,spk_1085,England English,male_masculine,,7,2.5,7
common_voice_en_17727519.mp3,england,What joy there is in living?,c601ef359df60891efcd292c5876e9d224531b80ec32821c8c06dcd738642cdb,spk_1096,England English,male_masculine,twenties,6,2.76,8
common_voice_en_582091.mp3,england,It had told him to dig where his tears fell.,c185ca8aada21dd24b640493ca6f8863778e3c75362e05fad6cd45f46884ed19,spk_1100,England English,male_masculine,fourties,10,4.56,7
common_voice_en_17368218.mp3,england,Tell me what it is.,b24c99b8492ae4137aa4a2b8372c9f0e04e7b9da2bff581020510c7cf75bb906,spk_1105,England English,female_feminine,thirties,5,1.7,7
common_voice_en_17532627.mp3,england,What are you talking about?,ad17c5fc7f7540e020ba7c0af2b5326dce8cf630ec9716f7936298a6c1a4c532,spk_1114,England English,male_masculine,twenties,5,1.82,7
common_voice_en_17252573.mp3,england,"When I have read a million of these sentences, I am going to apply as a professional narrator.",df79f4690ed1ed0c74378db82e8fde8bf79c4155d19c66a4f83815aa518aebf6,spk_1119,England English,male_masculine,thirties,18,6.14,7
common_voice_en_17403402.mp3,england,"To make pure ice, you freeze water.",217dad8186a77162c64d0777c4ee27ebc92db7628be52fae68874f3ca506d2e5,spk_1123,England English,male_masculine,fifties,7,4.82,7
common_voice_en_537697.mp3,england,Compiling the Linux kernel can be time consuming.,a5b7e681c39beddbaf69e7e83f42b9fe611153e2a22104163f89b65f770f00db,spk_1127,England English,male_masculine,fifties,8,4.44,6
common_voice_en_17301733.mp3,england,"The more you read, the better you will be understood.",7b5b2eb0a50e1f553ac726e9be677d5043b6ed55e2a0f8bf483056a61710175b,spk_1130,England English,male_masculine,fifties,10,4.78,7
common_voice_en_18146537.mp3,england,Knowledge is better than riches.,65e9f4537fbdc36c05034e8b413262b12a314ea04ef223f62629638075e803f3,spk_1140,England English,female_feminine,twenties,5,3.1,7
common_voice_en_16666129.mp3,england,There is no fire without some smoke.,4cfa3fc453f285d0be9a86a0ea14b49f157af2334ca8bb4e555af34f01e73ad5,spk_1181,England English,male_masculine,twenties,7,3.26,7
common_voice_en_530741.mp3,england,My review of the sun: one star.,0126407f34103cd72d511de00e0de327af8f31bf6c4e1a2c65a588e07590bb7b,spk_1182,England English,male_masculine,twenties,7,2.93,7
common_voice_en_39999.mp3,england,It must have fallen while I was sitting over there.,834b8492265abdcf7f0479d7f8813181599edea5b4633f9ecc2ab2834deb0186,spk_1195,England English,male_masculine,fourties,10,4.32,7
common_voice_en_646631.mp3,england,"On the first day he returned with a rabbit, and on the second with two birds.",34c53567fea56ba5e040cd80c04a4538bcade37dbf5d96474127e21203d14f5a,spk_1232,England English,male_masculine,twenties,16,4.56,7
common_voice_en_137423.mp3,england,"It was seen early in the morning, rushing over eastward.",c5f6f0b34bb640717b5580f654b6e6e2573820df7fe41a9d4826dee25fbafa25,spk_1241,England English,male_masculine,fourties,10,4.82,7
common_voice_en_17393465.mp3,england,"Sometimes, I experience so much pain that I cannot sleep at night.",38c2eecd86127cb571a96de4f242081493e67ea46ae17ad329398fab03cab96a,spk_1242,England English,male_masculine,twenties,12,5.28,7
common_voice_en_122457.mp3,england,He must know how to deal with the snakes of the desert.,9464dc82c35f585ab5acb085a56d53bdabc91c23d3a940960ed2679952fc98c0,spk_1254,England English,male_masculine,fourties,12,8.66,7
common_voice_en_652610.mp3,england,"That night, there was another jetting out of gas from the distant planet.",6dcd230e0da7b0856f08dbca69022787fad07da4eeef202c567e01f0f10d5ec3,spk_1257,England English,male_masculine,thirties,13,6.31,7
common_voice_en_18005961.mp3,england,"""That homicide case is giving me headaches"", the police officer said.",56846b48dfb7ad2534aba044b900cba99b07b0e0ec929815571d274fc6481388,spk_1263,England English,male_masculine,fourties,11,6.48,7
common_voice_en_168785.mp3,england,They shouted consolation and promises and went off back to the town again to get help.,435f83b0d17a87376da6d2b1439da69d3bede9c611a61e15718d55eadf149e1a,spk_1270,England English,male_masculine,fifties,16,6.1,7
common_voice_en_190676.mp3,england,I heard a peculiar humming sound from the pit.,9b6b4ecf78b2f72ac4881a684b90fa856f66685aa04f2969c927bd9855effe19,spk_1272,England English,male_masculine,teens,9,4.63,7
common_voice_en_18113875.mp3,england,The other bridge was for everyone else.,5bcae12a1b4a4375d6c5332be22d9719e4d0e8c4601b298e530f745e7b9d00ae,spk_1286,England English,male_masculine,twenties,7,2.95,7
common_voice_en_16297.mp3,england,Absolutely despicable that gingerbread men are forced to live in houses made of their own flesh.,b47a7ed9ae7d6389db2e471ff466ca22b4fd3d135bfad0097176f520f0f6047b,spk_1291,England English,male_masculine,thirties,16,6.34,7
common_voice_en_18087426.mp3,england,"Well, what is it?",d8df58d6c66a2988bc5148acc4bbb187520786b6cea3ae3f79eabd29e6de0e51,spk_1302,England English,male_masculine,eighties,4,5.42,8
common_voice_en_17403146.mp3,england,"What is it, dear?",aff6b8325373465b269dc9f51dc6273524190dfbadfa6bce5f07176d7f19a3d9,spk_1309,England English,male_masculine,fourties,4,1.92,7
common_voice_en_565880.mp3,england,The boy awoke as the sun rose.,e8979934162b0e1e5e1312b1b4b16ddc6ce28187142c156b3480833e537e8fe8,spk_1319,England English,female_feminine,sixties,7,3.79,7
common_voice_en_17245974.mp3,england,Mosquitoes are annoying in the summer and can even transmit illnesses.,3c98770fcb0271204e2f285664338efb276de00ff2fc6af53ec0d5ffe2d2d8f0,spk_1320,England English,male_masculine,fourties,11,4.37,7
common_voice_en_17295328.mp3,england,"Wow, this is a nice table!",9f78191cc437d7d2f34f5b7839fb6d3560fe97f36a6a2223142ddf67958d7ed2,spk_1340,England English,male_masculine,thirties,6,2.93,7
common_voice_en_17629566.mp3,england,What should I say?,1835a9e5aded0919923b1093b805aaebdb3914bd2abe051b40576d79dd1047b9,spk_1353,England English,male_masculine,twenties,4,2.71,7
common_voice_en_8407.mp3,england,The houses were squashed together like sardines.,cdcc1fc262caa2aefdb12e92f04b061acfdb3e9826c6b845ba2340ba5132cf01,spk_1354,England English,male_masculine,fourties,7,2.98,7
common_voice_en_102706.mp3,england,A large portion of the cylinder had been uncovered.,33f254fcb5c9576c322ec96bd828ce7179b4148c285dcff709bd8e0c6cb1c4fb,spk_1397,England English,,thirties,9,6.46,7
common_voice_en_17298419.mp3,england,"Curses, like chickens come home to roost.",75e3d129803f34ed9c778ea99bb7d14829841ba5e96450c80558b68aa58e22c6,spk_1399,England English,female_feminine,fifties,7,5.38,7
common_voice_en_17947975.mp3,england,"Ladies and gentlemen, this is your captain speaking.",bf0d475b89df9ec633b3eb1368f63ea418eea4c06190e8c27711f395a9015297,spk_1410,England English,male_masculine,fifties,8,5.11,7
common_voice_en_32971.mp3,england,He was immensely excited at the news.,46d7285108e85168254c6f5d3c530bda1da3915ad05a4ffa4cfbfe66d72ab1bf,spk_1411,England English,male_masculine,fourties,7,5.18,7
common_voice_en_18390697.mp3,england,Can I pay in cash?,bf4dd4a18d937351e936b3f8ec2f812542fef7710ed46dac6672864343a786e2,spk_1412,England English,male_masculine,twenties,5,2.86,7
common_voice_en_18089737.mp3,england,"She's sitting there on a pillow, wearing only pants and bra.",2551f837caf9c334e5dca6893cd55ee772510019a536ce50d393e2a6abb34311,spk_1431,England English,male_masculine,thirties,11,3.46,8
common_voice_en_38767.mp3,england,"He got up, adjusted his clothing, and picked up his pouch.",7a6238be88d1a6ffc5cd6fe3b2e8215363aaa10f071ca377696c509b449f2a6c,spk_1437,England English,male_masculine,seventies,11,6.65,7
common_voice_en_675549.mp3,england,"""I heard what you were talking about the other day with the alchemist,"" the wind said.",171799378ec3f53f386293e757b5f299896e3dd79dbd67d30dbbce790476745a,spk_1451,England English,male_masculine,fourties,16,7.1,7
common_voice_en_636051.mp3,england,The guy thought he was a lunatic at large and made an unsuccessful attempt to stop him.,bd2bed4ff2236f46d2dfe8f2b347f51807ae9655d4978e56aef7ddda67e55186,spk_1456,England English,male_masculine,sixties,17,6.02,7
common_voice_en_18414420.mp3,england,"Many teens make videos these days, inspired by their role models.",0cae62816a9574eeff4315e0018692f6f22e4fb657129f34bd01ce179d7e88e3,spk_1472,England English,male_masculine,fourties,11,5.35,7
common_voice_en_18181501.mp3,england,I'd add a separate subsection which deals with this aspect.,d2070f26c232eb0d146a7f05b65db63e35ed3e72b54ce87d7e76f6344b7dac5c,spk_1487,England English,,twenties,10,4.56,7
common_voice_en_75963.mp3,england,"Yet, it was a little too large for assurance.",8a3e835cfd4d51f180dd9c10091977f99e31890a2467f5c0244824437452a0a2,spk_1491,England English,male_masculine,teens,9,4.27,7
common_voice_en_17340750.mp3,england,What could he do?,2397ee13e0e30d5172bbb2f693d12da02bfe721603cad64b826ea28c70342ac4,spk_1492,England English,male_masculine,fourties,4,1.3,7
common_voice_en_551853.mp3,england,"From then on, he would make his own decisions.",9177c0246e525829dd3a4d299dbfeaf5325d2e7129b7a190be314262e7bb6558,spk_1504,England English,female_feminine,sixties,9,6.14,7
common_voice_en_18273518.mp3,england,"The news was chilling, to say the least.",af6892a6f5ce2b5430945fb7862a56f263884260c5f00912a41ebf94f2d7c0ab,spk_1506,England English,male_masculine,twenties,8,3.79,7
common_voice_en_206748.mp3,england,"As he did so, he talked with the monk about the tribal wars.",e79303fa6b7aa107c57699c194fe4226ce738a414d0c5f0c05d7b6cf34ff2446,spk_1517,England English,male_masculine,thirties,13,5.18,7
common_voice_en_311775.mp3,england,What can I do?,7b71ac6887edcb9d412afac4c6740901b0f6098a7fc6e5646ace8c58e8b0e76b,spk_1518,England English,female_feminine,twenties,4,2.28,7
common_voice_en_17568169.mp3,england,What are we to do?,afed34d5b2cc964cca55e3331238ac278cee5ce9644a064988b080b344a66cf2,spk_1521,England English,male_masculine,twenties,5,1.9,7
common_voice_en_17273499.mp3,england,"The gallant noble, good man thinks of himself last.",51938c9366b8364794184ce6e6a81cf2,spk_1526,England English,male_masculine,twenties,9,3.79,7
common_voice_en_663550.mp3,england,But that was simply because my eye was tired.,dd26f93c2701750c6d3fd3f49bf7276781f7d663e8c0bc0a4fdf315a99a07874,spk_1532,England English,male_masculine,fourties,9,3.22,7
common_voice_en_548582.mp3,england,Emoticons are familiar to everyone nowadays.,558888a5b9f059272c68da1d9819183deb12b34a52d255013e624be412574898,spk_1533,England English,female_feminine,thirties,6,3.02,7
common_voice_en_17747788.mp3,england,"The director has a crush on the actress, I think.",80b5eda18fa0f4f6018586204958c2f65f7a4a1a7532c5319e7acdce4cf38b02,spk_1536,England English,female_feminine,thirties,10,3.58,7
common_voice_en_479310.mp3,england,The experiments are unconvincing.,fff702f711e9412473aa4c88ba568806a408271c28e32f9cd2c40e8b966ed79a,spk_1541,England English,female_feminine,teens,4,2.02,6
common_voice_en_2020953.mp3,england,I had no idea it was so late.,61568336df842e580103cac51f2c0e75437cde758e11dde8d3d560eeb2cf1ad9,spk_1547,England English,male_masculine,fifties,8,2.86,7
common_voice_en_17919517.mp3,england,"Sorry, I'll explain more when I actually understand what's going on.",522f7b7b88cf0e7e6de2a2b8ba3dd6e0dd88fc32d2c65475c463afa510ef76ef,spk_1556,England English,male_masculine,twenties,11,5.02,7
common_voice_en_13584.mp3,england,"The sun began its departure, as well.",0f66fc7f77381a609d738b4766e6fe3433c159f45b3941b243b871dd6dbe3c47,spk_1566,England English,male_masculine,thirties,7,3.74,7
common_voice_en_17734468.mp3,england,Council of the empire.,9ecfd1d87f4faea052371b481e8bae0509e726923f44ed836265897f817e92d0,spk_1567,England English,female_feminine,fifties,4,2.57,7
common_voice_en_17340047.mp3,england,"I promise, I will be careful!",98107ffeec650271e9b30c425e55e63ef1cfb82e001f9c62e2f099e54eb9710b,spk_1585,England English,male_masculine,thirties,6,5.35,8
common_voice_en_17481734.mp3,england,"Ladies and gentlemen, this wagon is going to be detached.",8adb62562eec1b28ccaee9522e04be4961f47b0d112d4c04eb99840f1394e18b,spk_1586,England English,female_feminine,fifties,10,5.18,8
common_voice_en_168420.mp3,england,"At most, they thought that another meteorite had descended.",11a9c98bcd11be1a989817dfda7ad8d69aad98f4d91f7a134c2f5e8be85ac590,spk_1588,England English,male_masculine,teens,9,4.18,7
common_voice_en_17972806.mp3,england,"Yeah, I was in a wheel chair for months.",fc16416b3aab0a0244f1e12ebacd63e6f6fd858b6903944f06ad0807e95da4c4,spk_1598,England English,male_masculine,seventies,9,3.14,7
common_voice_en_18382437.mp3,england,"He grew strawberries, so you would not like it.",b713f85f43d4e8415ca15d9257ad77e7a87211c5fe0215d0036ca392b657aa63,spk_1623,England English,male_masculine,thirties,9,3.5,7
common_voice_en_113163.mp3,england,Dense clouds of smoke or dust can be seen through a powerful telescope.,17629260fec2835a5361d88596bb88468362fc2d235416b01a59b436cfb7c3c2,spk_1625,England English,male_masculine,fourties,13,8.38,7
common_voice_en_18003422.mp3,england,Does this mean he will go to jail?,7ec25cfa7ebb1803f762090c27a089fee6166c1d561e4f47b50a4921f12c9a87,spk_1626,England English,male_masculine,fourties,8,2.47,7
common_voice_en_18325876.mp3,england,How did you know that?,09aa8cc0126cda88b37aabb838a199c0d513721537d3ba021d9d71882971df9c,spk_1640,England English,female_feminine,teens,5,1.87,7
common_voice_en_17662395.mp3,england,"No matter how much he offered, Scott would not accept the deal.",0f275ad700b816ff3e9c1211af4a62e1f9a8a97512ffa174479324fc468b555b,spk_1645,England English,male_masculine,twenties,12,4.34,8
common_voice_en_18005777.mp3,england,"Oh, I used to play tennis when I was younger.",812f944817b706475bb1835581bc88078b405635073153781f9ca62de14d434d,spk_1647,England English,male_masculine,thirties,10,3.98,7
common_voice_en_540111.mp3,england,Now I will drift gently off to dreamland.,a2492f87563968e80f707ead8ed0dfc5875e0ec17b4fda7a865da082fa156c1e,spk_1655,England English,male_masculine,fourties,8,3.7,7
common_voice_en_12928009.mp3,england,What a dreadful rash you have on your legs!,66a3450c06dd1cfc3267429fc6d2e388a8ba64d9ca7310e0564af9d2fba42e24,spk_1661,England English,male_masculine,twenties,9,4.58,7
common_voice_en_695518.mp3,england,He needed someone to talk to so as to avoid thinking about the possibility of war.,594946716cd4b5e79c057917bd4542a19b576f7973dfd0ffe4dae7f23f05a497,spk_1662,England English,male_masculine,thirties,16,4.9,7
common_voice_en_17348156.mp3,england,But what is the use of talking?,8fd8f8bad94e4e3292863f2a78760ce4df15758a3358b9d870dabd18557f7e0b,spk_1678,England English,male_masculine,fourties,7,2.54,7
common_voice_en_103327.mp3,england,The burning fire had been extinguished.,d02aebf2953e417f7d6870a5f6f9ae58cafa4c712fda887e6a90388d57a3df42,spk_1683,England English,male_masculine,teens,6,2.3,7
common_voice_en_484254.mp3,england,"Among these people were a couple of cyclists, a gardener I employed sometimes, and a girl carrying a baby.",efc5c6e0868be6056a7b5cf5bc139fc7a40552928746ae2efb9b7cbec2bb8c16,spk_1684,England English,male_masculine,twenties,19,7.66,7
common_voice_en_203724.mp3,england,Matthew McConaughey is an American actor.,c27b8133b987efc3644b398eec22ccf13605cd8b4483ede8abcbcfea628031ae,spk_1703,England English,male_masculine,teens,6,2.57,7
common_voice_en_17394558.mp3,england,"You know, he is an honest man.",1d7576a1c1ea24d09fe27f6fb957eceaaee9e2a0694d0f5d3d084e8b427c5000,spk_1705,England English,male_masculine,thirties,7,2.78,8
common_voice_en_653891.mp3,england,"At that time, it was quite clear in my own mind that the thing had come from the planet Mars.",5e7e900d673acb52fd97a42e90a29f58cea50e1b5c43f0b3bdacedf4edd7d495,spk_1714,England English,male_masculine,twenties,20,7.87,7
common_voice_en_17652035.mp3,england,Writing makes the exact man.,94fe3e9560ea28ffe67cf395db02f1a1a98275df72580104cb33af4f789ee3db,spk_1722,England English,male_masculine,twenties,5,3.62,7
common_voice_en_18309816.mp3,england,"Tyler, do you remember when I gave you that note?",7d656e0212be5ea7801233b8134b2fe7b1bba17ea7984e321d5d2a19389f1bc3,spk_1728,England English,male_masculine,fifties,10,4.44,7
common_voice_en_586011.mp3,england,But I found it difficult to get to work because of the investigations.,60ab06b88dfbc17eb2d0011abb70c0efaf7a207204771edb3e44c1932af26020,spk_1738,England English,female_feminine,thirties,13,6.0,7
common_voice_en_153101.mp3,england,"If you start your emails with ""Greetings"" let me be the first to welcome you to Earth.",1c15a091c1bd41f279cadffd0e9a96d88664321f9b51425e620c5206d54827c5,spk_1740,England English,male_masculine,twenties,17,4.7,7
common_voice_en_18072324.mp3,england,"As a workaround, we could use application specific profiles.",5c3925317cf6c91ba7d2e80224aeffaae59969bae294dfd7463c9de4cc780a5a,spk_1747,England English,male_masculine,sixties,9,4.32,8
common_voice_en_522106.mp3,england,Everyone seemed very excited.,a9c77060e8132fc8060f6a14b8279f3908cdd94875458163ec245748c814804f,spk_1748,England English,male_masculine,thirties,4,2.21,7
common_voice_en_17389251.mp3,england,"Oxygen is important for us, but some bacteria don't need it at all.",5199c177f8e1a642057fb7a418f8465da9cbbffb0316e888dfc6b01b3311a717,spk_1756,England English,male_masculine,thirties,13,5.9,7
common_voice_en_488976.mp3,england,"""People from all over the world have passed through this village, son,"" said his father.",4cf7c27b8605aacb3c229647f5e0b833a3c490a2b2d74be2c17f02b246c37bb3,spk_1780,England English,male_masculine,thirties,15,6.98,7
common_voice_en_17762395.mp3,england,I am supposed to be here.,5ea93fb2118bbb2d2ae3a52ee5d57bc753db6b5ed696466bb4b99ff24e9a095e,spk_1785,England English,male_masculine,twenties,6,1.92,7
common_voice_en_17405019.mp3,england,"Sooner or later Three brothers, three castles.",a4f981c9751cb49726a1d6f5c062c3afaba8a4d98812e0a8d7d9da25da5be119,spk_1788,England English,male_masculine,fifties,7,5.42,7
common_voice_en_567169.mp3,england,"This man looked exactly the same, except that now the roles were reversed.",47dd8255ab5d9de6302c9c04ae785cf0d0df2f5ca5e662a20e829eb9237b097b,spk_1790,England English,male_masculine,twenties,13,4.8,7
common_voice_en_41721.mp3,england,Fatima appeared at the entrance to the tent.,2dba5804fab5626d33ce5f1e02e98aadf6c0ce623ce027dd448c8f78ced4c191,spk_1796,England English,male_masculine,teens,8,2.9,7
common_voice_en_206991.mp3,england,"The boy was shaking with fear, but the alchemist helped him out of the tent.",15cd087d30a9efd135020a6b038fa868cbc6d77735515694827e2550927950c6,spk_1798,England English,male_masculine,teens,15,5.54,7
common_voice_en_686299.mp3,england,"Looking through the telescope, I saw a circle of deep blue and the little round planet.",2b3378ebcad57c8df9490e3bed12f70e5cfd459a9f9911b1182f9787c067775e,spk_1800,England English,male_masculine,thirties,16,7.78,7
common_voice_en_17809308.mp3,england,How is Mozilla going to handle ambiguities like queue and cue?,affbf329ec70d5261578ec7e63e30e350d28158d4807e6f5536720aca946de07,spk_1803,England English,male_masculine,thirties,11,5.95,7
common_voice_en_547160.mp3,england,"Although everything should be under the state's control, there is a lot of violence in prisons.",3d88ca44a68b5e6cecb1e0ba017c0f551735568487ca098746f33cb0778ffb86,spk_1805,England English,male_masculine,fifties,16,7.39,7
common_voice_en_18044947.mp3,england,Use a pencil to write the first draft.,8e85de13fa83ee02fad75ceb8b6329dd827626188cd5bc41fd73a9d68e8f73e3,spk_1831,England English,female_feminine,twenties,8,3.82,7
common_voice_en_17386095.mp3,england,"Three weeks later, he was feeling a lot better.",bbe6990f751535197cf6da68ee79e71c77b8c891825b0747f9c02c223de9a846,spk_1842,England English,male_masculine,fifties,9,4.68,8
common_voice_en_18329025.mp3,england,"To summarize, our comprehensive survey discloses the true versatility of their method.",b9ad3406827da63d56b9ec9f420ebc83ed528dd16766f7e93fe0ccbdf959cec1,spk_1845,England English,male_masculine,fifties,12,7.34,7
common_voice_en_138410.mp3,england,No one seemed to have thought about it that night.,e4a0940769b7aa2773bd4ea62064ec73acb1e43a6afa1a775c0eb96cee105110,spk_1848,England English,male_masculine,thirties,10,3.89,7
common_voice_en_567475.mp3,england,"People talk a lot about omens, thought the shepherd.",889592acaab840ca49e995d88ef2531d6db4975e7d053512ec1cf66f380e9f1c,spk_1859,England English,male_masculine,twenties,9,3.1,7
common_voice_en_18367268.mp3,england,To be liberal at another's expense.,113eb102b14777d1626eb91f8408d913a4a7ec505830a521a16c22233b48430c,spk_1862,England English,male_masculine,twenties,6,3.19,7
common_voice_en_17507440.mp3,england,What shall we do now?,fed600115d9909439e28b8503e7695d52ffe9be5e74e103e627bb5e0163e4d41,spk_1863,England English,male_masculine,teens,5,1.94,7
common_voice_en_17309839.mp3,england,"""Jellyfish can cause serious injuries"", the physician explained to the patient.",93ef481c001bca092389425e8f5e042095865344c93877da09207092318629a5,spk_1868,England English,male_masculine,twenties,11,4.75,7
common_voice_en_158982.mp3,england,"Maktub, thought the boy.",3c2a5f756eb6858546232f6cdab2339ea15e63345c1923107eed5e4e7d6b5020,spk_1874,England English,male_masculine,sixties,4,2.42,7
common_voice_en_17333780.mp3,england,"A true friend is someone who reaches for your hand, but touches your heart.",2333e24eec81b88fa0b1a8acbf6d15410ae03c10292023c5a4385e44486b4d74,spk_1891,England English,male_masculine,twenties,14,8.52,7
common_voice_en_561838.mp3,england,What had been next to him five minutes ago was now at the other side.,06cbe924f3a3728aa4c966e01777f01783fdeb9f0b9b2597e5196744bd3c341a,spk_1903,England English,male_masculine,twenties,15,5.11,6
common_voice_en_18424583.mp3,england,"It shouldn't be displayed on any book pages, or should it?",8738ccd186f1a9c20aee9dfc7a9959adad01ef643922bf8355f9d197e82ba5c6,spk_1909,England English,male_masculine,twenties,11,4.75,8
common_voice_en_640895.mp3,england,The thought was so dreadful to him that he forgot about the heat and went forward.,69bc7bb74f1be523a79a74d07b7998bac00a2587507052993b79a153ebd4b929,spk_1926,England English,male_masculine,fourties,16,4.34,7
common_voice_en_507766.mp3,england,"His heart was heavy, and he had been melancholy since the previous night.",7f946993a434bc9cbed7f1910dbbb55b88124a115d8f67e20dda27b387e4e8eb,spk_1946,England English,male_masculine,twenties,13,5.06,7
common_voice_en_18017620.mp3,england,Be sure to set that lamp firmly in the hole.,5b9a968daf2861f68c4a57101520e0e43c77f8a37a53b38c0c364876d0192cbc,spk_1950,England English,male_masculine,fifties,10,4.37,7
common_voice_en_18387214.mp3,england,This time we know it is correct.,324941a2367d9b459a068f2beb6dc8b6ba14fb4d562a9bd25a691b06afd675b9,spk_1953,England English,male_masculine,fourties,7,4.1,7
common_voice_en_18357722.mp3,england,"The irrational number Pi, which represents the ratio between a circle's circumference and its diameter, approximately equals three point one four one five.",a98586b7af7424922ebde92060bedda53ff1d85ce677e30d32e67c5f849faa2b,spk_1955,England English,male_masculine,thirties,23,9.74,7
common_voice_en_17898517.mp3,england,Before you meet the handsome prince you have to kiss a lot of toads.,cc48a811f85a95a36bdfb472b4cd1d7b07f2a6cd8af1b54483098df08289355b,spk_1957,England English,male_masculine,teens,14,4.1,7
common_voice_en_18247270.mp3,england,The foot of the owner is the best manure for his land.,20ab53083317686e5e7c7627d0c7a48f9b0ccbf343c956d148ac7402171ef881,spk_1980,England English,male_masculine,sixties,12,4.54,7
common_voice_en_6747376.mp3,england,"When there's a loss of cabin pressure, oxygen masks will automatically drop down.",7dfd53f7c8475c56cbdf9a4cbc1ead62e41bdddbb923a28aa41847417d2f62e4,spk_1986,England English,male_masculine,twenties,13,6.17,7
common_voice_en_505834.mp3,england,He brought six sheep with him.,69a0af7ba5494737675c875a4e4e06e9b75368c781d83884a845f4d18468a707,spk_1987,England English,male_masculine,seventies,6,4.22,7
common_voice_en_17778018.mp3,england,At least twelve scripts were found in this chest.,82a991ecec47a14ba42ec9d3e847ee92e20754f1ef0560ddb8177ae732060a98,spk_1990,England English,male_masculine,twenties,9,2.78,7
common_voice_en_53495.mp3,england,The boy mumbled an answer that allowed him to avoid responding to her question.,5658f851f4895cd7a0bb28846da0427c84757b66bea8db625f35b077cfae12d0,spk_1996,England English,female_feminine,fourties,14,5.9,7
common_voice_en_540198.mp3,england,This sapling will once become a giant oak tree.,8241c9a8fc797e308925997c729a600b690ea4766eeeb5d36bcfb4b69b2c5b9e,spk_1998,England English,female_feminine,twenties,9,4.1,7
common_voice_en_17297506.mp3,england,"Good-day to you, sir.",9db3859f65bec9c117e422398b9c0764bad21978c543e7a6ad5ce0e8fc37b4be,spk_1999,England English,male_masculine,twenties,4,2.33,7
common_voice_en_208919.mp3,england,"""All things are one,"" the old man had said.",18b4ebbda89ae04963338f91888665af6be13227acb0ef670b981a7793b96444,spk_2011,England English,female_feminine,fourties,9,5.4,7
common_voice_en_149308.mp3,england,"He was tense and upset, because he knew that the old man was right.",215f0bd965e82ad70aa507d032c8fadeccb62b7a53727fde9c3dd3b3ac38a622,spk_2015,England English,male_masculine,twenties,14,4.06,7
common_voice_en_518143.mp3,england,She refilled her vessel and left.,04a7efb93f4b1ae286c87f09b512a851754ac8498c558272174dd18ecf59b3a1,spk_2020,England English,male_masculine,fourties,6,3.12,7
common_voice_en_17980528.mp3,england,That man is your brother?,8e37626d657d6411f27df36ea914742f02d6bb484f2ef166795fe6698bd02985,spk_2022,England English,male_masculine,fourties,5,1.94,7
common_voice_en_17903568.mp3,england,"He could have sworn the shadow moved but he kept his eyes fixed on the table, his grip tightening on his cutlery.",14362d8a9da0bc60c0d5f37f7db30f26d6bd2374ae4ff68efb44d8155bd82b78,spk_2033,England English,male_masculine,twenties,22,7.3,7
common_voice_en_17981551.mp3,england,Leaves turn brown and yellow in the fall.,9eafd3e8ec7f17187f2329c93c035331950d3b7989f86a0facb8e0a7177675cf,spk_2036,England English,male_masculine,thirties,8,3.38,8
common_voice_en_141379.mp3,england,The time must have been somewhere around six o'clock.,f4e6a2fdf3c7472e7c53361957b3a074c11798ff81ecbf22e079f29bd3ffaa9f,spk_2037,England English,male_masculine,twenties,9,3.22,7
common_voice_en_578529.mp3,england,"Today, I understand something I didn't see before: every blessing ignored becomes a curse.",f98564ec885ed77830dedd6326b8d0aa2f82ac483422e77ac871b25f378973fd,spk_2040,England English,male_masculine,thirties,14,7.18,7
common_voice_en_125154.mp3,england,Promise you'll never lie the way Snoopy did.,c645485a0552bb8d8625d88af785c021d31d30fd4d79ddeac8a6cf6713e53659,spk_2062,England English,male_masculine,sixties,8,3.98,6
common_voice_en_675086.mp3,england,We lit the lantern and walked over to his house.,3630f826251dd27139e033e5db63730d2436e26019b7b235e13a6ae725b5a2fd,spk_2063,England English,female_feminine,teens,10,3.34,7
common_voice_en_654731.mp3,england,I was disappointed at this inanimate bulk.,5818e1a7b5974a81d93ce53dbfb2f4a5b88dd251c932c72fee1b51353b5b4665,spk_2082,England English,female_feminine,twenties,7,4.01,7
common_voice_en_549376.mp3,england,"Revenge is not my style, but obviously accidents will happen.",2e1bdbd9babc1eaf56f7f1c3fa59cba71b92f86299c3b6568559abab303df76a,spk_2086,England English,male_masculine,teens,10,6.26,7
common_voice_en_18169035.mp3,england,Have I offended you?,8c88ae166d1abd3420da14e9f3df427344444c24edc8f74363fab4f69f13111d,spk_2098,England English,male_masculine,twenties,4,2.54,7
common_voice_en_610645.mp3,england,"Had our instruments permitted it, we might have been able to see the trouble way back when.",9077fca578cc151f2d1c13bf1874a42242057878a77f8d98216da740857d3120,spk_2102,England English,female_feminine,thirties,17,8.5,7
common_voice_en_125941.mp3,england,They could barely see the boy.,efb53da262943b5972cb79202508caee7a355c6c90731fdacd880b98972e0fe8,spk_2126,England English,male_masculine,seventies,6,2.88,7
common_voice_en_664223.mp3,england,"When the sun sets, the men will once again surrender their arms to me.",050d7343fd41df139360eac2ffb2d0d362e36c4f76ef119cbc839ba3aacc18e6,spk_2130,England English,female_feminine,twenties,14,4.3,7
common_voice_en_244931.mp3,england,"When the carpet and the curtains caught fire, it was getting warm.",9de837b3bb0bbd35e455321f7f87f60b9211cf4f87f07e1c64f11ee4d35ba402,spk_2140,England English,male_masculine,thirties,12,5.78,7
common_voice_en_570963.mp3,england,He approached the mass and was surprised at the size and the shape.,bfe003f640299f4f6af00c8ab1615e9298599a396241052cd79b9f6b24454600,spk_2144,England English,male_masculine,thirties,13,8.04,7
common_voice_en_17372955.mp3,england,Are you sure that is exactly what happened?,64e285b839ae3a776916779e999ca0ba464d098f43723071078e49ea368a38aa,spk_2149,England English,male_masculine,twenties,8,3.34,7
common_voice_en_699081.mp3,england,I want to see the chieftains.,d930e212c0eb340361a2a1e02231e91f124909d58bd3d91173b0edb3c42822b5,spk_2150,England English,male_masculine,sixties,6,11.16,7
common_voice_en_17586914.mp3,england,"Considering the growth of human population, insects might be the food of the future.",4c60d074c5a83bb8f5f0183d341cdc7397e61fc2cf0f856ee0b841516cc0f579,spk_2160,England English,male_masculine,thirties,14,5.28,8
common_voice_en_584103.mp3,england,"From the railway station in the distance came the sound of trains, ringing and rumbling.",ae40b2d7757abe783d554f4135042c03ab8e74dadea21559706f9dcfc7096f38,spk_2164,England English,male_masculine,fourties,15,7.9,7
common_voice_en_17286226.mp3,england,What shall we do?,42b8c3a7c518730574ee325373da5e9c,spk_2171,England English,male_masculine,sixties,4,2.95,7
common_voice_en_558921.mp3,england,The first rule of don't fight club is let's talk about it.,6546d90a97c6a46a1d2c7013f0e8497132c5389ce3c5f8835b21e948f6d229c6,spk_2174,England English,male_masculine,teens,12,6.26,7
common_voice_en_17534410.mp3,england,"If you release the clutch too quickly, the engine will stall.",4e3d6f8c849a4e64092d2f51c6910fd7031a8657e640882b99a12c7c1bb68744,spk_2188,England English,male_masculine,twenties,11,5.62,7
common_voice_en_120475.mp3,england,"""I have had the same dream twice,"" he said.",28b439c10eb1f2caf89b088cb3e50fdc57aa25f04548aa25ed7b657d9caed8c3,spk_2194,England English,male_masculine,fifties,9,3.29,7
common_voice_en_110093.mp3,england,We'll pay all your expenses.,93bafa87614ca8e6073b2191e4da5b8bd2d7a31d64a88d11ccc91112fb3e4ab4,spk_2197,England English,male_masculine,fourties,5,2.62,6
common_voice_en_603270.mp3,england,The two men hurried back and found the cylinder still lying in the same position.,d444844a992a4e7c38017557ccf412c2154951b201ab9db4f689eb8af38c4331,spk_2207,England English,male_masculine,fifties,15,5.57,7
common_voice_en_14408968.mp3,england,The petals fall with the next puff of wind.,3a24a9d24874d59c3b22546de736f77d171c6d0aa62701af798b4ef085b2de83,spk_2208,England English,male_masculine,fifties,9,4.44,7
common_voice_en_648827.mp3,england,"""You gave them everything I had!"" the boy said.",6c935d6661c9e2c759572514ff5dc5fa37a186d62921e07ae896ee6f7b793c13,spk_2210,England English,male_masculine,thirties,9,4.22,7
common_voice_en_17421065.mp3,england,"Hey Lucy, have you remembered the lyrics for the anthem yet?",f830eec767dedbf184edea7205ff4706692fc0b5ad4a667d1a21c00759a1e105,spk_2211,England English,male_masculine,twenties,11,6.07,7
common_voice_en_17461052.mp3,england,What is to be done?,eaad21afe73738d4824f2d427d0c8c0dfab7f44802999ec253ed926232182e28,spk_2213,England English,male_masculine,thirties,5,2.18,8
common_voice_en_641664.mp3,england,But you are joking.,e76cde88378846ae235824f8792c6ed4af784ec2aa8d8f70cb4a3d57f069e7a8,spk_2217,England English,male_masculine,thirties,4,3.02,7
common_voice_en_22474.mp3,england,"Then, you taught me something of the universal language and the Soul of the World.",ae87ad3bcfe4ed0dc90b4033e55c2ef30e811d0251224504daf85083eb82875b,spk_2219,England English,male_masculine,thirties,15,5.42,7
common_voice_en_18061093.mp3,england,Listen and silent are anagrams.,6690fa1f6edbda7e945d143484311a9f2cefaca94156b701a0cc1b729b1171f7,spk_2256,England English,male_masculine,thirties,5,3.86,7
common_voice_en_17989445.mp3,england,Is there anything I can do for you?,f89fa371401cb36c9a6bbc9d70c813fed7e33c041b553c98ff72d3219fee6c0c,spk_2261,England English,male_masculine,twenties,8,2.5,8
common_voice_en_661612.mp3,england,"The boy smiled, and continued digging.",639932d7911970d4d867fa53804892acd9a43e3c94a9dbc1074e15286723489d,spk_2265,England English,male_masculine,fourties,6,4.66,7
common_voice_en_551829.mp3,england,I thought about the difficulties in translation that might arise.,e75e723be8e2b4161986f7af47672aeddfec5f8e2817ff6047aab179942ad28b,spk_2274,England English,male_masculine,fourties,10,5.09,7
common_voice_en_58985.mp3,england,Only you expected it to be like other marriages.,74f0968357bd0abd1f53194693acb3bf8f9d78fef1c1294d4b197b120346d48f,spk_2275,England English,male_masculine,fourties,9,3.1,6
common_voice_en_663871.mp3,england,But bakers are more important people than shepherds.,ae994c8308e38af8c6642c2d2b5e56211107eb027d5a5f138bfa793d85968a42,spk_2282,England English,male_masculine,thirties,8,4.08,7
common_voice_en_479702.mp3,england,The newspaper articles had prepared everyone for the reception of the idea.,31d4125b8febdaf8f29569d7d3cf3aca5c12b55fdc3c0814b644eca728a8cb86,spk_2284,England English,male_masculine,thirties,12,4.58,7
common_voice_en_17387723.mp3,england,"A musical note sustained to its full length, with no break between it and the next note.",763223cc84a8702032ba0f3da5050b9291f7acc0bde19775f00c3b5f0eafb031,spk_2292,England English,male_masculine,twenties,17,5.35,7
common_voice_en_18004088.mp3,england,"For better physical understanding, let's first recap where the pivot point is.",077b18bf626da7e2fc7635bb1e7388a4f0f6eeaca4ba204cbb3395c671cd7330,spk_2293,England English,male_masculine,twenties,12,6.72,8
common_voice_en_696683.mp3,england,"It was as if it quivered, but really this was the telescope vibrating.",f90145debfa3e9be60935070897641f058b7a0c22375292388c2285a685b2425,spk_2295,England English,male_masculine,fourties,13,4.22,7
common_voice_en_17416918.mp3,england,"That is what I thought as well, but it might not be true.",b61b7d0b6ec34466580b661a269a9b949604149cf19a77786a34a346ff17abfb,spk_2296,England English,,,13,5.42,7
common_voice_en_1634943.mp3,england,"Potatoes are less space-saving, durable and cheap than pasta.",c4e83f41b609a1c880d52439a6e856f824e235756a665bae38e2c78f2cd35268,spk_2301,England English,female_feminine,twenties,9,6.72,7
common_voice_en_17752579.mp3,england,I wandered lonely as a cloud.,6cc918c8362bae7d6da25ed19ad3ef65025b7a34ccd25b4f017f8527f779908d,spk_2318,England English,male_masculine,teens,6,2.57,7
common_voice_en_155738.mp3,england,"You'll watch them as they grow, demonstrating how the world is always changing.",d8658d6ddffd735ab39e2e4ebc2c7560ac4d90efd03c79f50f247bb9d79dcecf,spk_2319,England English,male_masculine,thirties,13,4.42,7
common_voice_en_17516877.mp3,england,"Letting himself out of the house, he breathed a sigh of relief.",d4cc85f99ca1f9cf1ebbcdf3b3858e1b66ff49fc55b26d69fb5c0f9f6422c76f,spk_2320,England English,male_masculine,twenties,12,3.84,7
common_voice_en_17396568.mp3,england,Was it a good idea?,716bf4174a2f3a6684e55e852525acf546484d753756011d689faa01d3ccb7e5,spk_2324,England English,male_masculine,thirties,5,1.75,8
common_voice_en_17829686.mp3,england,Why didn't you object when you could?,50ab17d6eb37f1fc8f2e9a45a4706b5a92c714ca7ef5829fbb3c7a6db35f6be0,spk_2348,England English,male_masculine,fourties,7,3.1,7
common_voice_en_17541570.mp3,england,"I'm not hungry, I'm starving.",e4906012d71efac8ee673349f4b233ae2c684460174b42ad277b1c6cfb3d1b30,spk_2350,England English,,twenties,5,2.45,8
common_voice_en_18364501.mp3,england,"Vermicelli A trio, or musical piece for three voices or instruments.",9bfb8eb45c2bc794d504a9fd9057e9d11004005f0b0420c9696586c5e0ce9b13,spk_2353,England English,male_masculine,fourties,11,6.46,7
common_voice_en_660366.mp3,england,Not even the tribal chieftains are able to see him when they want to.,e2ff2a7cdf7cf2cf9c86b43a7ac434ed6aef83819f69d861f76ae306f39a5606,spk_2356,England English,female_feminine,fifties,14,7.03,7
common_voice_en_17298695.mp3,england,"Grime, rust and residual particles polluted the air.",63d38a38725d8a27ecb68bbbdaafbc8a97168fcc7d5af4d4da0c1949280707d0,spk_2366,England English,male_masculine,fifties,8,5.09,7
common_voice_en_559703.mp3,england,It seemed to him that it fell to earth about one hundred miles east of here.,e6f6cd0374f5236f15d55671f6c9b89485754f5d3323ef1d86f7cfe942c992e6,spk_2379,England English,female_feminine,seventies,16,6.98,7
common_voice_en_92749.mp3,england,"I pointed out Mars, a bright dot of light.",440213073d379c888c504faa4f3e1348365c7b4be74923763cdeac9d2a201757,spk_2386,England English,female_feminine,seventies,9,6.72,7
common_voice_en_17515494.mp3,england,Do you like contemporary paintings?,bd6085e36f2daa7429d15bf930ff10de2194b2f9a9d9b63d4462fb864408b019,spk_2392,England English,,teens,5,3.5,8
common_voice_en_18133826.mp3,england,No category seems to fit.,05f7d27b41d7236d1fa3c250461d8c59ee4d5cc865a5911b21afc443f604cfd3,spk_2400,England English,male_masculine,thirties,5,4.01,7
common_voice_en_18216056.mp3,england,What is the weather in Brazil during the summer?,b3e343e59ca9cddec4bbe221547ba1d8f0bfe2c18a8c487e6736288fdc509c7b,spk_2402,England English,male_masculine,twenties,9,3.53,7
common_voice_en_18039939.mp3,england,"""I don't know,"" she said.",3c40f3cb8f67afa648449bcdf0df68001d47ca7ba91302bfd24e4ac8c596a687,spk_2411,England English,male_masculine,teens,5,2.42,7
common_voice_en_18245464.mp3,england,Did you check your laser?,dd62bd1ddc7c0762d5811992b680aebd8e664761a923906855e5c548231f98bd,spk_2415,England English,male_masculine,twenties,5,6.89,8
common_voice_en_17298230.mp3,england,"When you're at a party and somebody says ""banana bread"", a sniper might be near you.",35267fe53f44b3dc606c91d09de75d8ee0661f5a83ddfa1e38c3153849fe671b,spk_2420,England English,male_masculine,teens,16,6.89,7
common_voice_en_76734.mp3,england,Strange images passed through my mind.,d811548300151bf196644da19591601c86e99f8253481999d7d8ad215f1c905e,spk_2425,England English,male_masculine,twenties,6,3.19,7
common_voice_en_18080432.mp3,england,Do you still remember your old account's password?,03a2163edbc8f65ed3efd58364352df4e2fd8d993697ff744d751c76d92cbea6,spk_2426,England English,male_masculine,twenties,8,3.46,8
common_voice_en_677906.mp3,england,You can create bookmarks in you web browser to make browsing more convenient.,15d98fdf31777fb04591285b7553a737936399c5d8e5fac3f21331f4ce3e72ad,spk_2428,England English,male_masculine,thirties,13,4.34,7
common_voice_en_98511.mp3,england,"It seemed such a little thing, so bright and small and still.",767225eb28b495fdffc1d74eed7be0da42dc472584a5048b24c7203327aa616b,spk_2433,England English,male_masculine,fifties,12,4.78,7
common_voice_en_1118.mp3,england,Because you will never again be able to keep it quiet.,2acb4feea413e31c750a8ec26c6cbbe28b37c698fa80ea827cba8ed6c81925b9,spk_2446,England English,male_masculine,thirties,11,4.42,7
common_voice_en_62500.mp3,england,The top of the cylinder was rotating on its body.,d7ccd1b522cdf177a2a09876335d3c8bcefad2c8e86e169d552dd55d7de49e4a,spk_2448,England English,female_feminine,fifties,10,3.48,7
common_voice_en_20964.mp3,england,And he gave the boy his blessing.,2a9c3da5cbfc3a73bca6ee9c28976e502cb45384e30358f03b898fcc467b50d0,spk_2452,England English,male_masculine,thirties,7,2.88,7
common_voice_en_22051.mp3,england,Henderson was taking it in.,d8bad291770b39fce6cbf2ca77913aa2bbbcc9f221ad65c89b8516c454528fc2,spk_2453,England English,female_feminine,sixties,5,3.72,7
common_voice_en_187914.mp3,england,But he certainly didn't desire that an army invade the oasis.,17239fa3a84e93b19f528d6d9a1f9e1d592b4b38b2c378bced8514313da14045,spk_2456,England English,male_masculine,fourties,11,4.99,7
common_voice_en_190621.mp3,england,"I need you to be spontaneous. He asked me out to ""din din.""",f453893670e82454b66652af19dda95fcae97e1f30206a7a21afcf5aa79499d0,spk_2464,England English,male_masculine,twenties,13,4.1,7
common_voice_en_154434.mp3,england,"They began to ride out over the sands, with the moon lighting their way.",e6bd88efcc8aca73dd09e182b14ee5fe89e6fd5ac679242a18a1860127325438,spk_2471,England English,female_feminine,twenties,14,4.66,7
common_voice_en_13776.mp3,england,He spent the entire morning observing the infrequent comings and goings in the street.,a0799ccf77c3d1614337dd0667a82619e02acefa7c2df9939481fdf945dcec3e,spk_2474,England English,female_feminine,twenties,14,6.05,7
common_voice_en_17538654.mp3,england,"Perhaps, we could meet at the institute around noon since I have a few things I need to attend to first.",4ef95b4f0a0b4d8a25bc5e774b18c244a2693703722db862e6725957102745dc,spk_2476,England English,male_masculine,twenties,21,9.79,7
common_voice_en_17590343.mp3,england,"They are very impressive, I will admit.",bf3586c603d73b02ffc723c0b60f0efdfb4e154e969635457df1622e07fdb39b,spk_2479,England English,male_masculine,fourties,7,5.16,7
common_voice_en_207520.mp3,england,or a man into the wind.,92f7ffd7665e5e85ecb05b967bea17b40f0253f44059224edf65f2de07d291aa,spk_2483,England English,male_masculine,twenties,6,3.07,7
common_voice_en_106825.mp3,england,"""I'm leaving today,"" said the boy.",576af28baeb1c0dd58ca3a908dcff078b500d4188b891c35498fdc325b986539,spk_2488,England English,male_masculine,thirties,6,2.9,7
common_voice_en_14519.mp3,england,"In some places, the ground was covered with the salt of dried-up lakes.",0a9bf3e4e8af37f6fdbd9b9096bbdfc41fd615e875b62cbeb3d1b3cd4060ef3c,spk_2496,England English,male_masculine,thirties,13,5.86,7
common_voice_en_123645.mp3,england,It was only when I got this close to it that the strangeness of it was at all evident to me.,d2df63484febad3e6ad70c521b452a750d24aa19207054609c69bc853200af64,spk_2500,England English,female_feminine,teens,21,7.97,7
common_voice_en_15735075.mp3,england,"""Don't know,"" was the reply.",cadf55ac6ca2325d55422d444812fd720def9d217258878d606ecd28d5318c9b,spk_2504,England English,male_masculine,twenties,5,3.02,7
common_voice_en_76507.mp3,england,The camel driver understood what the boy was saying.,e27f6edb7785b658e0097681a9b9d5d27868c0dc8ff31852d5affc513f3f6971,spk_2508,England English,male_masculine,teens,9,3.5,7
common_voice_en_554897.mp3,england,He just got a new kite for his birthday.,d2c63fe1aa0eb86b68ac4f03353ce223d0edba17a525b68bb1b97d7dfd4a92bb,spk_2515,England English,female_feminine,thirties,9,4.01,7
common_voice_en_18063488.mp3,england,"The crow tilted its head, as if it was thinking.",3377d41fc0c3045d8ca151a47a84322c418f53cc39f4f6584e5adbc25735378c,spk_2516,England English,male_masculine,fourties,10,4.37,7
common_voice_en_17294187.mp3,england,"Buy at a market, but sell at home.",37812c7e1aeaae2211dcc974f021e2ec8fe95ada279f40de52a622c177c078a9,spk_2519,England English,male_masculine,thirties,8,4.8,7
common_voice_en_129251.mp3,england,Dig deep in the earth for pirate's gold.,21e0b998ea57e5ef76ad1f3bf2302279f18489a43bae8ab0d53a0d3a44bc2c73,spk_2523,England English,male_masculine,twenties,8,2.62,6
common_voice_en_17278478.mp3,england,"Speedbird niner, turn left heading two seven zero, climb and maintain flight level three five.",04c4f546e9345eb8adc1624a0ff4ba15,spk_2527,England English,,,15,9.41,7
common_voice_en_17699317.mp3,england,The president of Russia is Vladimir Putin.,8edd684019447b904c85c9d254b5f883fff0d4b6435492dfce2379ae4f31659d,spk_2532,England English,male_masculine,teens,7,3.31,7
common_voice_en_68132.mp3,england,"They walked in from the rain, all dishevelled and steaming.",aa04f571e97c3e11698b686c700dd17c9eb54dda96a0ada261badc04f50523e8,spk_2558,England English,male_masculine,fourties,10,6.91,7
common_voice_en_16536088.mp3,england,But what are we to do?,8021156880005e7946d6c5d3ae95c3dbe191c2356fb6f0720c3133fc80fa8ee9,spk_2559,England English,male_masculine,fourties,6,2.04,7
common_voice_en_17368847.mp3,england,Where did you find that apple?,2fe838d45bc1a36de10f38e9a8bf1f2e1ce1f62f896d598efb33d6ebdb144a67,spk_2564,England English,male_masculine,sixties,6,2.86,7
common_voice_en_191336.mp3,england,"Everyone, when they are young, knows what their destiny is.",9d1dd995c3bbd3d6fc813b3c22e726fd1b6f7515579b7b4eecf03bd80154ac6d,spk_2565,England English,male_masculine,sixties,10,4.42,7
common_voice_en_17361327.mp3,england,What did it matter?,ed8b4ab5f65a90af681857e1e79769696309c6d5fb4db414d81e9d160520085a,spk_2583,England English,male_masculine,teens,4,2.3,7
common_voice_en_482320.mp3,england,They had gone away to breakfast at Henderson's house.,d565a6ba53047f2bc56d5ee0114e22d34e94e587eb351b6ca0be8a2e3b2e4c91,spk_2586,England English,female_feminine,fourties,9,5.38,7
common_voice_en_17397861.mp3,england,"No, I don't want to be a pilot.",c5ab1f7d93c8a87409785d62bd166a893bb1601322c12f8e993c7722c98b4ead,spk_2595,England English,male_masculine,thirties,8,2.86,8
common_voice_en_17644435.mp3,england,Please send log information using the standard system module.,a6d3bc2aae50820290b28cbd6b2e181975e3ebd6b19d9b229e7194bb0c21d35e,spk_2599,England English,male_masculine,teens,9,3.48,7
common_voice_en_17390221.mp3,england,"He sent the figs, but kept the ripe cherries.",491f276007ac405bd20c1c65bec2abad4b794bb39bd8e259fe71936cf0a9dedf,spk_2621,England English,male_masculine,twenties,9,3.43,7
common_voice_en_17877340.mp3,england,Try to have the court decide the case.,eb2fab9b4c8ddababab41cb12a1e9a97be426c3c87abe1472db31d877a5aeb54,spk_2632,England English,male_masculine,fifties,8,4.18,7
common_voice_en_574316.mp3,england,Because you have already lost your savings twice.,4e3d15e7b7696c2a61eebff40edafb5001d9614292940f18d20027aa580488c4,spk_2646,England English,male_masculine,fourties,8,5.54,7
common_voice_en_40197.mp3,england,All that time the Martians must have been getting ready.,41598cb84264d50332763f1f3bb0bfa40e50a18425919586b836d4fe54f2a60a,spk_2652,England English,,twenties,10,4.27,7
common_voice_en_17678846.mp3,england,"Roll the dice, please.",f8effbf83e5bbfd9b097be5d751f2a898ae3c165c5cb24962a225adbff59ac73,spk_2654,England English,male_masculine,twenties,4,1.39,7
common_voice_en_17412716.mp3,england,"Guys, homophobia isn't tolerated in this office.",527b10447e304d3f160dda66850c1d89be49cd671359ecb199663bda63d17102,spk_2655,England English,male_masculine,fourties,7,3.82,7
common_voice_en_17297536.mp3,england,"Oh, you are, eh?",5039f73307189c07f32cc0be5882b59230eadffd3e637a26361c8e0320788ebd,spk_2665,England English,male_masculine,teens,4,4.8,7
common_voice_en_637013.mp3,england,"Our merchants bought that man, and brought him to Egypt.",02d1cd58ea51d6f729ff76eef41a8121df92455681f5cc4ecdaab55a0293abec,spk_2667,England English,male_masculine,fourties,10,5.57,7
common_voice_en_549422.mp3,england,I'm never more aware of a room's acoustics than when I'm trying to enjoy a snack I have no intention of sharing.,02882301985c73a4448d8b8d18a4c144d271135f52552e7e97e8b3f50cae5ccf,spk_2681,England English,male_masculine,teens,22,5.47,7
common_voice_en_693391.mp3,england,My tax dollars pay for those public school proms.,6209ba3b08410a2d52f0063ff6ab4a49326e17115d2e95d4ba6bc1ee6bbadb7e,spk_2692,England English,female_feminine,fifties,9,3.62,7
common_voice_en_81654.mp3,england,Vanessa cannot undo her mistake.,99796091e182e4b4c989075e5e3c5ace14404c28bcf8e79bd3ab07568f729b89,spk_2704,England English,female_feminine,twenties,5,3.12,7
common_voice_en_393042.mp3,england,The phone call got interrupted due to unknown reasons.,17710aff25a8f44e7fb4795633844643dd746233b7c4472c9f84485ecf755ed6,spk_2715,England English,male_masculine,fifties,9,5.83,6
common_voice_en_27470.mp3,england,"He did find it, soon after dawn, and not far from the sand pits.",1250c3f96ba2682010560f4ccb9828fed2bda85ff64d0ef5d9d5f7816c89dfef,spk_2721,England English,male_masculine,teens,14,4.82,7
common_voice_en_539248.mp3,england,"For at that time, it had not occurred to him that it might be hollow.",45d9f6af6b951bab82686b5d28b7cd69b500f59c7ac3a08d87931a9132b81bea,spk_2730,England English,female_feminine,teens,15,5.54,7
common_voice_en_51602.mp3,england,Please don't be lazy.,cf8f8471b06450d7f55f817565e81b87247ada2a9fa61751689687d7279a217b,spk_2731,England English,female_feminine,thirties,4,2.3,7
common_voice_en_17696108.mp3,england,"At first, studying correlation in graphs is tough for me.",426b1baca2b9191317128a083be930357f226debf8b75c3cc5b7a684a555a571,spk_2732,England English,female_feminine,twenties,10,4.1,7
common_voice_en_694183.mp3,england,"They looked for the fallen mass, but found nothing.",4f6c30a437a6dd0f5b1d4a397a8684215d3aeffa90700df24443676c1a7dec39,spk_2739,England English,male_masculine,fourties,9,4.51,7
common_voice_en_698468.mp3,england,"It was, however, still so hot from its flight through the air.",09f6c9f70aecc185ab35254966cbf8ef1b5ecf4bad9c33d36efc72beeff46030,spk_2740,England English,male_masculine,twenties,12,4.56,7
common_voice_en_539160.mp3,england,"""What is it that I still need to know?"" the boy asked.",7a3224f79c5d1c2a6e9bf443dff8655cb66d4c5cf995d73dfc55c0afedcf286b,spk_2743,England English,female_feminine,fifties,12,4.46,7
common_voice_en_17792604.mp3,england,"Real schools, secondary schools giving a general practical education.",7d406e48a92651c4eddb7f4b771495821b123d3f28309e6a572beb6064779d72,spk_2744,England English,male_masculine,sixties,9,6.1,7
common_voice_en_17667124.mp3,england,No wonder this vanilla yogurt tastes disgusting: Its eat-by date was last year.,09ea8b39705887f536d4a87bb13371ba0e8df222100c5d513e285bf36d893857,spk_2756,England English,male_masculine,twenties,13,5.45,7
common_voice_en_17965614.mp3,england,What does she look like?,1235d3b29a1233a4b8b21c18341ab9428b5633cb0aae69798d8e61d83112fe75,spk_2758,England English,male_masculine,thirties,5,1.82,8
common_voice_en_541152.mp3,england,It spread through the planet's atmosphere and obscured its more familiar features.,70a5323da9a987e3de81f46d56a9573425d34fdccdb00c54402fdfdce45c87f4,spk_2760,England English,female_feminine,thirties,12,6.1,7
common_voice_en_16047570.mp3,england,Mrs. wife lady Miss,b7ffa7fb2627031faa03077bf84bab914aa3f8f0e5de635af0225f5b5896b192,spk_2778,England English,,twenties,4,3.36,7
common_voice_en_153665.mp3,england,"""Exactly,"" answered the alchemist.",4c18e7e0fa6e7a0fc155f0f2c846b3583936e296af025aa1e0dbd0658d9e5869,spk_2786,England English,female_feminine,sixties,4,4.44,7
common_voice_en_89826.mp3,england,No doubt about the way the wind blows.,44d547fd7e5d7a776bf2dff80f44bb44789b54228cd5a3d398f77d8eafebc241,spk_2787,England English,male_masculine,twenties,8,4.22,6
common_voice_en_31586.mp3,england,Ogilvy told him everything that he had seen.,7dd212043660f7e8b8abd4a70919ad6ea1e1666200477104f403c71514708543,spk_2791,England English,male_masculine,teens,8,5.11,7
common_voice_en_214832.mp3,england,The brass lamp had been disturbed.,7bfb6869890b11401dacc4bc28cc351ec7e710d5d5f0ab61c14da3ac8f8780da,spk_2798,England English,female_feminine,thirties,6,2.76,7
common_voice_en_566693.mp3,england,"There were raised voices,and some sort of struggle appeared to be going on. .",65b2e488b007187a974e6f7f36182e76a5c82d1a8c2fade06da66dee5c20e446,spk_2806,England English,male_masculine,fourties,14,5.47,7
common_voice_en_18396894.mp3,england,"Look John, I just cannot support that.",111fabddc94979b5d47cc618386b4032af03b6817a459d2e1a22eaebb62199e7,spk_2810,England English,male_masculine,thirties,7,3.74,7
common_voice_en_664918.mp3,england,"When I returned to the common, the sun was setting.",e61eb2f8e5d7dbf06767d2ac12b68e07a33119b05f9cabebb5f8a9d73dfbd673,spk_2811,England English,male_masculine,teens,10,2.76,7
common_voice_en_3541.mp3,england,The turf and gravel around it seemed charred as if by a sudden explosion.,a9b943abe9e0605ab6d8a070a8febd4b3937129b7a373d59b709f73d45687ea4,spk_2814,England English,male_masculine,thirties,14,5.4,7
common_voice_en_18012955.mp3,england,He told his story.,b867eff7dfb94483b5fdd16f4b452cab2a89fe40406c82701ecfa373270893d3,spk_2819,England English,male_masculine,twenties,4,2.9,7
common_voice_en_221024.mp3,england,"Then he dropped his spade, picked up his jacket, and came out into the road.",2b2d5f09de608c6f90d1986563f836e819575367b26ecf46f7aacddc4ee5d1cc,spk_2825,England English,male_masculine,twenties,15,6.14,7
common_voice_en_17385192.mp3,england,What does he look like?,76c7feffd583cf5552d8109377409f3cbbc05cb779b02b9fbcac946f9c76a608,spk_2826,England English,male_masculine,twenties,5,2.28,8
common_voice_en_18175644.mp3,england,It was of no use.,87912b99c486b041c94dd58ff6a1cdce42e47c42bda306f28f3323b57644010c,spk_2864,England English,male_masculine,thirties,5,2.38,7
common_voice_en_17723588.mp3,england,The Internet is built upon many protocols which complement each other perfectly.,6c0fb04acd6d258b128d2afe072488c85048f4189078cc13c03477fd952c54b7,spk_2868,England English,male_masculine,twenties,12,4.97,6
common_voice_en_44645.mp3,england,The greatest authority on meteorites stated that the height of its first appearance was about ninety or one hundred miles.,b7b7c6c8cb8fc37a20ed756962026e8b52831725c145a8726a24b4711defed27,spk_2871,England English,female_feminine,thirties,20,7.61,7
common_voice_en_577863.mp3,england,The griffin is a legendary creature.,179077a14d597abdee3d041ff51e78d0a81430457d4995d7678cba29387c6fd6,spk_2879,England English,male_masculine,twenties,6,2.3,7
common_voice_en_158284.mp3,england,"Bacon, pancakes and maple syrup is a hearty start to any day.",d3ac0cfe90f3e0aeadfba7c6b445d8d9fcb332572d8ac1e203e1466b8b2a00ee,spk_2887,England English,male_masculine,thirties,12,4.9,7
common_voice_en_17386687.mp3,england,"If I knew it, I would have told you.",e16b5d7de8afd8fa5e99bd540ada59b3c51d49d7fb4308f2e93ab7ee22c56e0e,spk_2892,England English,male_masculine,twenties,9,1.9,7
common_voice_en_645261.mp3,england,"Besides that, there was a heap of bicycles.",efd828b07bc69a5bb6cee62165a648989c9177629cb1058177a66e2de2e4e18a,spk_2897,England English,female_feminine,fourties,8,8.28,7
common_voice_en_587774.mp3,england,And continue to pay heed to the omens.,54b4deee08a49b3f6082f8cfe67e9914fff4afb3b3226e6f4f644f2edc426e90,spk_2901,England English,male_masculine,fourties,8,4.73,7
common_voice_en_17267450.mp3,england,Where is my dress?,566a6c92aa3bfac05703b4bdcfb29195,spk_2912,England English,male_masculine,fifties,4,2.3,7
common_voice_en_536266.mp3,england,My mind ran on the possibilities of its content.,73ceb143cef75191967021e960a1e98327e62ced458bfa850d31a41d944ff2a9,spk_2916,England English,female_feminine,fourties,9,3.62,7
common_voice_en_137728.mp3,england,"I had the ""everyone has Gary Busey's teeth"" dream again.",951bba749dccaafb9c827290fcd77e733e626bfbac4b382d2983b761e768d8ba,spk_2921,England English,female_feminine,seventies,10,5.3,7
common_voice_en_17252192.mp3,england,Does that imply I can no longer play badminton?,97c7ac826926afc7de642c3c700818ebdc7f769ee43dce06e5fc3177ce5c67cb,spk_2924,England English,male_masculine,teens,9,3.58,7
common_voice_en_17328819.mp3,england,"Potatoes are less space-saving, durable and cheap than pasta.",923702319f766dad98a589a81ff7a67381bc191723ab80e19dcedaf132194e35,spk_2933,England English,male_masculine,twenties,9,6.19,7
common_voice_en_30614973.mp3,l2_european,Di Bello was of socialist extraction.,2bbe95df984da4911aa6fd172e8f9d9eadf3370b7c1cb191cedfc2a1c277c557,spk_0002,Russian,male_masculine,twenties,6,5.58,1
common_voice_en_30615011.mp3,l2_european,Small special exhibitions and cultural events take place here.,2b4302c52aed72fd7ec89b5c9d238cca93e56fe71d3fc214069ed5e77c04b7f9,spk_0002,Russian,male_masculine,twenties,9,6.7,1
common_voice_en_40269002.mp3,l2_european,She graduated from the University of New Brunswick.,eadd3d11403e5a5dbcbbfde86011a281d3ceee34694f33817304b4452f8304f8,spk_0007,Finnish,non-binary,thirties,8,4.86,1
common_voice_en_38400252.mp3,l2_european,"Chi Omega's national headquarters is located in Memphis, Tennessee.",da526e349621a16d87799c5083e923b990e9af9f8f186bd3262dabc285d00117,spk_0037,Slavic|polish|Foreign|Easter European,,,9,6.23,1
common_voice_en_38400318.mp3,l2_european,Burleigh however is also known to have completed images of still life and flowers.,da81f8994ff61e0fc6f8584d16071dc83881ae1ead296acd7d06c83513cdd016,spk_0037,Slavic|polish|Foreign|Easter European,,,14,8.75,1
common_voice_en_37538725.mp3,l2_european,"For almost a month, she operated along the Atlantic coast.",cffbf7154feb5c3f7d76564c6f1a363ddfcf36186dfa11d6affe0efe7478a614,spk_0068,Spanish influenced,,,10,6.05,1
common_voice_en_39593290.mp3,l2_european,Some design-build firms employ professionals from both the design and construction sector.,e40a88aa27d3550d8bfa6fb09fe67b9bd0ca6eb1c9470e81d87d2a7073ce09f1,spk_0073,native Dutch speaking,,,12,8.93,1
common_voice_en_36557916.mp3,l2_european,The station is not served by any London Buses Routes.,ca705c2ee669abb8e7d0627274977687167e923172b103e9426ed6d775ac4cb2,spk_0077,European English,male_masculine,twenties,10,4.61,1
common_voice_en_36557991.mp3,l2_european,"Smith was born in Granite City, Illinois.",ca5fd0ed02415a7f0c166dcc204d2499d1a7cde10caa026d72022abab7287347,spk_0077,European English,male_masculine,twenties,7,4.1,1
common_voice_en_38692481.mp3,l2_european,"It flowers throughout the summer, from April to October.",dd85f434a79f009dbfe774511503c94b3c8c8e7c6375c54e5e252e1495196b3e,spk_0095,French,male_masculine,twenties,9,4.61,2
common_voice_en_38692635.mp3,l2_european,Among the changes in her version was the introduction of the drug cordrazine.,dd79d552b0060b72886a67dd4df8f3d6168823987a1a9473354a691019945714,spk_0095,French,male_masculine,twenties,13,6.44,1
common_voice_en_39750690.mp3,l2_european,The new offices have ceilings and of space.,e5f5dac4e5038e9f94d7768fdd2877655feb5f7ddfb68a8642801465a2baa893,spk_0105,Eastern European English|bulgarian english,female_feminine,twenties,8,6.95,1
common_voice_en_39750717.mp3,l2_european,Here the great homeopathic principle is clearly the same as in the preceding cases.,e5f3a2f89c9e5c7f979bde555f7df2a33cc42bceaced8f481287db26281105e4,spk_0105,Eastern European English|bulgarian english,female_feminine,twenties,14,7.13,1
common_voice_en_40010344.mp3,l2_european,The crabs have also been known to take up residence in swimming pools.,e83c80a5f75104a2bef0ce1cbcb2eda18b80213c5247631c9fc1a2ed5a4ddf4a,spk_0109,German,male_masculine,twenties,13,4.1,1
common_voice_en_40010358.mp3,l2_european,"However, no direct connection exists between the station and the trolley stop.",e8959d18cd7e3ec37cdf4ecef359cdba0b3127339b9309152586a1f678c1e058,spk_0109,German,male_masculine,twenties,12,4.64,1
common_voice_en_39582005.mp3,l2_european,"""Zeneca"" was an invented name created by the branding consultancy Interbrand.",e34f19b90a59d42ecb574bc0918d255917422b16b29cad7d38dd3471cc5c1a46,spk_0131,Eastern European English,,,11,5.54,1
common_voice_en_39582011.mp3,l2_european,"During the operation she arrested, but was resuscitated.",e337705c0dafe47e41489e4beddab3d0915e36f7221fe75187c86d298123bfe3,spk_0131,Eastern European English,,,8,4.54,1
common_voice_en_37029634.mp3,l2_european,The Dawes brothers of Marietta founded the Pure Oil Company.,cce628a865f52f83fe463bd743f35a5d6602e5b83bc516ffb94133a2ea373f2c,spk_0134,polish,,,10,5.72,1
common_voice_en_39580682.mp3,l2_european,New religious orders began to be introduced into England.,e3417410c34a3677c8d018d121f13d73067b8eccbb46aa762b928b8434b54e25,spk_0141,German English,,,9,5.94,1
common_voice_en_37845755.mp3,l2_european,Isaac Peak has several recognized rock climbing routes.,d0f9b126c41fe60bcf1d51a4e28e3572d50ded36c7d7a04eebde754db4ac0e9d,spk_0144,Spanish,,,8,5.87,1
common_voice_en_37845756.mp3,l2_european,There is also a pier.,d14103ac778ffef66d5c54aa46a6555d07f2f0b97a6564c3b6adcc484ae568d2,spk_0144,Spanish,,,5,3.71,1
common_voice_en_21750547.mp3,l2_european,There are also soccer pitches marked out.,533e79a402a89ca76dee937376baf03fe5ab7a5c1ddc9cc4c156f6a92655a102,spk_0165,German Accent|Non-native,male_masculine,teens,7,3.41,2
common_voice_en_21750548.mp3,l2_european,They have released numerous singles as well as remixes and compilations.,531e2bf4ae983eca4e22f42686c4f5947b4ffb19d9c1ff6b60b0540b796f1b34,spk_0165,German Accent|Non-native,male_masculine,teens,11,5.3,2
common_voice_en_32929058.mp3,l2_european,But Abubakar Audu died shortly before the official declaration of the results.,9c56102aef59d8d70db5f442e9e1aab2e933ccd46d55d2a09af7ca63d533d86a,spk_0173,serbian,male_masculine,teens,12,6.7,1
common_voice_en_32929059.mp3,l2_european,Alaa is currently based in Baghdad.,a1123f52e157b243e19ee51aad400a7f9076691cbf7cd50545b14f8331747091,spk_0173,serbian,male_masculine,teens,6,4.0,1
common_voice_en_30620887.mp3,l2_european,Pygidium also orange in color whereas antennae and mouthparts are yellowish.,2c77f0b5a8ea479e90bd68da06835e4adff470e6233c2f17b0a8f2326d81c8ca,spk_0190,polish accent,male_masculine,twenties,11,7.13,1
common_voice_en_30620888.mp3,l2_european,The secondary roles were performed satisfactorily too.,2bf2ea94bfdd8fb79fcd58c317f0a5467e729571f2018226789a804ae8964a0c,spk_0190,polish accent,male_masculine,twenties,7,5.15,1
common_voice_en_42541226.mp3,l2_european,"""Law and Order"" based an episode, ""Performance"", on the case.",f7cfdb3ebd8a6c5c16e7ae35a4e1d76db51426d348fe9e0eed07874e331a2391,spk_0191,Italian English,,twenties,10,6.48,1
common_voice_en_42541227.mp3,l2_european,The Comancheros were notorious for carrying registered shotguns openly while riding.,f7e65b3af1315304f8abe5980f2553430e2705a600d477347adf20ef3f362e5a,spk_0191,Italian English,,twenties,11,7.38,1
common_voice_en_39594080.mp3,l2_european,She resides in Brno.,e41a9821082aa0ac8aaef9fb7493f0d4cea58fdd463e9fe667c1f3fab0b45d66,spk_0222,German English|German native speaker,,,4,3.71,1
common_voice_en_39594082.mp3,l2_european,Thomas attended London School of Economics.,e41cbac727db4f7d015252cae5ff7889bd6aae482bc184e09033799da365c85a,spk_0222,German English|German native speaker,,,6,4.97,1
common_voice_en_19545412.mp3,l2_european,"She was originally nicknamed ""Rosita"".",1877f09c5380765cf0492f8e95a28886134a4bc46ea12d13a595acbad582b62b,spk_0249,German|south-west German|South German accent|Alemannic German Accent,male_masculine,twenties,5,4.46,1
common_voice_en_20293185.mp3,l2_european,He took written notes.,366065bb087953e9887e792cd1d7fbae32cc9d25a3de779fd848ef1fe969ec6a,spk_0249,German|south-west German|South German accent|Alemannic German Accent,male_masculine,twenties,4,3.0,2
common_voice_en_32755859.mp3,l2_european,The Jaguars played their home games at Jaguar Field.,952620aacc0baa1f5bb802f62f0ea7845a67f1ada9bc30ca08cb1c3affe8ef37,spk_0278,Slavic|polish|East European,male_masculine,twenties,9,4.54,1
common_voice_en_32757010.mp3,l2_european,The city prospered during the Caliphal era.,958e3ee32f8113cb1b66910f06a20f25e90ced72cc63e72cf8ccaabcaffee214,spk_0278,Slavic|polish|East European,male_masculine,twenties,7,3.92,1
common_voice_en_35453162.mp3,l2_european,He decides to confront Violetta at the party.,c750dc0b2ae570634696b4823acc87bc6949d29dee65bf5da160a461cb062f45,spk_0303,North European English,male_masculine,twenties,8,4.18,1
common_voice_en_35453461.mp3,l2_european,Translated by Zora Depolo.,c6c172ef872e62dfa25242bb5e63bc476349edf6dc068320b49a2acbd79493f4,spk_0303,North European English,male_masculine,twenties,4,3.82,1
common_voice_en_32523589.mp3,l2_european,Leckie worked as an upholsterer in the East End of London.,832bb29fd54f43c0b52c3fee98cebca0152dbcf8d702f35ed16f1a8315669091,spk_0326,Eastern European English,male_masculine,teens,11,5.08,2
common_voice_en_32523595.mp3,l2_european,The bell tower is high and adopts Gothic architectural style.,83fcf1e324ab2454dcb428de6359b2ff68d0634ba6bf4e95dd6c883f00a2761d,spk_0326,Eastern European English,male_masculine,teens,10,4.64,2
common_voice_en_31067010.mp3,l2_european,The boundaries of the province are obscure.,3cf22f930ef7ea1c32dca1cce0be2612d5668138fea8cf5e31fadb269d8e2e75,spk_0330,European|German|Non-native|Foreign,male_masculine,twenties,7,4.32,1
common_voice_en_31067038.mp3,l2_european,She performed at various theaters after that.,3d6d496e8b8cd916587bfa14d8e3d1cb11503a54378bf29def172f6ae556d052,spk_0330,European|German|Non-native|Foreign,male_masculine,twenties,7,4.25,1
common_voice_en_31780011.mp3,l2_european,The Los Angeles Lakers defeated the Miami Heat in six games.,558f5f4fab3efb4d03fbe63991134c8f33808ade7f94426e93c08c574c8e321b,spk_0359,German,male_masculine,fourties,11,7.31,1
common_voice_en_31780012.mp3,l2_european,He also condemned Hamas for killing and targeting civilians.,550622c6739f2dfad311cd7851305d8652d26111994cf7d8b0e0df903c74e691,spk_0359,German,male_masculine,fourties,9,5.87,1
common_voice_en_36894293.mp3,l2_european,"It decays by neutron emission into Li, which decays as mentioned above.",cc748d9c1980cdffbb4df8a4d291034fa92759d38c914526ef7979d71def28b5,spk_0391,Eastern European,,,12,6.48,1
common_voice_en_36894295.mp3,l2_european,Coffee shops and chat centers cater to young people.,cc61f2b19423198c93e495e0334614a0fa3e3ee338f99ec0cda43423ba32fd9f,spk_0391,Eastern European,,,9,5.4,1
common_voice_en_33072352.mp3,l2_european,He pursued his education in music at Dick Grove School Of Music.,a422717b2d94c1713da54e7c4dad598b5ef9abf21f64faee30cbc71e316932d2,spk_0396,German English,,,12,6.08,1
common_voice_en_33072362.mp3,l2_european,Thomas was often quoted in the press as the public face for the company.,a3ec54121b60d932f2c6020162ecad781d7c213261e39d0e2a420b606e0840b2,spk_0396,German English,,,14,5.9,1
common_voice_en_41995691.mp3,l2_european,Franck feels frightened and tells Julie he is leaving.,f65bd0fb6a44f71ee5b0d1417ed7c60e38d069af56a7833d523fcaaa3acfdcc4,spk_0409,Danish,,fifties,9,4.07,1
common_voice_en_33566065.mp3,l2_european,His activities in Danzig made him move into forestry in Germany and Russia.,af35dff7ffdeb01942d5e22082a97cc61697066f06157f70bd59ca8fb1e756f0,spk_0411,German Accent,male_masculine,twenties,13,5.76,1
common_voice_en_33566068.mp3,l2_european,The escape tower took the Zond capsule safely away from the falling rocket.,aee237328eea0e2fbe28266d9a105145bd4faa7bb8aa38a5388a282cfbd98203,spk_0411,German Accent,male_masculine,twenties,13,5.98,2
common_voice_en_40694788.mp3,l2_european,The station also serves Benson Polytechnic High School to the south.,ed6958233b12a6b78fdf58bacb2899e5da9a1fa488466c35d18ebac692d77bd8,spk_0416,French,,,11,7.06,1
common_voice_en_37972042.mp3,l2_european,Ralph currently teaches Sequential Art at Savannah College of Art and Design.,d2bd4ea92f27e598ae4adaf3d9c0629be9c692fb4bb098c0d96fb3015a4d74d7,spk_0439,French Canadian,,,12,6.7,1
common_voice_en_39612631.mp3,l2_european,They were engaged in whaling and sealing with harpoons and spears.,e493c967914bbd01772acd6175038b244aa6424990f2da1fb60dddf57ae803b6,spk_0447,Non Native - French speaker,,,11,6.16,1
common_voice_en_39612632.mp3,l2_european,I’ve never seen a guy look so worshiping and intimate towards a girl.,afb82938548044d73af685d6fa6abc6775716de67f8e060d5f62e0ea8093f6d6,spk_0447,Non Native - French speaker,,,13,7.09,1
common_voice_en_33055845.mp3,l2_european,It was meant to restore Artsakh winemaking traditions.,a4d89d41d968f5b79228c02e98d3e99c30c0658adfa06856da182097c58a7079,spk_0455,French,,,8,5.87,1
common_voice_en_33055848.mp3,l2_european,A locomotive depot and staff toilets were built to the north.,a470c0830ff84a501b207f26119d994f2fbcfa36ac9bee7832fb0a6f5c707db9,spk_0455,French,,,11,4.61,1
common_voice_en_36647058.mp3,l2_european,Base trapping can also be used to describe this act.,caa625368b499e4c9cc4d8208f8c695a89c2ac799d20e93f12a410c1e34022d1,spk_0464,English as second language (russian as first),,,10,4.97,1
common_voice_en_36647059.mp3,l2_european,"The mere presence of ""San Luis"" was a severe nuisance to the Task Force.",ca9c27f102aa5b15472ccc460e3969a4df09f7096ed478cd85f0a96c791f5b4d,spk_0464,English as second language (russian as first),,,14,7.78,1
common_voice_en_41079158.mp3,l2_european,"These novels are each self-contained, with no shared characters.",f08c03f987517d23ddf73bf8238cd8d0f362e182d6fe9664632ef34684e4c20b,spk_0467,slavic accent|Russian Accent,,twenties,9,6.77,1
common_voice_en_41079160.mp3,l2_european,A campus of Saint Lawrence College is situated in Cornwall.,f097eaef8cc3d979ea86f6b2d9886c79c517bca3781011012cb6f1e654354c16,spk_0467,slavic accent|Russian Accent,,twenties,10,6.41,1
common_voice_en_31171663.mp3,l2_european,They then played two games in Cairns against the Brisbane Bullets.,408eb15c46ecd2d0426a562c0228a142fade188318afdd1533576562e687be39,spk_0472,Dutch English,male_masculine,thirties,11,4.86,2
common_voice_en_31171705.mp3,l2_european,Railroad stations in Colorado,404019f06b1a4d9ae80d28da6e8e8cdca203c4631b857b2be43f8df821eab4c1,spk_0472,Dutch English,male_masculine,thirties,4,3.06,1
common_voice_en_36470087.mp3,l2_european,"Upon Michibata's retirement from the tour, Connell joined Patrick Galbraith.",c9ab7babdc245fb814a6950ccdf8ff9f63f55da31c3e21a40ec56feaf3bb830f,spk_0477,Russian|Eastern European,,,10,6.05,1
common_voice_en_36470089.mp3,l2_european,Inserted instructions were forced into a flow by a coprocessor.,c9a681cb5dff6ae0964a4c10652a300cef9c39875838586ad752931706941490,spk_0477,Russian|Eastern European,,,10,4.61,1
common_voice_en_37357886.mp3,l2_european,"To top off this great year, Fuller had a daughter named Tiffany Fuller.",cee3e86279074dfa5141b7d933fe959ee99a98a7bfe6dcfa55b09aed621b9318,spk_0478,french english,,,13,6.62,1
common_voice_en_39601831.mp3,l2_european,"These types were generally painted at first with geometrical designs, afterwards carved.",e4163210de55dae016b373abe00cc4c3b76ad13a22e74c3a1fbb064ec8afaca1,spk_0491,Icelandic,male_masculine,fourties,12,8.6,1
common_voice_en_39601833.mp3,l2_european,The moons of other planets are not represented in the scale model.,e426962e3f28a18c6ff59a6efb0a0158309e7ce33b93a0e1a0105e6d7e19e2a4,spk_0491,Icelandic,male_masculine,fourties,12,6.19,1
common_voice_en_17780991.mp3,l2_european,Do you like contemporary paintings?,bd6085e36f2daa7429d15bf930ff10de2194b2f9a9d9b63d4462fb864408b019,spk_0494,Russian|Slavic,male_masculine,twenties,5,3.31,8
common_voice_en_17781441.mp3,l2_european,What does she look like?,1235d3b29a1233a4b8b21c18341ab9428b5633cb0aae69798d8e61d83112fe75,spk_0494,Russian|Slavic,male_masculine,twenties,5,1.85,8
common_voice_en_30446641.mp3,l2_european,Other critiques of Kantorowicz were more fundamental.,180240792fda3037a47bde25762ad21a51bcb89d8e0aae41b5457e0c62ff9337,spk_0512,Russian,male_masculine,twenties,7,4.39,1
common_voice_en_30446645.mp3,l2_european,She was also one of two Republicans to vote with Democrats against budget cuts.,1892f46433c79727d85d419863d9c5553e32bb920f0c7e1d42d4d0c9f5766b78,spk_0512,Russian,male_masculine,twenties,14,5.69,1
common_voice_en_37501032.mp3,l2_european,The earth loses its privilege as a framework of reference.,cfc001bc9b03dab598db05a94836fc524bf8875b980e98198c44c63f6dde4a76,spk_0521,Hungarian,female_feminine,twenties,10,5.4,1
common_voice_en_37501065.mp3,l2_european,"The band has since left the label and are now ""free agents"".",cfb245f743cad4e7dc3aefaf221fa2c9b9dce8fdec7509dec777970eafc3b6b3,spk_0521,Hungarian,female_feminine,twenties,12,5.87,1
common_voice_en_38527162.mp3,l2_european,He was buried in Syria.,dbbdff3c8742be126fadca18aad268ab37dd7e6d39234fca784ad0a331b0a779,spk_0538,French,,,5,3.13,1
common_voice_en_32126047.mp3,l2_european,Both the embassy and Chalupa disputed the allegations.,65dd3d2e001cca95c3f1bca1e915ba68f0bf42615f68b157a31f0c2bfc6a9db3,spk_0552,Swedish English,male_masculine,teens,8,5.47,1
common_voice_en_32126049.mp3,l2_european,Three best teams from this region advanced to national round.,649e6bff97650a49f613805430d40856a2548c44e1b1a05ee76b6460101dc768,spk_0552,Swedish English,male_masculine,teens,10,4.9,1
common_voice_en_32848150.mp3,l2_european,"The airbase has played an important role in the ""Cyprus Operation"".",9c9af5c035a99d31665d2b49aaf33a5aebcc096b7867a3b80bd87ee7938f3524,spk_0559,Russian|East Ukrainian,male_masculine,fifties,11,7.49,1
common_voice_en_32848189.mp3,l2_european,His poetry mourning the loss of his beloved Crimea remain popular today.,9c81eb0a1bb0d98bc6b1c5611c5390d3091707b73550bc5e58fc58d85073e3ff,spk_0559,Russian|East Ukrainian,male_masculine,fifties,12,7.06,1
common_voice_en_39334396.mp3,l2_european,The meeting was reported word for word to the Home Office.,e1e2cb9bbee6cc5c365603b6cecb3107741544f1ddb7a050c813e81720fa7e17,spk_0581,Finnish,male_masculine,fourties,11,4.86,2
common_voice_en_39352286.mp3,l2_european,"Her mother is of Jewish descent, whereas her father is of Christian background.",e1e996a53e6deadd3d004266294edf44517eb221c5e2aff5ca5e97aaab4aec3a,spk_0581,Finnish,male_masculine,fourties,13,7.85,1
common_voice_en_29868810.mp3,l2_european,Sant cites Frank Ocean and Miley Cyrus as musical influences.,03c2501d9c2b92b009e5d2278607b42f5d487cbfa9f7e52ae8e91dc7d67d48f4,spk_0590,minor french accent,,,10,6.3,1
common_voice_en_29869730.mp3,l2_european,She was by that time described as an invalid.,03d41664cd3309da38e05138ad7f4c7fafab8f0650cdaff13ec76441568ee762,spk_0590,minor french accent,,,9,4.0,1
common_voice_en_37473422.mp3,l2_european,The ruins of Nugent Castle remain near the center of the town.,cf8fc01d3932b01af0951d932070a496815d16e7c3b4cf9fe0eddca93a882e31,spk_0593,Russian,,,12,6.12,1
common_voice_en_37473423.mp3,l2_european,"Its long title is ""An Act to restrain Foreign Education"".",cf65efd9d9fca904a3e3fd8b21032ef115730db6a2078be1a46604877862f1b0,spk_0593,Russian,,,10,5.58,1
common_voice_en_38594611.mp3,l2_european,"He also owned the ""Mail and Express"", a New York newspaper.",dcbb0c904ba9e89ca99296024e0829c59e5cb861b1d0c9495a4bed4a3b77ded5,spk_0600,Latvian English,,,11,7.88,1
common_voice_en_38594612.mp3,l2_european,Some titles were not playable on airlines.,dcb76cad3e92fb02b2163f36670a93503b9d600f7c86ed74c2d779d9233103f6,spk_0600,Latvian English,,,7,5.62,1
common_voice_en_40955589.mp3,l2_european,"The city was annexed by Poland, and the native Germans were expelled to Germany.",ef94dbf07b6aa55906d0267639550de35cb107141b9f40fece1f1f467e9e9177,spk_0615,Swedish English,,fourties,14,7.49,1
common_voice_en_40955590.mp3,l2_european,No seats changed hands.,ef62d2e10ba4659c30b5179315c42b8722e9fd31a4a01d4551c7041a3af62999,spk_0615,Swedish English,,fourties,4,4.32,1
common_voice_en_37841857.mp3,l2_european,It is located in Lohara Taluka in Osmanabad district.,d12c4a0a0aaf63807d60e58ffb47737b6f1e5eb283b86d49a6ccf9cce3f79782,spk_0623,Russian,,,9,5.0,1
common_voice_en_32678807.mp3,l2_european,It fielded five candidates in the Ginninderra electorate.,8fe18d5c3fa785cc255e7647e602c39f5acb5ae0042f4637b56c3afa2988bc95,spk_0628,Eastern European English,,,8,7.74,1
common_voice_en_32678808.mp3,l2_european,Internal supply lines were also organized.,8ea805884c814a01577b61a7fb3cd4fe3b428ae7d07f5acf674e9a3591a8792a,spk_0628,Eastern European English,,,6,4.36,1
common_voice_en_21160191.mp3,l2_european,Other observations were communicated to scientific societies.,49ee5aadfa81b3c3a8f470ab3318d4bdfdbebfdda94b44d973f2f28c66a13f84,spk_0633,Non native speaker|German English,male_masculine,fourties,7,6.82,3
common_voice_en_27333980.mp3,l2_european,"The Osbournes were assumed to have adopted Robert, but Sharon Osbourne has denied this.",a94a66828a603ad2082f60e7b0e6f5131c73e035a6545fba6d5c71415fc1a1dd,spk_0633,Non native speaker|German English,male_masculine,fifties,14,8.1,3
common_voice_en_34213604.mp3,l2_european,After the season Kraemer transferred to Drake University.,b7864298e2a221ded7accce90ebf329a021cebfaf2497458d3d6f8144e59664a,spk_0653,french accent|French mid level accent,male_masculine,teens,8,4.25,1
common_voice_en_34451803.mp3,l2_european,It is located along Oktyabrskaya Magistral.,b82fb50f262ab2a0aa388ce3ecd4e5f209dbaf86c0658ef4188f93e4486a3692,spk_0653,french accent|French mid level accent,male_masculine,teens,6,4.54,1
common_voice_en_38809178.mp3,l2_european,He was also named all-state in baseball and soccer.,df2bbf2cced69388382442f79ce632d0ab0478edbb924f63e6a1267a780b318c,spk_0675,Dutch English,,,9,4.18,1
common_voice_en_32764513.mp3,l2_european,No regular passenger service covers the entirety of the line.,95cb43ef9978f1dd1f03e591a41afb77276c74db68f88e26120b670971e2188d,spk_0682,Finnish,,,10,6.23,1
common_voice_en_32764514.mp3,l2_european,The crew had completed about half of the shooting before the lockdown.,95f7111cb0d808c0bfcb4ca561dfe73f60a77a73e3c2ff22f8622d0704330750,spk_0682,Finnish,,,12,6.23,1
common_voice_en_30514597.mp3,l2_european,She was at Dunkirk in February.,1f5e290c212ac57fe1d7a3665d5ac6ededf55beb1521ce6d820c0ee0ff9a57b4,spk_0712,German English,,,6,4.61,1
common_voice_en_30538525.mp3,l2_european,She has been credited with establishing the social policy studies department there.,23ac3d4fcdd9c8bbb400b968f7ecc909b4608a0e785e87b1265321623555f8a5,spk_0712,German English,,,12,6.52,1
common_voice_en_39117522.mp3,l2_european,They have an intimate night together.,e0ea79d2a6f8c7b31bc999a955f4dbb2cb414ba8816efe8f53cd6dda8821c230,spk_0735,English Russia,,,6,5.36,1
common_voice_en_41994092.mp3,l2_european,"Although unsubstantiated, numerous reports exist of the haunting of the manor house.",f655814c0d1cf4c7b0ab6b8b3f1c0a9238283afffb59d125e04e9f88a91ec268,spk_0736,Danish English,,,12,5.87,1
common_voice_en_37228184.mp3,l2_european,This asteroid is named for the Dutch astronomer Jacobus Kapteyn.,cdff9e1e9d05d4e4e3c999017b2171810111b664f68d7fc4f36bce192c12d60a,spk_0740,German,male_masculine,teens,10,4.82,1
common_voice_en_37228662.mp3,l2_european,He won various prizes and wrote books about this field of research.,ce08042a9f458a8d0c6d9030f2a4b2ee7e790e362108b1d58e149d664603abe8,spk_0740,German,male_masculine,teens,12,3.85,1
common_voice_en_34399335.mp3,l2_european,He also participated in the Vistula–Oder offensive and the Battle of Berlin.,b59756d3c4d7cb9231689ffa26c7449068a581ee8e301267108ad05718a91334,spk_0742,french accent,male_masculine,twenties,12,7.16,1
common_voice_en_34399340.mp3,l2_european,He is notable for pioneering social welfare work for many early British Asians.,b8619c4ed1e9811a28612255101c87670742b47d77c413fdb3f334fa26194100,spk_0742,french accent,male_masculine,twenties,13,6.37,1
common_voice_en_37951940.mp3,l2_european,"Passing through Chad, they eventually settled in the Sudan vicinity.",d298cffba121cc8854cbf7cb8b118040181c22f374d2e8532674b5f2af9b310e,spk_0745,Dutch,male_masculine,twenties,10,6.05,1
common_voice_en_37951969.mp3,l2_european,There is no metallurgical standard for pot metal.,d2b3792f1162751414ad7722a5ec580101f4bc20c48ac8eaa757ecf3139ab05a,spk_0745,Dutch,male_masculine,twenties,8,4.61,1
common_voice_en_32208470.mp3,l2_european,He was best known for his research on the friction and wear of materials.,6f2297930b578cc9d86e2d6453a41fbddbd0530a3c2155b8d4d195678fee387c,spk_0749,French,,twenties,14,6.3,1
common_voice_en_32208491.mp3,l2_european,Davison was also active in gun enthusiast subreddits.,6e4ff1d94e962490fef895c943dc08fd7010b0676e770e4625c6a06c46282b36,spk_0749,French,,twenties,8,5.87,1
common_voice_en_39764961.mp3,l2_european,"A few other ""giant spiders"" were puppets representing spiders as large as dogs.",e61c4aaec7f9e15fadc8693e3a8c45609a510c0cf5c08ec4c7f09e00b95bcda3,spk_0756,Slavic English,,,13,8.14,1
common_voice_en_39764963.mp3,l2_european,Sound is mainly produced when the fish are interacting antagonistically or courting.,e60c95b9db9f73ea1d6962fd195b2201c7dc3ba2664a0b747f708a61c0047249,spk_0756,Slavic English,,,12,7.31,1
common_voice_en_39998810.mp3,l2_european,Parkin and her husband have four children and they live in Utah.,e85a3c4bf51d40cb5f3db8482970fb0c56e03caddd6174239b66fcfaceedbde4,spk_0757,Italian accent from Northern Italy (Milan),,,12,6.55,1
common_voice_en_39359907.mp3,l2_european,The Center Campus is now starting to construct.,e1e99b40546fa4648e86ee4f5bc5aadb71eda13399ada6a7e99d89bca6ac0f97,spk_0762,Russian English,female_feminine,twenties,8,4.79,1
common_voice_en_39360033.mp3,l2_european,The disadvantage is that a well-engineered experimental setup is usually needed.,e1edf7ee491593d5ad9ec6d7e7e7833a076997cd74e931614631eb7ac8059e7b,spk_0762,Russian English,female_feminine,twenties,11,7.92,1
common_voice_en_38939728.mp3,l2_european,"One major daily newspaper serves the Michiana Metro area, the ""South Bend Tribune"".",dfe00936bed7fda539e4d369e59b86a098c58048a91b539476b7c145f2d223e5,spk_0765,"not native English, originally French native language",male_masculine,thirties,13,8.5,1
common_voice_en_38940176.mp3,l2_european,She is considered one of the most important Brazilian writers.,dfef988235174ef1f4b9536066035fd61c8308d79d2110217ef6793e073e67bd,spk_0765,"not native English, originally French native language",male_masculine,thirties,10,6.05,1
common_voice_en_39597886.mp3,l2_european,"After practice, Annabelle drives Falco home and surprises him with her vast football knowledge.",e43d985b7698d0f755bdfaddc9fe564cdd28f68cc9da072cfc31fdc725e62d3a,spk_0772,German,,,14,8.24,1
common_voice_en_43471621.mp3,l2_european,Singed envelopes from the exploded rocket can still be seen at the island museum.,fca5796c0df1d5d16f38d173ea71769f96e49dc721f66f6e74ccd156a7c1da92,spk_0784,Danish,,,14,7.85,1
common_voice_en_37439709.mp3,l2_european,Seredy learned these stories from her father when she was a child.,cf4bba07af8112502f43e488122414af8a0b9011e5501996692de34f5488d142,spk_0785,Hungarian English,,,12,6.37,1
common_voice_en_37439715.mp3,l2_european,It is also within walking distance of Westfield London.,cf5bce302a775e3a1622f5e03f102e497f8bc80c66443a68b23f59e4fd902672,spk_0785,Hungarian English,,,9,5.44,1
common_voice_en_38050161.mp3,l2_european,Don't you want to play some Merle Haggard?,d51c7a552c25c61e8e6c923c3ab35deb97c0c72db11cfdafb83f1183919953ab,spk_0790,cajun french,,,8,5.4,1
common_voice_en_38050162.mp3,l2_european,Returning for Dublin for several years he featured at the new Aungier Street Theatre.,d51bad823a1887018535367d5406b9e41ac8f453b615cddb2475ee4f791a7217,spk_0790,cajun french,,,14,8.24,1
common_voice_en_32331998.mp3,l2_european,Only the entrance door survived the destruction.,79a397094c79e4cb27d3aced3fbc8cd1f3fb29912047f8414c8d2ea3a1537cf7,spk_0793,Italian,male_masculine,twenties,7,4.32,1
common_voice_en_32332000.mp3,l2_european,But childhood ends and she enters adulthood.,7a46a31b068cd20f60ea2228efc1bc6ee312ac6423a48c9e5298428c1ad8d9ab,spk_0793,Italian,male_masculine,twenties,7,4.54,1
common_voice_en_32520340.mp3,l2_european,The role of the undercover fairy tale character will be played by Philipp Kirkorov.,844aa890c8f5b364b83594255c0f0ea23a5daa506c1403e51effef0acb0fe6aa,spk_0798,Spanish bilingual,male_masculine,twenties,14,7.7,1
common_voice_en_32520341.mp3,l2_european,Filloux has served as an editor for several scientific journals.,843f984a67b7ab4bee242322a9fa74b98ce540507ec8993e8cb48580977f7663,spk_0798,Spanish bilingual,male_masculine,twenties,10,7.6,1
common_voice_en_18554652.mp3,l2_european,Can't you see how pleased we all are?,e8e1bd01d45c5276e01aa549c99d8b5acd51b4b7a8517be9c8c82bd96759eb86,spk_0811,Austrian,male_masculine,twenties,8,3.22,2
common_voice_en_18554764.mp3,l2_european,"Yes, monsieur — oh, the poor woman!",ead5eeaa8c8cb6b20e01c055e06a8a8cf02394e86d1431d2141c5634c8c2ebc7,spk_0811,Austrian,male_masculine,twenties,7,3.38,2
common_voice_en_37157757.mp3,l2_european,"People began lining up at the store and shouting, Give me an Orange, Julius!",cd72cdc29735769f5f2ce93518b3a04d2f4a75115f38f968ae84bc34dd404e08,spk_0814,Russian,,,14,8.14,1
common_voice_en_37157758.mp3,l2_european,The municipality is situated on the southern coast of the large island of Senja.,cd9534144f4a4d327e33afe3b7699b3f7809b9d6ff66dc3662a6e251a4f03e07,spk_0814,Russian,,,14,7.6,1
common_voice_en_38100385.mp3,l2_european,Play cannot end while one side has an unbroken sequence of tricks.,d66a909d4c989abaf00e89ed32a4045c0c5a299208ebb9cca941d5257655fbda,spk_0859,European,male_masculine,teens,12,6.08,1
common_voice_en_38100451.mp3,l2_european,"Recently, most sites became easily accessible since many roads have been asphalted.",d6655c00bbeff77160e0da0537832cb76442dc3e7aed1a3a40ab4ab2a8d6a602,spk_0859,European,male_masculine,teens,12,6.91,1
common_voice_en_37301173.mp3,l2_european,Three stories published in Strange Horizons have won the Theodore Sturgeon Award.,ce9cdb6d13de20b746c5f6f8ddb94d95302532a01dc1082b78faa9ce498e4da2,spk_0870,Slovak,,,12,7.38,1
common_voice_en_37301174.mp3,l2_european,Notable commanders of this vessel include Sandy Woodward.,ce930b717873c601b0a8859ef8a7384eb4dd4fe7e7505bdd7a821d1853d6c407,spk_0870,Slovak,,,8,5.29,1
common_voice_en_36003970.mp3,l2_european,The monastery is the only Orthodox Christian monastery in the state of Georgia.,c855d152ad78f622f35f25180d1af0ed49e26a12df4d0a80545c8ce1cd96b1af,spk_0872,french english,male_masculine,thirties,13,5.51,1
common_voice_en_36003972.mp3,l2_european,The majority of the residences and facilities in town are owned by Rio Tinto.,c84f1aa48070c5fa64e73b24684bca54c9572c7c95ca8ab0a332d3b68951f084,spk_0872,french english,male_masculine,thirties,14,6.77,1
common_voice_en_37363601.mp3,l2_european,This controversial document was never used in practice.,cef2b74ee58820e8825095dd6c9b7207da26f87cd14f52a325f4ba61ccb03a5f,spk_0874,German English,male_masculine,fourties,8,4.72,1
common_voice_en_37363603.mp3,l2_european,Initially a Coastal Division and a Northern Frontier District Division were planned.,cef3886efcc07bea27fae22244339850403b86f2fb103a24f115d375b3e3ee80,spk_0874,German English,male_masculine,fourties,12,5.94,1
common_voice_en_38354092.mp3,l2_european,He showed interest in marine science and aquaculture development in the west of Ireland.,d9661baf32ecf55475eb575626eca7a07208ab5957817923df59aeb5c23e81d4,spk_0879,Dutch modern English,,,14,5.98,1
common_voice_en_38354095.mp3,l2_european,William Floyd Parkway provides access to the beach and rest of the park.,d94baac800c4cfb5d6c0c89208fda8f10dc719d13440e23148e38dc3f549f749,spk_0879,Dutch modern English,,,13,4.86,1
common_voice_en_39939115.mp3,l2_european,Two matches were played on the Monday and one on the Tuesday.,e7c7c8809b9eb00c7f6c167a268344c4031fa6d0fb3dcd4689550ed9d8117ac1,spk_0887,Hungarian,,,12,4.36,1
common_voice_en_39939116.mp3,l2_european,"The earl was succeeded by his son, Henry.",e7c918fe6863e42cb71da8501ea89df73d5031806629e8a7c0dbf582555d9fd5,spk_0887,Hungarian,,,8,3.96,1
common_voice_en_42486740.mp3,l2_european,Smell like a man!,f797e915af0ffe93ce440eb972d4dc1ff4fa4078461e20a973a1cbb40ae32b43,spk_0892,Czech,,,4,2.34,1
common_voice_en_40007276.mp3,l2_european,This version was subsequently ported back to the Spectrum.,e894813b01901aa01e9902174f4c1ce7e53de251aebda5f09bdce72323f8cf51,spk_0918,french-origins english,,,9,5.8,1
common_voice_en_28727728.mp3,l2_european,Transition economics investigates how an economy should reform itself to endorse capitalism and democracy.,bc7fb05a9daa9ab85036cbe13b1b26de1b0fc5cee44bfadc1c07a8a96bc6cd7a,spk_0922,German English,male_masculine,twenties,14,7.7,1
common_voice_en_28727731.mp3,l2_european,The news given about the plutonium plant stresses on the word molecular flow.,bc76c7bf96b5384587ec35e6d045b432d093bc497a612db9b70fe7b0c620c9ef,spk_0922,German English,male_masculine,twenties,13,5.87,1
common_voice_en_37951870.mp3,l2_european,Skunks tend to be highly curious and will open cupboards that are left unlocked.,d2c19d31a1b7c855bf4eb9c7821db2e4fbe9886359027169effd65f7eaa4d010,spk_0926,Dutch,,,14,6.48,1
common_voice_en_37951873.mp3,l2_european,A hydroelectric power station in Riam Kanan Reservoir was named after him.,d28b6797e4efd399a6e992d5983a1d7861f85c97dbf7ac7dfc610ec45b1f74ea,spk_0926,Dutch,,,12,6.84,1
common_voice_en_27608641.mp3,l2_european,He was buried with honours due an emperor and given a posthumous name.,b03b4bce5c591e6c12484bca6f997c0c1584d9d5dee0cc405a72777fe77a688b,spk_0936,polish,male_masculine,teens,13,5.51,2
common_voice_en_27608716.mp3,l2_european,"As demand has increased, bit size has increased to continue to provide unique numbers.",b03b64c1a7e7ac732feb9eb8a793754493deab94a0741d6b04ff915b906c39e1,spk_0936,polish,male_masculine,teens,14,6.34,2
common_voice_en_37398270.mp3,l2_european,It begins at the Bowery at the corner of the infamous Sunshine Motel.,cf1f7008b9f96adb72837e5131fd1758b65f4d2ce2e234a8b4f3ef9f2c50e42d,spk_0948,Ukrainian,,,13,7.16,1
common_voice_en_37398273.mp3,l2_european,It eats mainly toads.,cf2878f4edfd12aa382e0b25f18e74b386c318351bc497360978ecb994e4dacc,spk_0948,Ukrainian,,,4,3.67,1
common_voice_en_17783664.mp3,l2_european,"As a workaround, we could use application specific profiles.",5c3925317cf6c91ba7d2e80224aeffaae59969bae294dfd7463c9de4cc780a5a,spk_0968,french accent,male_masculine,twenties,9,4.63,8
common_voice_en_17783687.mp3,l2_european,Leaves turn brown and yellow in the fall.,9eafd3e8ec7f17187f2329c93c035331950d3b7989f86a0facb8e0a7177675cf,spk_0968,french accent,male_masculine,twenties,8,4.34,8
common_voice_en_41942253.mp3,l2_european,It also appears on numerous compilation albums.,f5e7b7a95fc54a55882c4919a15c3d2caeb5ce759e7a340a1eeb356bec3d898b,spk_0974,Lithuanian|Non-native,do_not_wish_to_say,twenties,7,4.1,1
common_voice_en_41942375.mp3,l2_european,"It can be seen from the latitude of Alexandria or Mobile, Alabama and southward.",f5f4d51d6494e03440b89d3d4a096c32c861fecf9dc663661f3fdb17248744c1,spk_0974,Lithuanian|Non-native,do_not_wish_to_say,twenties,14,9.43,1
common_voice_en_32327232.mp3,l2_european,They measure up to long.,798a9c1b9108f751e4065c0300309676795aa7d3b84ca039e697c1bcd3631995,spk_0976,French,,,5,3.06,1
common_voice_en_32327233.mp3,l2_european,The top two teams from each of the regional qualifiers qualify for the tournament.,799d5f91976baea0dcae017f44152502d09e9d1c4909daf33144a36b94fc98f0,spk_0976,French,,,14,7.42,1
common_voice_en_41886296.mp3,l2_european,The site also includes the Darius Heald Home.,f563f414f489e01af6cb4267a00b9b45bd276f97274a3043c471714e4d2901ab,spk_0993,German English,,,8,4.43,1
common_voice_en_30677468.mp3,l2_european,It is one of the earliest Restoration Comedies.,30e4107f01399d22b3696c1bea1418f4d5c41c4ffe4518dc5bbf5d262c73f380,spk_1001,German,male_masculine,fourties,8,6.66,1
common_voice_en_30677470.mp3,l2_european,Ames was both painter and sculptor.,32ceeac9326efdb991d48bbfe586aeeed291ebc6dc4b8da790c5339df409ae32,spk_1001,German,male_masculine,fourties,6,5.87,1
common_voice_en_34724348.mp3,l2_european,Hampson studied computer science at the University of Alberta.,c0c0ef12136e3b6fd30e0162a549b0a4ab3a5ad1ac2beb316bfc9db6378e29d0,spk_1003,German,,,9,7.38,1
common_voice_en_34724349.mp3,l2_european,The Love Foundation is supported through due of members and also donation.,bfb7254d51e249c26e500bb3fd7018d15628c798f5c527fe9b395ca27ee20949,spk_1003,German,,,12,7.85,1
common_voice_en_40814003.mp3,l2_european,"For instance, it is conventional in many societies that strangers being introduced shake hands.",edf1800613166f054937fa9a4a9e2ef5d90d71210be1eb5b87e2ca2c300db0a0,spk_1014,German Accent,,,14,7.56,1
common_voice_en_36647036.mp3,l2_european,Bill Gates gave his ninth pre-show keynote address on the Sunday evening.,ca9b2ee5fda94f7b2a51daa775e4702478f760dbe902185b50e057253dc05cfa,spk_1044,English as second language (russian as first),,,12,6.37,1
common_voice_en_36647039.mp3,l2_european,"Rushing to the bathroom to vomit, he accidentally hits Dil in the face.",caaf32becd297184dba66386773e8af7d8843137a52e202f0543a377d3f1643c,spk_1044,English as second language (russian as first),,,13,5.8,1
common_voice_en_39585982.mp3,l2_european,"Evans' partner, as in all his matches, was Peter McConnell.",e3937d072334978c1463107274f5d9826ad66974b4e8bd88fc671a25a95289e2,spk_1050,Slight spanish accent when speaking english,,,10,6.41,1
common_voice_en_32797009.mp3,l2_european,Several groups and individuals have claimed to represent the Epsilon Team themselves.,97ab3bfd4722229f806630f5aa8499bbe733423fc2fc41061f281ab82f9f4525,spk_1052,French,,thirties,12,6.05,1
common_voice_en_32797011.mp3,l2_european,The ruins are covered with shrubs of bushes.,97f1325753dbfde2c8adfe2fe8cff910178dca6fb6fb2cb4f484f1fcde6b2936,spk_1052,French,,thirties,8,4.28,1
common_voice_en_40160432.mp3,l2_european,List of clipper ships,e99766123a93e89236b9bd886d6f2244d30f83b0732bff108f0256bbf57eacb5,spk_1053,English with a French accent,,,4,4.82,1
common_voice_en_40160433.mp3,l2_european,"During his administration at Amtrak, Gunn was the subject of congressional criticism.",e9beb095067e91baf530599e75fad81cd84e7f4551f0dedaac76d794d503b2a3,spk_1053,English with a French accent,,,12,8.14,1
common_voice_en_40949557.mp3,l2_european,Carnahan defeated then-state Attorney General William L. Webster in the general election.,ef78e6487e65f7a2c41f82aaef5419497f99dd2ae30c15e8ff3db67464e0d7b2,spk_1099,Croatian English,male_masculine,thirties,12,6.66,1
common_voice_en_40958620.mp3,l2_european,Turkey proposes that the continental shelf be divided through negotiations.,ef7af134ad515e9bd9230aced13515130eb1039aa2e986a4eb6a153e21e2609c,spk_1099,Croatian English,male_masculine,thirties,10,5.33,1
common_voice_en_27251714.mp3,l2_european,There are two towns located on the bay: Weymouth and Bellingham.,a666d72029f79903e25473ca90a51e9986a01c2f029787044bb409c26b81d2f3,spk_1126,German,,,11,4.79,2
common_voice_en_27251776.mp3,l2_european,Ludwigite typically occurs in magnesian iron skarn and other high temperature contact metamorphic deposits.,a63352043a700b084fe89a73d243e090e0dfa40473006c2d4e7794e1e5c2d4b6,spk_1126,German,,,14,7.38,2
common_voice_en_38301683.mp3,l2_european,He would know all the peculiar juju relating to it.,9334601215969cb8bd05ff85121fc8583aafb1f45efc9990e3495e12d3982331,spk_1128,French,,,10,4.07,1
common_voice_en_39578380.mp3,l2_european,It is now owned by ConAgra Foods.,e3319faece934f9f467a3963b2b932332116da07257c320b6b7cad725c6e78e8,spk_1136,Dutch,,,7,4.36,1
common_voice_en_39578383.mp3,l2_european,This is the most common configuration.,e3240fb7e04dae749fcaeb9fa0fb4edcd8f34c044c3ea49e877ac41d4dfcd7e9,spk_1136,Dutch,,,6,4.25,1
common_voice_en_39594640.mp3,l2_european,Some listed below also currently have their own article.,e4280b5d4f908c4077a63c0aca1891f061fa958e277851ba8207f98feed5cc4f,spk_1143,German,,,9,4.9,1
common_voice_en_40041863.mp3,l2_european,"The ""Acts"" was never translated into Greek.",e8bac3574677fca5d3c13015053ef3761639391ddd06f1255e14c8fde896c53b,spk_1144,Croatian English,,,7,4.54,1
common_voice_en_39577526.mp3,l2_european,"Eagleson was born in Los Angeles, California, and educated in the public schools.",e30fd03032568fad81193fda2aa9bdeeafdc526b0738814e4c7e40755daeb931,spk_1159,German Accent,,,13,5.76,1
common_voice_en_39585234.mp3,l2_european,"However, individuals widely recognized as dialecticians exist outside of Marxism.",e378d2693e3c34397da7ce5b5f9cee4f820275bbad78f9d0c3d81ea161a33f3d,spk_1168,bulgarian english|non-native speaker,,,10,9.4,1
common_voice_en_39585235.mp3,l2_european,All of them have so far declined to comment on their reasons for leaving.,e37e42bfda316d5a53f4185576199ccfd39dd674e867b0348521b04663a70829,spk_1168,bulgarian english|non-native speaker,,,14,6.77,1
common_voice_en_43471558.mp3,l2_european,There are several advantages of developing client-server applications.,2cd183a2f3f31bd4764e89ed7cfb2ed0cf5d546db47c4939e5bced3d2d678399,spk_1197,Danish,,,8,5.76,1
common_voice_en_35060351.mp3,l2_european,Some rock gardens are designed and built to look like natural outcrops of bedrock.,c4db85a98cc04becb27c4f11f9b849185f82605de306f851970bfe425e2f4c84,spk_1213,Swedish English,male_masculine,thirties,14,8.5,2
common_voice_en_35060352.mp3,l2_european,In this film she portrayed a magazine illustrator seeking western types.,c4c0d97b7e9e4d1ece44cebb80d34ef15c5463df22f4a647c9909bedc6d5e887,spk_1213,Swedish English,male_masculine,thirties,11,6.05,2
common_voice_en_37550002.mp3,l2_european,"""Saintes"" was built by Hawthorn Leslie and Company on the Tyne.",cf7fd1ab75f9a2b119b25b45f6088ba2faf3adec8b1cf604d9e02383d2fa92be,spk_1216,German native,,,11,5.62,1
common_voice_en_37550005.mp3,l2_european,They imagine that crops ripen as much by moonlight as by sunlight.,12e5827a986d5a00ddababcd62447e48e18861a3db11e7f7c8be71a36ef39895,spk_1216,German native,,,12,4.97,1
common_voice_en_37007729.mp3,l2_european,One public outdoor pool serves the town's population.,ccc1bd0108e0bcced77a90bfb7d2925a66cf5c6157a31d34404d66f8f882fa2d,spk_1224,Russian,,,8,5.15,1
common_voice_en_37007730.mp3,l2_european,They were thought to bring the rain or the water out of their bellies.,921bf9e4a4b01ab2ee6b07ad5c5a81d8a4a42ca48fe8572459eec1938c535df5,spk_1224,Russian,,,14,5.87,1
common_voice_en_32886462.mp3,l2_european,Protests have occurred in at least seventeen cities in San Diego County.,9fb5523a34af21885b677aebfe2155db63debd8a6f251112a4359d3df12a8d50,spk_1235,German English,male_masculine,thirties,12,5.36,1
common_voice_en_32886465.mp3,l2_european,Besides stage roles she has also participated on films and television series.,9fa1bfdbb5998e2212df88e9a18e8ca30a4bdc70d460633323cf98c4e95280de,spk_1235,German English,male_masculine,thirties,12,6.01,1
common_voice_en_32876900.mp3,l2_european,This is the Mauritian record.,9edd000713084a1027126f8d3d4fc5f9b0e38af0831a52acb9b4ce6e1d1a5ee6,spk_1246,Slavic|polish,female_feminine,twenties,5,2.99,2
common_voice_en_32876991.mp3,l2_european,These horse flies prefer mountainous regions.,9db192ab07a27c7d4954ad44e9fadac43e81e2f027795816ef191d37b96a2acd,spk_1246,Slavic|polish,female_feminine,twenties,6,4.28,2
common_voice_en_39570845.mp3,l2_european,"It was also known as ""Red Rose"" early in development.",e2d403d0da83f8e66c041b94dfbc6f0e59bb35d76f4465af61c6245ef2f5129f,spk_1262,light french accent,,,10,6.12,1
common_voice_en_39570846.mp3,l2_european,Variants have also been found in Africa.,e2d697c6a625d36ff44b13bd385875785310b1d7e8501a9c474f46b10d4866c6,spk_1262,light french accent,,,7,4.25,1
common_voice_en_39980879.mp3,l2_european,The two Union warships responded in kind.,e84242f7e655e85be13a4ef02d91a2902ad637d56a2487f73c11910ab8041d29,spk_1264,Italian,,twenties,7,3.49,1
common_voice_en_39980880.mp3,l2_european,It's the palaeolithic in a bottle.,e845b9ed8ce29d8b4a8d081f1e9b423b2495d501b4b626a99bb4ccd9badfb074,spk_1264,Italian,,twenties,6,2.7,1
common_voice_en_39998348.mp3,l2_european,He is a three-time Olympic Champion and twice the World Champion.,e882930b9e9d050839a64db77fa47b8c5bc72975500c0107728d2f9a96584bd9,spk_1297,Dutch English,,,11,5.58,1
common_voice_en_36737865.mp3,l2_european,He is currently employed as the vice president of the Football Association of Norway.,cb28a25c41fe931244208a500e3ad80e9a284571c2caa06235ec1ee3093464ff,spk_1332,Western Europe,,teens,14,6.23,1
common_voice_en_36737899.mp3,l2_european,"Mammoliti claimed that prostitution was already occurring at Hanlan's Point, a clothing optional beach.",cb2a1f61cc02892e4de087d7e360df677c3cc37538b9260454c895569b983f5a,spk_1332,Western Europe,,teens,14,9.22,1
common_voice_en_39607096.mp3,l2_european,To tell you the truth...,e47f7252acedf5d82562f261366aa59d1f51e99bafc829b6d8ac043177afc4a7,spk_1345,German,,,5,3.89,1
common_voice_en_30510238.mp3,l2_european,The Chinese government funds water conservation technology and ecological restoration.,1d9b6094c19c63fcee63fc7a932d9c879acf5ab397230ed186c7102225908a94,spk_1382,Slavic,,,10,7.16,1
common_voice_en_30510239.mp3,l2_european,He further touches on his accomplishments and those who discredits his success.,1e7d7e648edff2daed9beb93bab45b150b7900f2a7cff717fb32c4f2ff0bb392,spk_1382,Slavic,,,12,6.08,1
common_voice_en_31972344.mp3,l2_european,The fabric was either woven with weft stripes or printed.,5f8638d7351d7b2609856d99c7d7dfdff952342b8675d01acef6e2468c1cc9ac,spk_1384,German English,,,10,6.59,1
common_voice_en_31972346.mp3,l2_european,The legislation later passed the Council with five to four voting in favor.,5fef4249d59921686bd00de16febb18f6b76efdbc76e5efe9d6312d7578cfc99,spk_1384,German English,,,13,8.78,1
common_voice_en_37045695.mp3,l2_european,The owner threatens the trees which are slow to bear fruit.,cd0e1ac2bf4c9dbf222b9d73db174e327dbcd1f6da69c944ab543f1cac9fbee3,spk_1404,Greek,,,11,4.86,1
common_voice_en_41759689.mp3,l2_european,The site is on a height that overlooked the Imperial Palace.,f43f65e1f1c4eb570b62966b5c3484f0c435307a88c4e8f895aa2bdb7a2c9085,spk_1430,Slavic,,thirties,11,6.23,1
common_voice_en_1399671.mp3,l2_european,This sapling will once become a giant oak tree.,8241c9a8fc797e308925997c729a600b690ea4766eeeb5d36bcfb4b69b2c5b9e,spk_1440,Dutch English,,twenties,9,4.25,7
common_voice_en_17956427.mp3,l2_european,There's no accounting for tastes.,ccbbb0c3a6bbb2ce8cb69245d1308aaa858c5c7ce608f80c55e5090cadd772ae,spk_1440,Dutch English,,twenties,5,2.45,8
common_voice_en_42543805.mp3,l2_european,He returned to journalism as a political cartoonist after the war.,f7eda173e099766968b1721c74547da0ef4a79eb02e1e5f593d44e68948ae90e,spk_1465,German English,transgender,teens,11,5.47,1
common_voice_en_42543808.mp3,l2_european,"The schools are Tylertown High School, and Salem Attendance Center.",f7f3116785a6b3784e89c13695e41b4847ec897ab44cf824be16d05fb08150ad,spk_1465,German English,transgender,teens,10,5.54,1
common_voice_en_36650154.mp3,l2_european,"However, none of these claims have been scientifically substantiated.",ca9d73e67b63d5403f23d08e62b3614b485473e4ac6f09527700487faa189454,spk_1482,Czech accent,male_masculine,twenties,9,4.64,1
common_voice_en_36650166.mp3,l2_european,His election was nearly unanimous.,caadb3875fda4429a79013f92fe3bacb6fc9498f9302aa3889a206b00804d62f,spk_1482,Czech accent,male_masculine,twenties,5,3.13,1
common_voice_en_38127483.mp3,l2_european,The Bahing also worship in Nature.,d6b5280f3cba647e30e83e8b2f002e82caec35b45d765d44cf70760b71c97774,spk_1485,German English,male_masculine,twenties,6,3.49,2
common_voice_en_38127510.mp3,l2_european,"""Gauge"" refers to the distance between the inside edges of the load-bearing rails.",d6f48f545ea2fd81be672cdc52b2c9f31e33afa2ea6b13df626e88d117d51987,spk_1485,German English,male_masculine,twenties,13,6.8,1
common_voice_en_38090461.mp3,l2_european,Ferdinand had no choice other than to make peace.,d61a8032b7be96dd08f748f6a3e0da91cdb373aeecfcaf3a86d78b5131f972a0,spk_1489,polish,,,9,4.79,1
common_voice_en_38090464.mp3,l2_european,"Train running information is offered via automatic announcements, timetable posters and digital display screens.",d61374a05872c5441bf9bea9fb58d28d54e5d030c0886be5587020c9382ce1dc,spk_1489,polish,,,14,10.26,1
common_voice_en_37159518.mp3,l2_european,"Born in Cramlington, Northumberland, Brittain started his career at Newcastle United as a youngster.",cda75f96079426c5768de9530d338369b034448603aad3ff1b82b3f9efe60deb,spk_1493,German,,,14,9.76,1
common_voice_en_37159520.mp3,l2_european,"Capturing the crater, he found Lieutenant Harold Hereward Bieske at the bottom wounded.",cd8d9fb6dab40aba0ef35918a7fee679a86190ac77937a545271584d42169bcc,spk_1493,German,,,13,9.07,1
common_voice_en_17393076.mp3,l2_european,"Well, what is it?",d8df58d6c66a2988bc5148acc4bbb187520786b6cea3ae3f79eabd29e6de0e51,spk_1537,Dutch,male_masculine,twenties,4,1.78,8
common_voice_en_17396019.mp3,l2_european,"I promise, I will be careful!",98107ffeec650271e9b30c425e55e63ef1cfb82e001f9c62e2f099e54eb9710b,spk_1537,Dutch,male_masculine,twenties,6,2.74,8
common_voice_en_37020210.mp3,l2_european,Prednisone has no substantial biological effects until converted via hepatic metabolism to prednisolone.,ccd3c9a3b72564e17753a29d3d82961b0d0211481877ce8e5bd60813f2362245,spk_1569,French,,,13,10.37,1
common_voice_en_37020212.mp3,l2_european,The stadium development is being carried out over four stages.,cce7639461e3ec1350da33eaecd3354d321948f5b5630dece7ca1dc56b547486,spk_1569,French,,,10,5.98,1
common_voice_en_30681177.mp3,l2_european,Other lay teachers and tribal elders joined her.,3387d5ab423a14fb186de901c6d6590ba9be7778b086f8b514b6e3b11a829b1c,spk_1591,Austrian,male_masculine,thirties,8,4.39,1
common_voice_en_30686093.mp3,l2_european,The federal lawsuit was won at the appellate level.,34baeab683786fdf785ac9b06ec45012d4c54b1edb1cfd9c7c2cbe0c8092d60d,spk_1591,Austrian,male_masculine,thirties,9,4.61,1
common_voice_en_37385517.mp3,l2_european,"Serving Tatars received land, financial support and food.",ceffb4428c23a3854c0a94f45054e52229fefe9632a9e247cc1add08f393336b,spk_1610,french accent,,,8,7.31,1
common_voice_en_37385518.mp3,l2_european,He was interred in Sage Chapel on Cornell's campus.,cf15fdeb50f90a3659bfda812803ad6e95da8f8481f9d8dbfa16a57e8ab4043f,spk_1610,french accent,,,9,6.23,1
common_voice_en_27013915.mp3,l2_european,Roger Taylor had not written any singles for the band at that time.,a06e28eeeb2dace9eaac3d0085ca44847e11fe92967184ce8eed953b6a7b115a,spk_1612,Ukrainian,,,13,6.12,1
common_voice_en_31324719.mp3,l2_european,It was shot at the Farnesina Studios of Titanus in Rome.,452765ae48258b672a6af00756a65ac336dfb8b7c6cb551c6b195bbaefe05017,spk_1612,Ukrainian,male_masculine,teens,11,5.08,1
common_voice_en_39612576.mp3,l2_european,The Eskimos of Bering Strait believe that every man has several souls.,e483a322db3d91af6084577f16dcf5c479aa5db8b229c4e11568466d1aa244d8,spk_1617,non native French speaker,,,12,6.88,1
common_voice_en_43198749.mp3,l2_european,Concentration of ownership is often found in these industries.,fab911a236e85ca4c7eeeb6c241c4cafe9fdd65c422981cf2709eddf338eb05a,spk_1629,German English,,,9,4.57,1
common_voice_en_32862861.mp3,l2_european,Wests finished just behind minor premiers South Sydney and qualified for the finals.,9e243912f89c83f68f066f5d627e43abfb98b0258b05fabb20f19bdc8ab840a5,spk_1630,Romanian|Eastern European,male_masculine,thirties,13,8.06,1
common_voice_en_34983667.mp3,l2_european,Gyula is the center of the small native Romanian community in Hungary.,c43e2811fc483f2486ba069bddfbf564cc4f5d572b66a59883db9a459d9001cf,spk_1630,Romanian|Eastern European,male_masculine,thirties,12,5.44,1
common_voice_en_37793839.mp3,l2_european,Many students choose to write Advanced Placement exams.,d0d83c009887efc14d3efd7407dc954ebd640eb4b62cd820ecd202210b8fca7d,spk_1638,Russian|Slavic|Ukrainian,,,8,4.79,1
common_voice_en_37793840.mp3,l2_european,It is also the source of the river Pegnitz.,d0bd887e2ef33ec6edb4c336eb594840e8ffcf70cfc1aea9a0b615f2b1d46930,spk_1638,Russian|Slavic|Ukrainian,,,9,3.82,1
common_voice_en_39596425.mp3,l2_european,Together they form the civil parish of Buxton with Lamas.,e4184cf4ba4ee3e2ebb9f2fab4277a83e4b7b9805df639c3c4c774b2decddf00,spk_1650,French,,,10,5.87,1
common_voice_en_40241393.mp3,l2_european,This work shows promise in estimating the severity of illness.,eaa3969d6f3673ff3cd517d7d5ee0d7fbfeba622e54f38727922fac9ac59fc63,spk_1660,Romanian,,,10,6.52,1
common_voice_en_32246780.mp3,l2_european,He exhibited his Algerian subjects at art fairs in Antwerp and Brussels.,7210bbe26b00f6e50bf0aaa7588643ff229f97bf8cbeaa7b09e07e0c89f8f5bd,spk_1679,Slavic,female_feminine,twenties,12,7.99,1
common_voice_en_32246819.mp3,l2_european,Dunphy later joined the faculty of University of Technology Sydney.,72696f45a3f8bccd9e4f4b1a12be1b3d79e805bae7c55e1b9d665970ddc0c3c7,spk_1679,Slavic,female_feminine,twenties,10,7.02,1
common_voice_en_37000397.mp3,l2_european,His other hobbies include hiking and playing guitar.,ccbc0ffc9c57099a309ec994f56552c5e37d357ef02da2eeb86ed6ba0d99382b,spk_1691,German,,,8,4.39,1
common_voice_en_42350493.mp3,l2_european,"It combines elements of the Roman law, Catholic law and Germanic tribal customary law.",f6f2d71a0d6cef49ef3fec1ade9894edc72fc3b6c9b4e261787fefcac15bad40,spk_1699,Russian,,twenties,14,8.24,1
common_voice_en_42376166.mp3,l2_european,The Legislative Assembly was driven by two opposing groups.,f70b1c251769d488785c8dae3a102bb360c276e1c3e599e654bd13bdb94c93fd,spk_1699,Russian,,twenties,9,5.87,1
common_voice_en_39568562.mp3,l2_european,Lauterbourg was now developed industrially and attached to a railway line.,e2b6a765268d590afc1da86ca4baae42a03a44549feb5c00a3ea3ee2c1d94fae,spk_1719,Dutch,,,11,7.09,1
common_voice_en_39568567.mp3,l2_european,The synagogue Isaac M. Wise Temple.,e2abc44e5842704ae0f1a3c77faf96e994af5ce17434cb60d9a3248c3894c094,spk_1719,Dutch,,,6,4.93,1
common_voice_en_39644744.mp3,l2_european,His mother claims it was gifted to him by his grandmother.,e4f5b0bf640510216f301f5e9db15304e27d9230c37bf1e41a2b5a04c5fa3287,spk_1725,European accent,male_masculine,thirties,11,5.94,1
common_voice_en_39644761.mp3,l2_european,The sea is also popular for scuba diving and luxury ocean cruising.,e4c56c6b57af8ef18892b001c2202fc67b4a1547eda562bad52c6ff9941d0525,spk_1725,European accent,male_masculine,thirties,12,6.26,1
common_voice_en_31750461.mp3,l2_european,He also justified the departure of the bassist Anders for professional reasons.,535881db6340a8343a4601a8291b3fc0b23f6277b72c93491492ed12fc0c3a38,spk_1743,Norwegian,,,12,7.74,1
common_voice_en_31750464.mp3,l2_european,At present there are no dams or diversions along its course.,52f4117ac442af5ff73436b921f9ddc101a74f380418e7249cae24ff5ea7aef4,spk_1743,Norwegian,,,11,5.8,1
common_voice_en_43677828.mp3,l2_european,"It features a robust character creation system, letting players even create animations.",fe55b0c5224eaab023667ad407db1d19cc4cd17b771adb7bc3401125843f2f0c,spk_1752,french accent,,,12,6.88,1
common_voice_en_39586665.mp3,l2_european,This organization often coordinates with Syrian Emergency Task Force and Syrian American Council.,e39baff05336bc5414277f6a0f5df2af2cf35c1805205b250a99ce343afac576,spk_1754,Hungarian,,,13,9.94,1
common_voice_en_39586666.mp3,l2_european,"Mercury has typeclasses, although they are not exactly the same as in Haskell.",e39aba577c79b518ff45a6a1c7f817b84d94ef6fb7d98af95a27c215c0b4d894,spk_1754,Hungarian,,,13,8.75,1
common_voice_en_40619340.mp3,l2_european,He spent the remainder of his life dedicated to the native Hawaiians.,ecd859d92825325510b73b8bdb837fc08dc9974efc541b47230975e29b23de37,spk_1768,Dutch,,,12,6.34,1
common_voice_en_33388331.mp3,l2_european,The assault on the truck is successfully achieved with the unexpected help of Morgan.,aae92c6b0747c5fe6e871a87e4ee0aa6d7c9d5a0d10ce73d2e645530b583090a,spk_1778,German English,male_masculine,twenties,14,6.3,1
common_voice_en_33388335.mp3,l2_european,He was appointed the first Inspector Training of the Ceylon Volunteer Force.,ab47637acf448ef2296bd53482af6158b1e31f49f9c759aeeef80dfd3b36ad6f,spk_1778,German English,male_masculine,twenties,12,5.72,1
common_voice_en_39623085.mp3,l2_european,This was the first meeting between these two clubs in the final.,e4a901b0e0d69db05ec6422dbda006e54ae0f858bdb85bd8c99ad124996e2c6e,spk_1814,Russian,male_masculine,twenties,12,4.93,1
common_voice_en_39623087.mp3,l2_european,General Graham is a member of the Military Intelligence Hall of Fame.,e4947f1a1b5f3b3b4fdc65e511e18f1a9864454050a43804ecf0a6045337e426,spk_1814,Russian,male_masculine,twenties,12,6.34,1
common_voice_en_40003403.mp3,l2_european,That would be the packs made for the Universal Studios Florida stage show.,e867e797d93daa52da97928ccdce46ceeeb818932d76ff9dc7a3319ec3fb1b27,spk_1837,Russian,male_masculine,thirties,13,5.94,1
common_voice_en_31204653.mp3,l2_european,The catalog of his known works has grown considerably due to recent research.,4272edf2a3e98f77f469631586b1cf859e55af3c244c62e3fc7b227cac79fcbb,spk_1843,A variety of Texan English with some German influence that has undergone the cot-caught merger,male_masculine,teens,13,4.9,1
common_voice_en_31204685.mp3,l2_european,He attended Government College Ughelli in Delta State Nigeria.,4168e69017cd338573db0f465b56c81601542784b020407baf80f93db3e53aa9,spk_1843,A variety of Texan English with some German influence that has undergone the cot-caught merger,male_masculine,teens,9,4.54,1
common_voice_en_39593222.mp3,l2_european,"Since no one believes her suspicions, she investigates on her own.",e41453248bc8597975eab67ef2e2f70c33179aaa8a805000e59eee8831255316,spk_1849,German,,,11,5.58,1
common_voice_en_32486791.mp3,l2_european,The lake attracts migratory birds from Siberia and central Asia during winter.,83c805edaee3ae7b2e33143751b400970a092472baad2583257253ce48fdd73d,spk_1851,french accent,male_masculine,twenties,12,7.31,1
common_voice_en_32486792.mp3,l2_european,Honors and awards are bestowed in separate ceremonies on different nights during the festival.,83dca14c7340909742a298ff63ec9dab9fe15a43b27edcb477d35d70875cd925,spk_1851,french accent,male_masculine,twenties,14,7.42,1
common_voice_en_37371078.mp3,l2_european,It is a Socialist party.,cf07003da3d5352e48735a487bf0b313d5e9022d88e15e62b59c246279a2080d,spk_1864,Norwegian,,,5,2.92,1
common_voice_en_37371081.mp3,l2_european,Artisanal gold mining is active in the area.,ceec95e21fe4c2a8fb9c03671f52b7b3dd431f6999d64499d2b18e93edb6441e,spk_1864,Norwegian,,,8,3.64,1
common_voice_en_39333593.mp3,l2_european,But he had always been aware of the French alliance with Britain.,e1b32d2258dab12b955efd89ed0da5b326112fa9bdcf1604b53063f36d7ea9e8,spk_1904,Finnish,,,12,6.41,1
common_voice_en_39705277.mp3,l2_european,"It was nothing too serious, it was just a small little role, a laugh.",e57217fe62457f06e135e3ff9406c86d44cfd46ab4c076d5fa058a7b151e8f8c,spk_1927,German,male_masculine,twenties,14,6.16,1
common_voice_en_41577054.mp3,l2_european,He worked as a builder and was later employed at Heathrow Airport.,f2762ca80998a288eca8beb2bbb3c7cf144b2ddfeebaf77722271f20577d2b7f,spk_1938,French speaking english,,fourties,12,5.04,1
common_voice_en_39598955.mp3,l2_european,Electric bikes are very efficient to move around cities.,9f1d957d917451e35e9c21620b4030d663a510c2518627c4c1b796ddcd816701,spk_1959,German English,,,9,5.08,1
common_voice_en_39598962.mp3,l2_european,It is migratory and winters mainly in central and eastern China.,e44746e5ae3d7e9b9dc0f618cf3f5608834c33371d04b2ddcd3a759c8c1817c7,spk_1959,German English,,,11,5.9,1
common_voice_en_37015409.mp3,l2_european,The charred walls of the old building remained standing for several years.,ccd028d9f650c6805cdc563f820be113309f89f3c78fda42251576319e304ec4,spk_1963,flemish,,,12,6.01,1
common_voice_en_37015411.mp3,l2_european,"They were also featured in an episode of ""Sabrina, the Teenage Witch"".",ccc6ad93730288a1942a6446d9c8d37a3e9316fecb7fa54f9cbece21e58bc824,spk_1963,flemish,,,12,6.19,1
common_voice_en_33186559.mp3,l2_european,The Live Tapes Vol.,a65031c4b7e1f73e06de1300a3eae6bfd13b231525e55d9eab2e8786d20fb7c4,spk_1967,German English|I am German and speak English as learned at school,male_masculine,twenties,4,3.46,1
common_voice_en_33186561.mp3,l2_european,The conditions in this prison are notoriously inhumane.,a788072b75726a017809dfac2497258b7581f846188c5e14ba9b875c5ec2919a,spk_1967,German English|I am German and speak English as learned at school,male_masculine,twenties,8,4.97,1
common_voice_en_38117296.mp3,l2_european,"Barstow was born in Plainfield, Connecticut.",d69f4ae1373bcafba9d836c54c3e1c598f911156d0e26e21f1498baad5786c21,spk_1997,French,,,6,6.44,1
common_voice_en_41591734.mp3,l2_european,Electron microscopy studies show that Bowman's glands contain cells with large secretory vesicles.,f27801d6bcfd5dae7d15539daaa7d26b0958e0a05b049c605c008e83be851659,spk_2014,Eastern European heavily influenced by the Greek clear pronounciation of vowels and consonants.,,,13,9.76,1
common_voice_en_41591769.mp3,l2_european,Molecular evidence places the species within the Clinopodium complex rather than Micromeria.,f28009f96ad6a171333583c06b3e9478b185bf01d5821836e0c1044f0f11dd36,spk_2014,Eastern European heavily influenced by the Greek clear pronounciation of vowels and consonants.,,,12,8.68,1
common_voice_en_39734383.mp3,l2_european,This corresponds to common linguistic usage of foot.,e5b2289a85343bb89bb2d80d50cb6d2f63f51e1ae5542e7c3697665a388d8aaf,spk_2016,Austrian,,,8,5.8,1
common_voice_en_40333330.mp3,l2_european,"In retaliation, the personnel involved in the ""sick out"" were fired.",eb816128ef2add4c53100d29ba67777ec72032e10aeeb2d9c3fd31023bf3b2d2,spk_2034,Icelandic,,,11,6.7,1
common_voice_en_37080724.mp3,l2_european,These two business ventures have been the primary pillar of Sammy Corporations revenue.,cd48f92cf4e41505888038bb67087edcde949d1ffacc634c6103961fd7ea0788,spk_2052,Ukrainian,,,13,7.67,1
common_voice_en_37080726.mp3,l2_european,"Katie Grays Dorsett was born in Shaw, Mississippi.",cd4a4a9d7e98f5b727a5fe292ab647a3ab585caa646d22b773823bd64892fbc4,spk_2052,Ukrainian,,,8,5.62,1
common_voice_en_39585493.mp3,l2_european,The only difference was the way we did the rhythm.,e38e01b1da44f149f5c6ea076f0a3365504e22b172e84dfef10dd375c44f947b,spk_2072,French,,,10,4.61,1
common_voice_en_35722239.mp3,l2_european,"However, the most common payoffs for each of these games are symmetric.",c7b4f9fc21512a63e6ed22ba7d3e5974e40435d20f4ee2207b1673e7a0896eba,spk_2090,Bulgarian,female_feminine,twenties,12,5.26,2
common_voice_en_35722700.mp3,l2_european,"For most mech games, they are played in either first-person or third-person view style.",c7ebe00d410b260e8e75612f5da022febae8cff4a521d09884f46290c0558d98,spk_2090,Bulgarian,female_feminine,twenties,14,7.85,2
common_voice_en_38584044.mp3,l2_european,British electronic musician Little Boots has used a similar instrument in concerts.,dcac7c4f4f6c3af6d3628313cef0f578267f58910317be8d66be2ca635a96f93,spk_2091,Russian Accent,,,12,6.66,1
common_voice_en_38584050.mp3,l2_european,The merging of these buildings incorporates a former lane into the current Atrium.,dc969c88f23f2f0b7919d8e8cf6e4807667509d389dd3706d1e7acad4f22ea1d,spk_2091,Russian Accent,,,13,6.52,1
common_voice_en_33282741.mp3,l2_european,Yashwantrao Chavan succeeded him as the head of government.,a8cc2119d9867c90ab088a62318120e3edbb09dacab9f78692663593e57cccba,spk_2095,Greek,,,9,5.58,1
common_voice_en_33282776.mp3,l2_european,The other one collapsed before the Japanese Occupation of Hong Kong.,a7dfb7060db685f88bf2039765ffa05c32993c97b227fd878cc95720d187e14c,spk_2095,Greek,male_masculine,twenties,11,5.29,1
common_voice_en_39606489.mp3,l2_european,"He currently resides in Houston, Texas.",e4547bef2c129830571584cb97365b3c5001c520369926b7415c6d6a48b99d78,spk_2107,Swedish,,,6,4.0,1
common_voice_en_39583761.mp3,l2_european,It only occasionally discharges into the Atlantic Ocean.,e371866c9ac71057bd07e096b9ab8facb96b5c3d21037ae284c81e7009adb97e,spk_2123,French,,,8,6.01,1
common_voice_en_33294060.mp3,l2_european,He returned to the west coast and stayed.,a898c4c17d66519e9e57040af507880855b2650bbd52e356c66063bc39cf8754,spk_2124,English with Swiss german accent,male_masculine,twenties,8,5.11,1
common_voice_en_33294062.mp3,l2_european,It has been collected via sugar traps and is attracted to light.,a8374115694ca1ca362bcad50415161e29a9c480e865dfcc170c4b3bb5672b47,spk_2124,English with Swiss german accent,male_masculine,twenties,12,5.98,1
common_voice_en_39618103.mp3,l2_european,The Twins is considered to have initiated the art of fiction in Saudi Arabia.,e49fd9d73e8b0b986c33ef4d3d11aaf73a34fc97f8165b56ce7b5b8380f0a220,spk_2136,German,,,14,6.66,1
common_voice_en_38145691.mp3,l2_european,"Like his first album ""Sunyata"", this album consists of slow, textural drone music.",d749ec8cca6982ab6cd658259142070a48c764362785c201fb76f86e826b9a75,spk_2138,Latvian,female_feminine,thirties,13,6.95,1
common_voice_en_38145760.mp3,l2_european,He then stepped out of the gondola to begin his descent.,d72ef0d812a303c1e4d9af9d62be37817c09671ef1edf49888c120eb4a39eb4c,spk_2138,Latvian,female_feminine,thirties,11,4.36,1
common_voice_en_40068036.mp3,l2_european,"They provide information, advice and services that are not available to the individual.",e8ef90fd94ad473d86a08c7ce860dee19b04fd708b4bc6a5d6a0219cba1a11f6,spk_2142,ukrainian accent,,,13,7.13,1
common_voice_en_40814368.mp3,l2_european,It is also an injectable sclerosant as a treatment option of symptomatic hemorrhoids.,edf606d05a28a6ba18094de9e93e587ff181726e964114a743f17c1f4d8e9ac0,spk_2151,German,,,13,7.02,1
common_voice_en_39581727.mp3,l2_european,"A similar version is now available as downloadable content for ""Rock Band"".",e31b20cd491267eb0f7f0ab0e34d0fff350230994888ee65aeaeb13ed05519e8,spk_2157,French,,,12,8.1,1
common_voice_en_39581728.mp3,l2_european,No lurking horrors were to upbraid him for his easy credulity.,e3466b7c8d37d934a793913cb16b2777eafececde35b433136bdb65ae057e94f,spk_2157,French,,,11,7.74,1
common_voice_en_32443984.mp3,l2_european,The term has little to do with wolves from Bryansk.,832d314f7ceef5ba3e1b361286105a4e7c1fdd0b6c12b2dff944e78d28ec08be,spk_2172,Swedish accent,male_masculine,teens,10,4.97,1
common_voice_en_32444211.mp3,l2_european,I’m lost for words.,82dad47d5ad5cd75aae3af8445858116b89e83307674e1dfadac9889b2844b93,spk_2172,Swedish accent,male_masculine,teens,4,4.46,1
common_voice_en_39609823.mp3,l2_european,"The municipality's principal industries include tourism, agriculture and electronics.",e48334d02977c8f0ce4a4efb39dfbc5701e0cadb381b2d9a0052c5173b5157c9,spk_2199,German,,,9,7.24,1
common_voice_en_30497764.mp3,l2_european,There are also stones inscribed with the names of those who survived the Famine.,1da2c6a79f9fa7071b4d3fafe910cdb2f3bfd42a660c06437cc461e82cb46e6a,spk_2222,polish,male_masculine,twenties,14,5.98,1
common_voice_en_30497781.mp3,l2_european,The reference was to her racial provenance.,1d222e8e5c89056ed6246d78da374141bb57fd9e8df4f5ff3a9d674b5d2b6900,spk_2222,polish,male_masculine,twenties,7,3.89,1
common_voice_en_39616407.mp3,l2_european,But he lacked experience fighting American Indians.,e470401d20b48a8a532148d594468cdce47468b65d1c45538176d56720bb1517,spk_2224,european 2nd language english,,,7,4.79,1
common_voice_en_36804697.mp3,l2_european,"It was named after Rutland, Vermont.",cb5c1bf11d3cbee9e489fd459ca61a5a470d6f2be437653b138bf486ab1cc075,spk_2235,English (Native Greek speaker),,,6,6.12,1
common_voice_en_36804703.mp3,l2_european,This enables the graduate to achieve success in a wide range of careers.,cb5f9891aa3c174c11a643ade3bbf041a9041354bc9ecb51b06a4481898e3b83,spk_2235,English (Native Greek speaker),,,13,7.67,1
common_voice_en_37133537.mp3,l2_european,"He was succeeded by his son, the sixth Baronet.",cd7a6749b948882f46028e3d35368e0aa776130ad2c2860c85fa8ef805e62263,spk_2238,Dutch,,,9,5.15,1
common_voice_en_37133539.mp3,l2_european,They took that opportunity to reorganize the remaining factory.,cd749e77552fafdac3bf2b211b8759d9a7200c8609b55daebc5e4efc1317e2a6,spk_2238,Dutch,,,9,5.4,1
common_voice_en_38375081.mp3,l2_european,The American release of the film had the actors dubbed with American accents.,da0b514d657195f7c82a03921f7945285f5ddbd7d5fb725c23855edd8705e80b,spk_2243,German English,male_masculine,fourties,13,6.16,1
common_voice_en_38375082.mp3,l2_european,Gordon Hall currently serves as the Massachusetts Audubon Society Headquarters.,da0889b9ff786a481ec9c7a78a123229efee60c6aea2f013eab3aeaa5e35c590,spk_2243,German English,male_masculine,fourties,10,8.57,1
common_voice_en_36869755.mp3,l2_european,The mist is utilised in the film to the maximum.,cc374eb6e8490b2cac5b44dae0ae6f0cbe1fbd3a84f0fd673e9101b8c53a703e,spk_2247,French Canadian,,,10,4.14,1
common_voice_en_36869757.mp3,l2_european,Many upstate counties which had usually voted Republican were won by the Democratic ticket.,cc237967d2d417dc7648e7a2a45867027ff24acff4e0dbe8b9d573b5498a49bc,spk_2247,French Canadian,,,14,6.08,1
common_voice_en_39582628.mp3,l2_european,"Two thematic sequels named ""Wormwood"" and ""Tersias"" were also released soon after.",e357a030cc2ea9cb12f802b1deb14603b80ae346467c7ff2665a332be7873d1c,spk_2248,German,,,12,7.6,1
common_voice_en_36406165.mp3,l2_european,"While Mottram was still playing professionally, he became known for his right-wing views.",c93bfc8c556f2f3572c5fbb3f5dd2ef88c14e502fffd293e02647102cc5ec2f5,spk_2266,French,male_masculine,thirties,13,7.2,1
common_voice_en_38511496.mp3,l2_european,Do you think I can accept this?,db784ac182c33b3a300f07e014fe7868665a8f0773b1306f7e709babd93ac01d,spk_2268,serbian,,,7,6.16,1
common_voice_en_30951482.mp3,l2_european,He then became an instructor at the zoology before joining Johns Hopkins University.,3aa52918954c79e7ce89cd084ef06b7053dbcaf5ab15922e343a564597beb60e,spk_2273,Catalan,female_feminine,fourties,13,6.77,1
common_voice_en_34225377.mp3,l2_european,"Many of his photographs also appeared uncredited in ""The Kansas City Star"".",b7a058575f367eac89de0cf2c15b57448d8efb6de484170a0a6e809c332a370d,spk_2277,french accent,,,12,5.87,1
common_voice_en_34225379.mp3,l2_european,It features conversations with both experts and anonymous women telling their own stories.,b76a0e91a37b4554d8c16b8c0b02a270ccc51073cbd37d1b569ecac47f0563b7,spk_2277,french accent,,,13,6.52,1
common_voice_en_39940135.mp3,l2_european,He saw a voice-operated typewriter and other occult and technical power.,e7c5a88a866c6242799a6ad6137d635c99c8655bd812eaea642252888bc1b279,spk_2298,Native Lithuanian English Speaker,,,11,7.52,1
common_voice_en_33740536.mp3,l2_european,He resigned in December the same year due to unpaid salary.,b112535c9a891fe18e6083e747b15da9c243dd412727b5db788bd152f8690f36,spk_2304,Russian,,,11,4.36,1
common_voice_en_33740541.mp3,l2_european,Nothing is known of the events during their consulship.,b0cb0771015cbac4bf30dcc2fc7ebd257f02d0208a3bcfac1d45ee0d74115d7c,spk_2304,Russian,,,9,4.86,1
common_voice_en_32960344.mp3,l2_european,Nathaniel Irish was promoted to captain in May.,a1c75490bc5d4a9c69c4abb2f89a7cbe6c84d36f968fe0271deb6ded1fe9cab8,spk_2308,Polish English,male_masculine,thirties,8,5.44,1
common_voice_en_32960345.mp3,l2_european,She is examining how people can interact with art in ways that become play.,a2181fa6aa7f072d0044a893172e5dde1abed4bfe0ee5378119c5cfc32574a9b,spk_2308,Polish English,male_masculine,thirties,14,7.24,1
common_voice_en_39606428.mp3,l2_european,"This has become known among fans as the ""ladder effect"".",e454e71f3395680d8fd40e38b0be3d9f9b734a0aba6055659e2542a7b446e954,spk_2313,Swedish English,,,10,5.47,1
common_voice_en_31830534.mp3,l2_european,The type was collected by Kauffman at Lake Quinault in Washington.,56830059a29a16aa2fd066676b973fc4d286eefa033960ed39eac44161ff0f0e,spk_2323,European English|French|Romanian,male_masculine,teens,11,5.76,1
common_voice_en_31830535.mp3,l2_european,The Germans stayed for four days.,579daa8af5736120d4c342787bd3e8399c107a850e7c1abacbf44de26f1f0097,spk_2323,European English|French|Romanian,male_masculine,teens,6,4.43,1
common_voice_en_32831772.mp3,l2_european,Many were patrons of the Iron Gate Soup kitchen downtown.,9af12627527823589a37ff396eef3b8d1a3a6b5912c38a2320944788ead9e528,spk_2325,Slavic,female_feminine,twenties,10,6.55,1
common_voice_en_34356150.mp3,l2_european,The plants grow in sandy clay soils with lateritic boulders.,b8a59c071b6fdbd2bd192c2044b0fffcb276580ca880a8bcce33ba9891a35c4f,spk_2325,Slavic,female_feminine,twenties,10,5.87,1
common_voice_en_37818015.mp3,l2_european,Some children who visit regularly consider it their 'neighborhood park'.,d1065c5fa3ec47197f08a80bc8f6c989f0154fe5f9fda174c6d468428b801d81,spk_2336,Italian,,,10,5.44,1
common_voice_en_42255907.mp3,l2_european,"The five competitors in the match start out as ""ineligible"" to win.",f6be887575a3de75a77384056d859cafffc2e17787ef8c0be44ec4d15503269e,spk_2407,German Accent,,twenties,12,5.47,1
common_voice_en_36518859.mp3,l2_european,"Even more, it is necessary to annihilate it to pass to a mechanical state.",ca010ece2eab3f339f8ba6344c99c57a8d0ba05cd31d265af4c2631a0be92417,spk_2431,German English,male_masculine,twenties,14,6.44,1
common_voice_en_36518860.mp3,l2_european,A frequent need to urinate at night is called nocturia.,c9f8fe04848cc4937b651ff6ba14fdd8717f7a445b449681a6d038003a91d4ca,spk_2431,German English,male_masculine,twenties,10,5.44,2
common_voice_en_36874385.mp3,l2_european,He was expected to miss the remainder of the season.,cc24eebd3635b9f9f0cc568dbebf8d5cedc03ff4ab12da6ac75dc905f9006f3a,spk_2451,english norwegian,,,10,3.78,1
common_voice_en_39580580.mp3,l2_european,He spoke with the authority of one who has tried.,e342cc4c1a6d2f914669c34ab12d93206b926904fae7d8c840612d9698103c3d,spk_2460,Italian,,,10,5.47,1
common_voice_en_39577757.mp3,l2_european,He later served on the New Mexico Economic Development Board.,e32ad2cdc0e3e1f8cbab05adb00415d93f71165070a5edcd130f9c53e0083477,spk_2477,Czech,,,10,4.46,1
common_voice_en_39577968.mp3,l2_european,"It can also be temporarily caused by some drugs, such as ketamine.",e2f3e3219d8f31eb9e561bd238a3a9fd934fe05b6c5fb61ed8ad59c55918a973,spk_2477,Czech,male_masculine,thirties,12,5.15,1
common_voice_en_37311378.mp3,l2_european,"The coffin veered, and was gently lowered on to the chairs.",cecc3d5481f2263a120eaa40047122dad58d43c25f1e461d7bec7f81aad3c3c4,spk_2481,Russian,,,11,10.48,1
common_voice_en_37311380.mp3,l2_european,"""The Broker"" made number one on the New York Times bestseller list.",ced5430c39f8c8971c795d2e936457340a35f0ded93f6da0ca2329f91f8915f1,spk_2481,Russian,,,12,8.46,1
common_voice_en_42936369.mp3,l2_european,"He dramatized the experience in his stage show, The Life of Reilly.",fa010295cb0877e4814c743d7709e0ef899fb28b88c7a74a0bc2dc5d6b8fa8a6,spk_2486,spanish english,female_feminine,twenties,12,6.41,1
common_voice_en_39884751.mp3,l2_european,Points are deducted for killing civilians and failing missions.,e73e9ab235e8d8bfd28708bbe66d611a49c034802d6f20aa58cc95dc5def8dd0,spk_2493,Eastern European,male_masculine,twenties,9,4.86,1
common_voice_en_37301278.mp3,l2_european,Somerset Place offers an insightful view of plantation life during the antebellum period.,cea2f50df45f0831c865c8d6258bbb0fc050170ddec869f39f00fa19d3504f94,spk_2507,Slovak,female_feminine,twenties,13,9.14,1
common_voice_en_37301315.mp3,l2_european,Many Southern voters disliked several items on Smith's platform but still voted for him.,ce9e2dadcd2e50a25d477256f55bf6c1bbc2214f7b33e1f2b3271203fbe46f97,spk_2507,Slovak,female_feminine,twenties,14,7.31,1
common_voice_en_31385097.mp3,l2_european,Promoted from the Cork Intermediate Football Championship,48008cd4ebb34856d6e25ddd7689a25d1a8f8e108aaf65c9413d01fda3ae9f7d,spk_2514,Russian,female_feminine,twenties,7,4.61,1
common_voice_en_31385141.mp3,l2_european,His wife is Krishna Bhambri.,4870e08f661546ee7c3879a59c739c45be22d4dec24936be6bd829f83fc95bc7,spk_2514,Russian,female_feminine,twenties,5,3.46,1
common_voice_en_36288506.mp3,l2_european,The parish contains the village of Brown Edge and the surrounding area.,c8b1aab4a502eaa84934f8877b3e1ab675258914e70bb2aa2c66fe5e721a5331,spk_2554,Swiss English,,twenties,12,7.24,1
common_voice_en_36288508.mp3,l2_european,Wagner's music was played by guards at concentration camps and through loudspeakers.,c89becf01b684319c6dfddcb9ac239d1e1765955f92a5afea379df707e12c075,spk_2554,Swiss English,,twenties,12,7.6,1
common_voice_en_31911483.mp3,l2_european,They both get engaged and Laxmi starts falling in love with Rishi.,5c397fe3b720fb8d5e30b35238e235647909c6dcd3f59871f9ce476755164e9b,spk_2570,polish,male_masculine,fourties,12,6.23,1
common_voice_en_31915297.mp3,l2_european,It is edited and published by students at Rutgers Law School.,5b24851e0c76aba1694a8b49339e9ca759192e2220ce1bab016f5471a0b8b009,spk_2570,polish,male_masculine,fourties,11,5.0,1
common_voice_en_32679006.mp3,l2_european,No further action will be taken at this time.,9021bc0d1d22c9dea2f05308032ac7d3c0eeae87dac67cdc5904da6a36858a06,spk_2572,French,,,9,4.72,1
common_voice_en_32679074.mp3,l2_european,Sources are silent as to what prompted the move.,8fb31bd88f8dab1be29fe26a49066e2194144404d8c7d5df1f92bad26b358225,spk_2572,French,,,9,8.06,1
common_voice_en_37019388.mp3,l2_european,The natural vegetation is pine–oak forest.,ccd151cfe786941afc040e6a754300d9b609d6acd59193a1e7390055ed383588,spk_2590,french accent,,,6,4.07,1
common_voice_en_37019390.mp3,l2_european,Adults emerge in the following spring or summer.,cce20d15a7ec23d69987a105d1f3bc3f46c59c49f69fbc7244f6ef3533918f56,spk_2590,french accent,,,8,4.72,1
common_voice_en_30544551.mp3,l2_european,He was named Kentucky Mister Basketball and Kentucky Gatorade Player of the Year.,228b4ebc605a1b93bfc6c34d1be0c805bc8ca691bfd1efdf095404f599f59a8b,spk_2611,German English,male_masculine,twenties,13,6.26,1
common_voice_en_30544554.mp3,l2_european,Dorsum brown with white longitudinal band.,200a08f22ce7fc8486b6f28109dc0f6dbceaeed1e0a2cced248b297dd72a16d5,spk_2611,German English,male_masculine,twenties,6,4.36,1
common_voice_en_30357658.mp3,l2_european,The deposition had been enforced arbitrarily and without any legal basis.,0f718f0275ae0df8802cc35c77d719c0a711061874711b2dfa55756fb5e58566,spk_2616,German Accent,male_masculine,teens,11,6.12,1
common_voice_en_30364567.mp3,l2_european,Guitarist Russ Chell provides the metal riff on the track.,0fa6e7fb6c58b1c19324e6d4aa0b014d5d4ea7629db11300dc61e92f5241e97c,spk_2616,German Accent,male_masculine,teens,10,4.25,1
common_voice_en_38909426.mp3,l2_european,The dog is usually the ball boy.,dfc04abbd1f6f78e9cf383b650c0e086f6e3512f18b01ce30a773f3362f99b12,spk_2624,Strong Russian accent,male_masculine,thirties,7,3.82,1
common_voice_en_38909427.mp3,l2_european,It binds to cytosine through three hydrogen bonds.,dfeb5ecd345603996424c94e2b73ba783a2cf4868e2473574ce32a6f79a3d7db,spk_2624,Strong Russian accent,male_masculine,thirties,8,5.44,1
common_voice_en_38019563.mp3,l2_european,"A cover of Hotlegs' ""Neanderthal Man"" didn't fare as well.",d3a379237c6f43c057e5335539d8e32dc5500e30abdeef5d53eaff41f71c2815,spk_2631,Ukrainian,,,10,5.76,1
common_voice_en_38019564.mp3,l2_european,Shyamala was his wife and Shilpa is his daughter.,d392a98b3cee8659836889c29970b05fe824f57fa3904da9c1131d0d8d2d258a,spk_2631,Ukrainian,,,9,5.47,1
common_voice_en_38381753.mp3,l2_european,"Allmusic critic John Bush calls it ""dramatic"" and ""impassioned.",da3e2ee29a25ac44d034f7ba4a13d586c3fc2c85ce4eaa0faa59e32d36f8b418,spk_2639,German English,,,9,5.8,1
common_voice_en_31553471.mp3,l2_european,A group confronted him the day after the Powder Alarm.,4efbc8e1dd139f93430d70b5c6f5bb2ee6331ca5af7851c133a3dfc0c5ed637f,spk_2642,German English,male_masculine,thirties,10,5.87,1
common_voice_en_31553473.mp3,l2_european,They had six children of which the four sons died without leaving offspring.,4fa669e42d87f93746b7b456d26ec9488f54ba54d4f6b4d1c2bc0c7fa3473b2a,spk_2642,German English,male_masculine,thirties,13,7.02,1
common_voice_en_39592072.mp3,l2_european,The station became the terminus of the cancelled project.,e3cb87fb49897efe34bb1c20d72a8bdedcc38742916fb8706e512fc41b3d2fcf,spk_2650,German,,,9,5.11,1
common_voice_en_39592075.mp3,l2_european,Tank museum is located near the city.,e406c11b76aa6355cd96c2b74ee13a09d30a59d440d0c501a60b7ca140085c6b,spk_2650,German,,,7,4.68,1
common_voice_en_39572560.mp3,l2_european,The name of the original lake was officially transferred to the new man-made impoundment.,e2c53496a39a5afe3ffd31874d9491e2caf269271719ff33f6ca4e526f983d61,spk_2659,I am Spanish but I lived in France for 14 years which changed even my Spanish accent. So I have also a French language influence from,,,14,9.11,1
common_voice_en_39128283.mp3,l2_european,The President is assisted by an elected Deputy President.,e112d502d61132a438da1b7fb356e513f7e116bf69d598c7eb9e8f0be8e699bb,spk_2668,Dutch English,,,9,4.86,1
common_voice_en_40114352.mp3,l2_european,Rogers is openly gay.,e93b91f3b5c27fd082b94219dab88bae956841a474d5181baceae98867c515ed,spk_2680,Polish/Nordic English,,,4,2.95,1
common_voice_en_38782679.mp3,l2_european,Three men were killed and seven were wounded.,decb846ec6285e3f9b8fc10f4d3874c87a3f19ac3a183539122e00851c07c092,spk_2693,Foreign|Finnish foreign accent,,,8,5.11,1
common_voice_en_38782680.mp3,l2_european,This engine was noticeably quieter than the previous engines.,de9722504f3439da1aaa919eae2bd86a5897f17a0bf0fba3a664db1ed8083d4e,spk_2693,Foreign|Finnish foreign accent,,,9,5.65,1
common_voice_en_36566137.mp3,l2_european,Many White House employees have their offices in the massive edifice.,ca74d0e4d7f99fe4725ee9cdc4fb2ae3d4138030e4e23d87d3ee90f5d2aa3625,spk_2697,Generic European,female_feminine,thirties,11,5.98,1
common_voice_en_36566149.mp3,l2_european,Lincoln appointed Lyon to replace Harney as commander of the Department of the West.,ca643250af9e5dcb3a51e88863959fccf46b6a0d3411bfaca649e66b32c296b6,spk_2697,Generic European,female_feminine,thirties,14,7.42,1
common_voice_en_36467489.mp3,l2_european,Pockels cells are voltage-controlled wave plates.,c9a096ef76fde9cc38246562766bb4cb02648f3d46791fb6ebf1d44dba96800e,spk_2706,German English,male_masculine,teens,6,4.86,1
common_voice_en_36467510.mp3,l2_european,Anything much more substantial than these uses requires the use of additional explosives.,c97d2ecb02b6f10e55aeb6c1aecb3dc59eeb9fd8082b2d4b008f9cf78768d02e,spk_2706,German English,male_masculine,teens,13,6.34,1
common_voice_en_37750474.mp3,l2_european,He credits fellow Australian Greg Norman as his inspiration.,d0cae99e6765f0f23a1ac0b9ffaa0c6367cb24b4fd07e1cb6f575db8a424d870,spk_2709,strong Latvian accent,female_feminine,fifties,9,6.23,1
common_voice_en_37831762.mp3,l2_european,Nearly every god and goddess in Chinese Mythology are worshipped here.,d1089e7691feee208baf319b2dd5613bd9e856c4a93fa3e57ec2e01565ff981d,spk_2709,strong Latvian accent,female_feminine,fifties,11,6.98,1
common_voice_en_38400241.mp3,l2_european,It is between the Ibirapuera Gymnasium and the Monument to the Bandeiras.,da4c95db29b77f295ad256600793ccb2ffd63861bf03c1b53a25f6747a38f336,spk_2725,Slavic|polish|Foreign|Easter European,,,12,7.09,1
common_voice_en_31098563.mp3,l2_european,He later moved to Uzbekistan and then to Moscow.,3d910860a89ed4ec478079ddf39f2a27226dac086bad52d8ba9f1c2d13b07c9f,spk_2735,Non-native|Spanish|Foreign,male_masculine,twenties,9,4.28,2
common_voice_en_31378531.mp3,l2_european,The Mauricio Morales Brigade of the Revolutionary Cells claimed responsibility for the attack.,477c4f6edf79fe68334b949502219a1bd85c8d99d6cf72f34cecc668466b732f,spk_2735,Non-native|Spanish|Foreign,male_masculine,twenties,13,8.86,1
common_voice_en_39763936.mp3,l2_european,He currently designs apps for the iTunes App Store.,e620ab53907ca387c4623d48c4c618f9aaec2d8c8d0a28d83b9667138a1b2584,spk_2770,German,,,9,4.03,1
common_voice_en_39763938.mp3,l2_european,"In Belfast, loyalists responded by attacking nationalist districts.",e61462afd08c380cc3a57a52a0967525557d96d9ad84720798e0fefbb9d9a40b,spk_2770,German,,,8,5.4,1
common_voice_en_38328894.mp3,l2_european,"Traditionally hunter-gatherers, they are a designated Scheduled Tribe of India.",d8e79fd27c21b943ce985e21a15836904fd0daa6af1bf504644cfb4a3ce8c661,spk_2779,German,,,10,7.16,1
common_voice_en_38328896.mp3,l2_european,"Two weeks after it entered the charts, Lennon was murdered in New York City.",d8e92582001f0dea308abacd0dacf84bfe4d61b7a4bdbdc422aab4ff22d9cfe2,spk_2779,German,,,14,6.08,1
common_voice_en_41845738.mp3,l2_european,It is connected to the mainland by a sandy causeway at low tide.,f5274b386a8f43d44c67fae898a95dc0cbd1b265a7640f6f34a4413fdf39aa28,spk_2785,German,,teens,13,5.98,1
common_voice_en_35885697.mp3,l2_european,Single drip strip over cab windows and door.,c81af8cb5b6987a1ad6805c1052fb2df349ad0e934b581d78b8c64c97dabce81,spk_2794,Russian English,,,8,5.4,1
common_voice_en_35885700.mp3,l2_european,There are meromictic lakes all over the world.,c82676f4c83f82ec23e7452e89ed797b1c4dfa4506fab2f42e8c22c31d6466a3,spk_2794,Russian English,,,8,2.56,1
common_voice_en_39584389.mp3,l2_european,The season of ploughing is inaugurated by the provincial governors.,a4f1f1c45b1535c41aa3c00152a66bb66653bbed3c42ed64bec1e800402fddd4,spk_2850,Eastern European,,,10,5.44,1
common_voice_en_40003293.mp3,l2_european,Coulon considered Washington personally responsible for his brother's death.,e8938723e45f315e01d4fedaca91bab696ecb95a987bc368777ba282f1c0fe20,spk_2852,Dutch frysian accent,,,9,7.24,1
common_voice_en_37859334.mp3,l2_european,"Brue has since referred to the original sale as part of his ""biggest mistake"".",d1817c7d0484dd165895a946b06712ecc685e3ddcbc9cdc54c97bc00eb371c8e,spk_2862,German,,,14,5.62,1
common_voice_en_37232169.mp3,l2_european,Three knappers used the same direction all the time.,cde03c2bce943a8489ad854c05a39e4fc515b9623298de301696dd462c784ab4,spk_2875,Czech,male_masculine,teens,9,4.43,1
common_voice_en_37232170.mp3,l2_european,Thus the expected reinforcements did not come from the north and the uprising failed.,cdfa532b7bbe94e90a2b33e565fecd538319feb00ab0578bd06d03a3de8dc926,spk_2875,Czech,male_masculine,teens,14,6.88,1
common_voice_en_37046553.mp3,l2_european,"""Miss Moon"" is an ode to lovemaking while a woman is menstruating.",cce3fd65c846edaee278efd505763eed62bed7eeec644a2cb756edcbdadf5d63,spk_2904,french accent,male_masculine,twenties,12,5.8,1
common_voice_en_37046556.mp3,l2_european,"During his time in prison, he learned to speak Hebrew fluently.",cd1478d6f3dea2c584457c43514a3d1f47666cd04bc4182c91b695e5becec6cf,spk_2904,french accent,male_masculine,twenties,11,4.72,1
common_voice_en_32372437.mp3,l2_european,She attended The British School in Tokyo and is fluent in English.,7cd4a8bc52f4792e3e6554f781c5b3d98feaf43bffe264cabdf46a34457ad2fe,spk_2917,German,,,12,6.34,2
common_voice_en_32372448.mp3,l2_european,The new car business in Japan was quite limited.,7d64cd84e4dc16eada5015499730328eebdade1a3ec2b96bb64ca746ebe4facb,spk_2917,German,,,9,4.97,2
common_voice_en_37070071.mp3,l2_european,"In either case, instability occurs.",cd1a9541170e67dfa76a4db536e7a55b52a01b9d1a29ac661a8f9d185a4cecd2,spk_2920,German English,,,5,4.39,1
common_voice_en_37070074.mp3,l2_european,The bid was eventually dropped.,cd30d5108aa062a597eb5ae2d7f8ccfa928d00dbb3dd36ecf2b215895df0824d,spk_2920,German English,,,5,3.17,1
common_voice_en_42344860.mp3,l2_european,"Fisher, Julia Child, and Elizabeth David.",f6f093b7803c0dc6894842f4b3ac96d3fcf63cd327bc0ba64f7e08518dd6888f,spk_2935,Greek,,,6,3.64,1
common_voice_en_17294043.mp3,south_asia,What shall we do now?,fed600115d9909439e28b8503e7695d52ffe9be5e74e103e627bb5e0163e4d41,spk_0011,"India and South Asia (India, Pakistan, Sri Lanka)",male_masculine,,5,2.74,7
common_voice_en_215344.mp3,south_asia,Do you know that I threw it away?,905033007cb43f66e711f0bd643b9cab1649efd09da701c16a5a48d1bd879713,spk_0013,"India and South Asia (India, Pakistan, Sri Lanka)",female_feminine,thirties,8,3.62,6
common_voice_en_693128.mp3,south_asia,"But when the reign of Tiberius ended, his poems were forgotten.",e605a2c7db1289a92dfc3df2941ca90d5c5b5db5ed0852ec357f5b39f0988278,spk_0016,"India and South Asia (India, Pakistan, Sri Lanka)",male_masculine,twenties,11,3.94,7
common_voice_en_17298946.mp3,south_asia,What else could it be?,8ad8d879e7982fbc3d8dcd94f0016ff0767c30117683abb53448e1a48eef945d,spk_0020,"India and South Asia (India, Pakistan, Sri Lanka)",male_masculine,twenties,5,3.38,6
common_voice_en_17329047.mp3,south_asia,No wonder this vanilla yogurt tastes disgusting: Its eat-by date was last year.,09ea8b39705887f536d4a87bb13371ba0e8df222100c5d513e285bf36d893857,spk_0033,"India and South Asia (India, Pakistan, Sri Lanka)",male_masculine,twenties,13,7.42,7
common_voice_en_18115178.mp3,south_asia,A musical composition of several movements for a single instrument usually the pianoforte.,880aa9f2bfe20c057bb9523969a75363f3ac57beeb4d566e946ddc6ab3cc71dc,spk_0039,"India and South Asia (India, Pakistan, Sri Lanka)",male_masculine,twenties,13,7.56,6
common_voice_en_616775.mp3,south_asia,Where you got him?,c28818b7e6dcd33f63760dca979a951e14d98b7b266701fae45fba22c004271a,spk_0049,"India and South Asia (India, Pakistan, Sri Lanka)",male_masculine,twenties,4,5.86,6
common_voice_en_17345813.mp3,south_asia,What are you talking about?,ad17c5fc7f7540e020ba7c0af2b5326dce8cf630ec9716f7936298a6c1a4c532,spk_0050,"India and South Asia (India, Pakistan, Sri Lanka)",male_masculine,twenties,5,2.45,7
common_voice_en_18120341.mp3,south_asia,Council of the empire.,9ecfd1d87f4faea052371b481e8bae0509e726923f44ed836265897f817e92d0,spk_0052,"India and South Asia (India, Pakistan, Sri Lanka)",male_masculine,twenties,4,2.71,7
common_voice_en_17529163.mp3,south_asia,How did you know that?,09aa8cc0126cda88b37aabb838a199c0d513721537d3ba021d9d71882971df9c,spk_0060,"India and South Asia (India, Pakistan, Sri Lanka)",male_masculine,teens,5,1.66,7
common_voice_en_17948924.mp3,south_asia,Do you want to eat first?,79365d701418f9d6ea6459c88f55beb53ba69ce456404ba29523778e2f3ff7f8,spk_0063,"India and South Asia (India, Pakistan, Sri Lanka)",male_masculine,fourties,6,2.38,6
common_voice_en_666922.mp3,south_asia,"There were raised voices,and some sort of struggle appeared to be going on. .",65b2e488b007187a974e6f7f36182e76a5c82d1a8c2fade06da66dee5c20e446,spk_0069,"India and South Asia (India, Pakistan, Sri Lanka)",male_masculine,twenties,14,4.46,7
common_voice_en_260629.mp3,south_asia,But what are we to do?,8021156880005e7946d6c5d3ae95c3dbe191c2356fb6f0720c3133fc80fa8ee9,spk_0076,"India and South Asia (India, Pakistan, Sri Lanka)",male_masculine,twenties,6,3.62,7
common_voice_en_17266136.mp3,south_asia,"Just, how big is that closet?",822a965e6c303d40193443b65de0a0fe,spk_0083,"India and South Asia (India, Pakistan, Sri Lanka)",male_masculine,twenties,6,3.6,6
common_voice_en_17776937.mp3,south_asia,"Three weeks later, he was feeling a lot better.",bbe6990f751535197cf6da68ee79e71c77b8c891825b0747f9c02c223de9a846,spk_0094,"India and South Asia (India, Pakistan, Sri Lanka)",male_masculine,twenties,9,3.26,8
common_voice_en_17582917.mp3,south_asia,"The flag is red, blue, and yellow.",ae8a68e8219c7346a7fc7f4a70bd6ed6185873642e541824571e2fbef3653d2a,spk_0096,"India and South Asia (India, Pakistan, Sri Lanka)",male_masculine,twenties,7,3.48,7
common_voice_en_169429.mp3,south_asia,And he gave the boy his blessing.,2a9c3da5cbfc3a73bca6ee9c28976e502cb45384e30358f03b898fcc467b50d0,spk_0098,"India and South Asia (India, Pakistan, Sri Lanka)",male_masculine,thirties,7,3.91,7
common_voice_en_570273.mp3,south_asia,I saw that once before.,ecdc71d8e4b4d6bd6a6cd0de4943a6ed47b062a089b1b9d59802c1325c799aaa,spk_0099,"India and South Asia (India, Pakistan, Sri Lanka)",male_masculine,twenties,5,3.53,6
common_voice_en_17425756.mp3,south_asia,What are we to do?,afed34d5b2cc964cca55e3331238ac278cee5ce9644a064988b080b344a66cf2,spk_0100,"India and South Asia (India, Pakistan, Sri Lanka)",male_masculine,twenties,5,2.09,7
common_voice_en_17856353.mp3,south_asia,"Vermicelli A trio, or musical piece for three voices or instruments.",9bfb8eb45c2bc794d504a9fd9057e9d11004005f0b0420c9696586c5e0ce9b13,spk_0104,"India and South Asia (India, Pakistan, Sri Lanka)",male_masculine,twenties,11,6.34,7
common_voice_en_514947.mp3,south_asia,It doesn't have to rhyme!,095e083d24d3809244452e1ac8eeb4fe0d487dd29b22ec56d18bd3a1200d4898,spk_0112,"India and South Asia (India, Pakistan, Sri Lanka)",male_masculine,twenties,5,3.72,6
common_voice_en_1142613.mp3,south_asia,"The fool wanders, the wise man travels.",ba0df00bda422602ee12162ad45c5079d7b78d5bf5789b345eb81adbcf9701c0,spk_0130,"India and South Asia (India, Pakistan, Sri Lanka)",male_masculine,twenties,7,8.95,6
common_voice_en_17385443.mp3,south_asia,"Glass eel is on the menu today, but it's too expensive.",35e3e598d1b30f62ffa7db535048fd62236f4b5c2666af049bbb471eb1eb931d,spk_0133,"India and South Asia (India, Pakistan, Sri Lanka)",male_masculine,twenties,11,4.34,7
common_voice_en_684216.mp3,south_asia,"Today, I understand something I didn't see before: every blessing ignored becomes a curse.",f98564ec885ed77830dedd6326b8d0aa2f82ac483422e77ac871b25f378973fd,spk_0136,"India and South Asia (India, Pakistan, Sri Lanka)",male_masculine,twenties,14,10.18,7
common_voice_en_17258368.mp3,south_asia,"Sine, cosine and tangent are three basic trigonometric equations you'll need to know.",d6386f8cae3fb56a70a97ea176d10374,spk_0138,"India and South Asia (India, Pakistan, Sri Lanka)",male_masculine,thirties,13,7.01,7
common_voice_en_14284790.mp3,south_asia,Be sure to set that lamp firmly in the hole.,5b9a968daf2861f68c4a57101520e0e43c77f8a37a53b38c0c364876d0192cbc,spk_0145,"India and South Asia (India, Pakistan, Sri Lanka)",male_masculine,twenties,10,3.22,7
common_voice_en_482834.mp3,south_asia,"Half an hour later, his shovel hit something solid.",18802b8221a1c925c099a4073acbefefa1b211c5b0fed2707179f24414a4e923,spk_0146,"India and South Asia (India, Pakistan, Sri Lanka)",male_masculine,teens,9,3.89,7
common_voice_en_18360683.mp3,south_asia,What did you think of that trip?,b2819b0343b6c82dc066e874f6eddc7b06325e961dc9cc256535a3a4729ce149,spk_0162,"India and South Asia (India, Pakistan, Sri Lanka)",male_masculine,twenties,7,4.1,6
common_voice_en_15734673.mp3,south_asia,Hello! It is great to see you!,448bda55f03bd580850ccd0c2e5404da981d15a16802531108b26e3ebfe965b1,spk_0169,"India and South Asia (India, Pakistan, Sri Lanka)",male_masculine,twenties,7,3.58,7
common_voice_en_17867796.mp3,south_asia,Cristiano Ronaldo has won twenty four trophies in his career.,1f274df300a19d275806fd265a28ad5ab75bd05e301970821baba04d00adef36,spk_0176,"India and South Asia (India, Pakistan, Sri Lanka)",male_masculine,thirties,10,5.4,6
common_voice_en_17661177.mp3,south_asia,"Perhaps, you should just grow sea monkeys.",2902f7dc68b955aab38d6df9db01340b1460bfa30794557b446560b6a32ecf54,spk_0182,"India and South Asia (India, Pakistan, Sri Lanka)",male_masculine,twenties,7,4.73,7
common_voice_en_509223.mp3,south_asia,I myself heard nothing of that.,9c294af3447419605ea86eddc9a8e62e2a18a37ecf92b323d63b3db3b412c4be,spk_0186,"India and South Asia (India, Pakistan, Sri Lanka)",male_masculine,thirties,6,3.05,7
common_voice_en_17956593.mp3,south_asia,"Grime, rust and residual particles polluted the air.",63d38a38725d8a27ecb68bbbdaafbc8a97168fcc7d5af4d4da0c1949280707d0,spk_0187,"India and South Asia (India, Pakistan, Sri Lanka)",male_masculine,twenties,8,5.04,7
common_voice_en_305752.mp3,south_asia,There was a silence.,90a4a32dce2fceabacb0824d836d5c8783e576bb47b0cf4245f0ca6a9f90ccdc,spk_0206,"India and South Asia (India, Pakistan, Sri Lanka)",male_masculine,teens,4,2.66,6
common_voice_en_17270790.mp3,south_asia,Can you come pick me up at the office?,787bcf05c614b65c45b34218c287891f,spk_0207,"India and South Asia (India, Pakistan, Sri Lanka)",female_feminine,thirties,9,6.1,6
common_voice_en_17498600.mp3,south_asia,"Trample the spark, else the flames will spread.",db1f8a1f8744cae82d0a15c0d95a4eb5c215a0c2a955ad7844ce8e6a66b39a56,spk_0209,"India and South Asia (India, Pakistan, Sri Lanka)",male_masculine,twenties,8,4.1,7
common_voice_en_17520391.mp3,south_asia,"In the discotheque, the DJ played progressive house music and trance.",048bd4241d3dc8879898c6bf790be4ce6b90ff36befcbda5f0409c5f7436d032,spk_0210,"India and South Asia (India, Pakistan, Sri Lanka)",male_masculine,teens,11,7.06,7
common_voice_en_192202.mp3,south_asia,By hook or by crook.,e9a4445d2e5d7fb8ec3c74f9d526b8a8cfd5878ff6f21302beac49c9ba0143e0,spk_0216,"India and South Asia (India, Pakistan, Sri Lanka)",male_masculine,twenties,5,3.14,6
common_voice_en_17851982.mp3,south_asia,"Astronomy might be complicated, but it's not rocket science.",9b77c3a7ad4f35c468624a46d75487c93d261280658aa6bb7af065f7106e93a0,spk_0217,"India and South Asia (India, Pakistan, Sri Lanka)",male_masculine,thirties,9,5.02,7
common_voice_en_17407934.mp3,south_asia,"Right, well let's poke around his lab a little.",6bd09d3a777ebe067f11954f89da98c0a17ff59f24660b5db49a49eff0692a7c,spk_0219,"India and South Asia (India, Pakistan, Sri Lanka)",male_masculine,twenties,9,5.78,7
common_voice_en_18006606.mp3,south_asia,"Wow, this is a nice table!",9f78191cc437d7d2f34f5b7839fb6d3560fe97f36a6a2223142ddf67958d7ed2,spk_0237,"India and South Asia (India, Pakistan, Sri Lanka)",male_masculine,thirties,6,3.79,7
common_voice_en_544223.mp3,south_asia,"Pink foam floated gently through the air, landing on the parked vehicles.",af5e32315ee7897c4a49b6aa21481289732f65c328a8cf056b19daa9de00696a,spk_0245,"India and South Asia (India, Pakistan, Sri Lanka)",male_masculine,twenties,12,4.3,7
common_voice_en_373906.mp3,south_asia,The process of encrypting the hash value of a message is called digital signature.,bce6d7491aabc43b7a5357411b6055f6ffb4fefa69b3c436e8ddf032f63c0991,spk_0254,"India and South Asia (India, Pakistan, Sri Lanka)",male_masculine,twenties,14,5.9,7
common_voice_en_17369340.mp3,south_asia,"The crow tilted its head, as if it was thinking.",3377d41fc0c3045d8ca151a47a84322c418f53cc39f4f6584e5adbc25735378c,spk_0261,"India and South Asia (India, Pakistan, Sri Lanka)",female_feminine,twenties,10,4.94,7
common_voice_en_17454197.mp3,south_asia,Do you know me?,b5b69a172f9ab7c4b432758dbc50a2e3b108686788c00e7fa70b253bb8489640,spk_0264,"India and South Asia (India, Pakistan, Sri Lanka)",male_masculine,twenties,4,2.57,7
common_voice_en_670687.mp3,south_asia,The petals fall with the next puff of wind.,3a24a9d24874d59c3b22546de736f77d171c6d0aa62701af798b4ef085b2de83,spk_0272,"India and South Asia (India, Pakistan, Sri Lanka)",male_masculine,fourties,9,5.83,7
common_voice_en_17286289.mp3,south_asia,What do you say to that?,25bb1af6eda600f20eac6918de0ec268,spk_0273,"India and South Asia (India, Pakistan, Sri Lanka)",male_masculine,twenties,6,4.1,6
common_voice_en_103881.mp3,south_asia,I am so happy!,6fa4dc79433f1a5c582a0facee55d8df05a699ed71429c7fee578d4269f030e3,spk_0274,"India and South Asia (India, Pakistan, Sri Lanka)",male_masculine,twenties,4,4.46,6
common_voice_en_17257202.mp3,south_asia,Where is my dress?,566a6c92aa3bfac05703b4bdcfb29195,spk_0283,"India and South Asia (India, Pakistan, Sri Lanka)",female_feminine,twenties,4,2.88,7
common_voice_en_17887385.mp3,south_asia,"As a workaround, we could use application specific profiles.",5c3925317cf6c91ba7d2e80224aeffaae59969bae294dfd7463c9de4cc780a5a,spk_0286,"India and South Asia (India, Pakistan, Sri Lanka)",male_masculine,twenties,9,4.34,8
common_voice_en_9747.mp3,south_asia,"In those days, very few of the people had any idea about astronomy.",6893a75dcf5a21b6369413469a037d9e1dfe05e161d14eb0e181ef8557a6620e,spk_0297,"India and South Asia (India, Pakistan, Sri Lanka)",female_feminine,twenties,13,5.88,7
common_voice_en_49606.mp3,south_asia,"""Well, I'd like to see their land, and see how they live,"" said his son.",fdda5ac34b007ce06edd4518b8f64f66cb0f5631be25d4b489eaece8f6998099,spk_0300,"India and South Asia (India, Pakistan, Sri Lanka)",male_masculine,twenties,15,6.38,7
common_voice_en_17392870.mp3,south_asia,A friend of yours?,103f637cd4605d0457999b2cf1142c70a80e601acb61dab9c667657869fdb148,spk_0318,"India and South Asia (India, Pakistan, Sri Lanka)",male_masculine,twenties,4,2.64,7
common_voice_en_32578.mp3,south_asia,The boy said nothing.,c690c5a2a79fdf3e7e26e9605fe1907a8d5f6cecfbcbd214c325bdb3bc067063,spk_0319,"India and South Asia (India, Pakistan, Sri Lanka)",male_masculine,twenties,4,2.5,7
common_voice_en_17541834.mp3,south_asia,"Even the weak, when united, become powerful.",4c0ba81fc78a6b0cacc2a2d47fc19508136db851f9bbaa7b18f57487d84a9d9d,spk_0328,"India and South Asia (India, Pakistan, Sri Lanka)",male_masculine,thirties,7,4.2,8
common_voice_en_648179.mp3,south_asia,She refilled her vessel and left.,04a7efb93f4b1ae286c87f09b512a851754ac8498c558272174dd18ecf59b3a1,spk_0331,"India and South Asia (India, Pakistan, Sri Lanka)",male_masculine,twenties,6,3.38,7
common_voice_en_18444193.mp3,south_asia,Do male kangaroos have a pouch?,886d03cff9c2ec585f1304bd0c66d85e1008a7b2601a56a65cacb172fd9559c5,spk_0352,"India and South Asia (India, Pakistan, Sri Lanka)",male_masculine,twenties,6,2.93,7
common_voice_en_18072081.mp3,south_asia,Where have you been this afternoon?,81ff0ee3e021781c69bcf47ed657fbef2e4228e611b42ba1d9d390cf22f1e2cb,spk_0355,"India and South Asia (India, Pakistan, Sri Lanka)",male_masculine,twenties,6,4.08,7
common_voice_en_493343.mp3,south_asia,The carpet was exquisite.,7f216d445bd6c39eb5373eab8c49b2f521c472b8037daafa76d7acc9663195e9,spk_0357,"India and South Asia (India, Pakistan, Sri Lanka)",male_masculine,twenties,4,4.01,6
common_voice_en_17947596.mp3,south_asia,Dig deep in the earth for pirate's gold.,21e0b998ea57e5ef76ad1f3bf2302279f18489a43bae8ab0d53a0d3a44bc2c73,spk_0362,"India and South Asia (India, Pakistan, Sri Lanka)",male_masculine,twenties,8,2.88,6
common_voice_en_17843504.mp3,south_asia,"Kenneth reacted badly to the steroids, he's under observation for the next hour.",c294676d99a22914f6265632ebad2fe6386fec85ff3d626bae38c89f4fa50a33,spk_0363,"India and South Asia (India, Pakistan, Sri Lanka)",male_masculine,twenties,13,5.3,8
common_voice_en_17392122.mp3,south_asia,"Sooner or later Three brothers, three castles.",a4f981c9751cb49726a1d6f5c062c3afaba8a4d98812e0a8d7d9da25da5be119,spk_0367,"India and South Asia (India, Pakistan, Sri Lanka)",male_masculine,twenties,7,4.1,7
common_voice_en_17894840.mp3,south_asia,What on earth do you mean?,365637fe6215993e1a580fb8cdaae242eef90b076f494771ab7fc4fa7d1e69be,spk_0370,"India and South Asia (India, Pakistan, Sri Lanka)",male_masculine,twenties,6,2.93,7
common_voice_en_17639433.mp3,south_asia,What is to be done?,eaad21afe73738d4824f2d427d0c8c0dfab7f44802999ec253ed926232182e28,spk_0374,"India and South Asia (India, Pakistan, Sri Lanka)",male_masculine,twenties,5,2.16,8
common_voice_en_18037856.mp3,south_asia,"Work as if everything depends on me, but pray as if everything depends on God.",c269ed4d1e8783799c44b582a830237ec6dd4f2a0b161633bbd30602eb05dcf8,spk_0375,"India and South Asia (India, Pakistan, Sri Lanka)",male_masculine,twenties,15,5.21,7
common_voice_en_17409765.mp3,south_asia,"After playing tennis in virtual reality, he felt dizzy.",7bfe0040472ced9dec22efdd139b9d224e9f3ca15884278cbb47b038b1e6a8eb,spk_0376,"India and South Asia (India, Pakistan, Sri Lanka)",male_masculine,twenties,9,4.18,7
common_voice_en_17897524.mp3,south_asia,What did they say?,f6cb594c1f617150192c402963c7f0027fcdf0c777fb49ef09550de732f16d46,spk_0402,"India and South Asia (India, Pakistan, Sri Lanka)",male_masculine,thirties,4,2.62,7
common_voice_en_495315.mp3,south_asia,"But before I go, I want to tell you a little story.",f911c54ac46d866b98aae227369ec89b0194f051a6cc1c8a203d85eea6fe404f,spk_0406,"India and South Asia (India, Pakistan, Sri Lanka)",male_masculine,twenties,12,3.5,7
common_voice_en_17805951.mp3,south_asia,What could he do?,2397ee13e0e30d5172bbb2f693d12da02bfe721603cad64b826ea28c70342ac4,spk_0408,"India and South Asia (India, Pakistan, Sri Lanka)",male_masculine,thirties,4,2.62,7
common_voice_en_570354.mp3,south_asia,"From then on, he would make his own decisions.",9177c0246e525829dd3a4d299dbfeaf5325d2e7129b7a190be314262e7bb6558,spk_0414,"India and South Asia (India, Pakistan, Sri Lanka)",male_masculine,twenties,9,4.78,7
common_voice_en_17784873.mp3,south_asia,The sink is the thing in which we pile dishes.,b1eaf227809481d7f3013fbfcac64a712ea8ed410f5695654bbffdc87d5e8fa1,spk_0420,"India and South Asia (India, Pakistan, Sri Lanka)",male_masculine,sixties,10,4.08,6
common_voice_en_17897757.mp3,south_asia,"Oh okay, I see.",6203cbb40ff49b3b9e6908e181f2a526a68e911ad2cd98b58bc437b9f022c38c,spk_0422,"India and South Asia (India, Pakistan, Sri Lanka)",male_masculine,twenties,4,1.44,7
common_voice_en_669847.mp3,south_asia,Then she got out through the skylight.,aee4c4e31806e14252bdc89b9084f9ea1ab0e72249d240176c97cca36e5904a9,spk_0434,"India and South Asia (India, Pakistan, Sri Lanka)",male_masculine,thirties,7,3.7,6
common_voice_en_17622105.mp3,south_asia,"Hey, don't go there!",707caf611c1149dd72405138dcfca5e3db09847d210397ae5a1ebfdd9e579ddf,spk_0437,"India and South Asia (India, Pakistan, Sri Lanka)",male_masculine,twenties,4,2.71,7
common_voice_en_17417734.mp3,south_asia,"He's an idol, but he's not a saint.",76a6a3ce549df99f2a6f6c270da03b6e2b728b3b6acc78e7c7439f16f9c3fb32,spk_0445,"India and South Asia (India, Pakistan, Sri Lanka)",male_masculine,twenties,8,5.38,7
common_voice_en_134551.mp3,south_asia,Vanessa cannot undo her mistake.,99796091e182e4b4c989075e5e3c5ace14404c28bcf8e79bd3ab07568f729b89,spk_0452,"India and South Asia (India, Pakistan, Sri Lanka)",male_masculine,thirties,5,2.54,7
common_voice_en_17325615.mp3,south_asia,"Considering the growth of human population, insects might be the food of the future.",4c60d074c5a83bb8f5f0183d341cdc7397e61fc2cf0f856ee0b841516cc0f579,spk_0453,"India and South Asia (India, Pakistan, Sri Lanka)",male_masculine,thirties,14,7.22,8
common_voice_en_691624.mp3,south_asia,"But, just before lunchtime, a boy stopped in front of the shop.",d0d1a7b6588cfdfebac8941241bab9bbef827345150609a5bd8aa72700550aaf,spk_0454,"India and South Asia (India, Pakistan, Sri Lanka)",male_masculine,twenties,12,4.34,7
common_voice_en_17714098.mp3,south_asia,The Beatles were a famous English rock band.,0f541c52c1975887e7c03b605f8e4416f02774eef76fdb864699565170471acb,spk_0465,"India and South Asia (India, Pakistan, Sri Lanka)",,,8,3.94,7
common_voice_en_654376.mp3,south_asia,This moisturising cream is fantastic.,8394617ca048b606f2ed045dd954ff00326c32af3c1516ce154c2f26dec28895,spk_0482,"India and South Asia (India, Pakistan, Sri Lanka)",male_masculine,fourties,5,3.5,6
common_voice_en_18158183.mp3,south_asia,Look before you leap.,a9e5251f210b641727e6e05496eda06261259999fbe54b4988a606a4205d9df5,spk_0484,"India and South Asia (India, Pakistan, Sri Lanka)",male_masculine,thirties,4,3.5,6
common_voice_en_17772045.mp3,south_asia,"We first met each other under the Eiffel tower, it was magical.",69a2711b0723129122cf7133eff1120f3e279ff6aa18bc960cc099666b5f84f9,spk_0510,"India and South Asia (India, Pakistan, Sri Lanka)",male_masculine,twenties,12,5.52,6
common_voice_en_17401280.mp3,south_asia,However did you manage that?,3bbf975e12ecf6af452c2b0fb3573bb7da71514262099293eaec5da319d4c72b,spk_0513,"India and South Asia (India, Pakistan, Sri Lanka)",male_masculine,twenties,5,3.22,8
common_voice_en_141766.mp3,south_asia,And that other honeymoon in a coal mine!,e908cfdbde67dc6083af9fe56ccac33cb30a39312ed69303b8779a6b5c507274,spk_0520,"India and South Asia (India, Pakistan, Sri Lanka)",male_masculine,twenties,8,2.64,6
common_voice_en_676977.mp3,south_asia,My tax dollars pay for those public school proms.,6209ba3b08410a2d52f0063ff6ab4a49326e17115d2e95d4ba6bc1ee6bbadb7e,spk_0523,"India and South Asia (India, Pakistan, Sri Lanka)",male_masculine,teens,9,4.22,7
common_voice_en_17340425.mp3,south_asia,But we never even got close to it?,708726dbfbf157462af962464762b33a4c1defce5c6449f2c1ab6e39b1ac0593,spk_0527,"India and South Asia (India, Pakistan, Sri Lanka)",male_masculine,thirties,8,3.19,7
common_voice_en_17261768.mp3,south_asia,Now where could my pipe be?,527e28558b83358c2d7ee23d56496d68,spk_0531,"India and South Asia (India, Pakistan, Sri Lanka)",male_masculine,twenties,6,4.54,6
common_voice_en_18302166.mp3,south_asia,Sigmund depicted the occurrence with all its obscene details.,542d68fbdb0a571685417d3521dfda51bdc6191d5cb6e321091d0ed3fbf17e52,spk_0550,"India and South Asia (India, Pakistan, Sri Lanka)",male_masculine,thirties,9,4.82,6
common_voice_en_17740647.mp3,south_asia,There's no accounting for tastes.,ccbbb0c3a6bbb2ce8cb69245d1308aaa858c5c7ce608f80c55e5090cadd772ae,spk_0557,"India and South Asia (India, Pakistan, Sri Lanka)",male_masculine,twenties,5,3.55,8
common_voice_en_193313.mp3,south_asia,It dribbled down the fridge.,5cb7a2188fde466c3439a077ab93bc182c86071c699286fea6b20ceb8e897707,spk_0562,"India and South Asia (India, Pakistan, Sri Lanka)",male_masculine,twenties,5,3.38,6
common_voice_en_17386482.mp3,south_asia,"If you release the clutch too quickly, the engine will stall.",4e3d6f8c849a4e64092d2f51c6910fd7031a8657e640882b99a12c7c1bb68744,spk_0566,"India and South Asia (India, Pakistan, Sri Lanka)",male_masculine,thirties,11,4.58,7
common_voice_en_17569198.mp3,south_asia,"Hey Lucy, have you remembered the lyrics for the anthem yet?",f830eec767dedbf184edea7205ff4706692fc0b5ad4a667d1a21c00759a1e105,spk_0569,"India and South Asia (India, Pakistan, Sri Lanka)",male_masculine,twenties,11,5.42,7
common_voice_en_10476.mp3,south_asia,But now the sounds inside had stopped.,232b96fb65f335e0d6b50cfcbaf7d8b35b4202cc35ccc994dfd71655940e9483,spk_0576,"India and South Asia (India, Pakistan, Sri Lanka)",male_masculine,twenties,7,3.74,6
common_voice_en_17849795.mp3,south_asia,Listen and silent are anagrams.,6690fa1f6edbda7e945d143484311a9f2cefaca94156b701a0cc1b729b1171f7,spk_0579,"India and South Asia (India, Pakistan, Sri Lanka)",male_masculine,thirties,5,4.15,7
common_voice_en_601587.mp3,south_asia,But I found it difficult to get to work because of the investigations.,60ab06b88dfbc17eb2d0011abb70c0efaf7a207204771edb3e44c1932af26020,spk_0585,"India and South Asia (India, Pakistan, Sri Lanka)",male_masculine,thirties,13,8.42,7
common_voice_en_18092151.mp3,south_asia,"No, but it is nice to meet you.",34a9f7f9a69b3d25e52f937a9ba47d24ecc68e179b9555473dc58516169eebbb,spk_0596,"India and South Asia (India, Pakistan, Sri Lanka)",male_masculine,twenties,8,3.43,7
common_voice_en_515567.mp3,south_asia,The experiments are unconvincing.,fff702f711e9412473aa4c88ba568806a408271c28e32f9cd2c40e8b966ed79a,spk_0604,"India and South Asia (India, Pakistan, Sri Lanka)",female_feminine,twenties,4,2.42,6
common_voice_en_18302397.mp3,south_asia,Did you check your laser?,dd62bd1ddc7c0762d5811992b680aebd8e664761a923906855e5c548231f98bd,spk_0605,"India and South Asia (India, Pakistan, Sri Lanka)",male_masculine,teens,5,2.78,8
common_voice_en_17290787.mp3,south_asia,"Sometimes, I experience so much pain that I cannot sleep at night.",38c2eecd86127cb571a96de4f242081493e67ea46ae17ad329398fab03cab96a,spk_0614,"India and South Asia (India, Pakistan, Sri Lanka)",male_masculine,twenties,12,5.98,7
common_voice_en_17322333.mp3,south_asia,"At the airport, the woman threw herself into revision for college so she could experience university.",72afb9ee43b711d3f403546ec76decf5d166d5de227a9aecdcef047c8d421542,spk_0636,"India and South Asia (India, Pakistan, Sri Lanka)",male_masculine,twenties,16,6.65,7
common_voice_en_17311017.mp3,south_asia,"Good wine ruins the purse, and bad wine ruins the stomach.",b221ff0c795fc8cd38cb61623705d9e133a0e69dc47e294d43f13f18c5b42fd4,spk_0645,"India and South Asia (India, Pakistan, Sri Lanka)",male_masculine,twenties,11,5.14,7
common_voice_en_217152.mp3,south_asia,"As he did so, he talked with the monk about the tribal wars.",e79303fa6b7aa107c57699c194fe4226ce738a414d0c5f0c05d7b6cf34ff2446,spk_0648,"India and South Asia (India, Pakistan, Sri Lanka)",male_masculine,twenties,13,4.1,7
common_voice_en_17878447.mp3,south_asia,"That is what I thought as well, but it might not be true.",b61b7d0b6ec34466580b661a269a9b949604149cf19a77786a34a346ff17abfb,spk_0655,"India and South Asia (India, Pakistan, Sri Lanka)",male_masculine,twenties,13,4.73,7
common_voice_en_17402624.mp3,south_asia,Not everything that is faced can be changed; but nothing can be changed until it is faced.,924fb047d3eab54bc11352479f38614a428981da71d86d6441e6be3f440ebe30,spk_0658,"India and South Asia (India, Pakistan, Sri Lanka)",male_masculine,twenties,17,7.54,7
common_voice_en_17897784.mp3,south_asia,"Ironically, you just gave me the perfect alibi.",b18770d79e526daca7afaff708f925e5500e044fff74dcae1e3d5f43e927cc3a,spk_0660,"India and South Asia (India, Pakistan, Sri Lanka)",male_masculine,teens,8,4.46,7
common_voice_en_1425694.mp3,south_asia,But you are joking.,e76cde88378846ae235824f8792c6ed4af784ec2aa8d8f70cb4a3d57f069e7a8,spk_0665,"India and South Asia (India, Pakistan, Sri Lanka)",male_masculine,twenties,4,2.4,7
common_voice_en_635689.mp3,south_asia,The newspaper articles had prepared everyone for the reception of the idea.,31d4125b8febdaf8f29569d7d3cf3aca5c12b55fdc3c0814b644eca728a8cb86,spk_0668,"India and South Asia (India, Pakistan, Sri Lanka)",male_masculine,twenties,12,8.74,7
common_voice_en_682749.mp3,south_asia,This time we know it is correct.,324941a2367d9b459a068f2beb6dc8b6ba14fb4d562a9bd25a691b06afd675b9,spk_0683,"India and South Asia (India, Pakistan, Sri Lanka)",male_masculine,twenties,7,2.3,7
common_voice_en_17644668.mp3,south_asia,"If you do not have your ticket, I cannot let you in.",eebcb6c31ebcef5548aa87f9be4636b8bcf1ea5ff449ba1d1993cb955803e9e5,spk_0685,"India and South Asia (India, Pakistan, Sri Lanka)",male_masculine,twenties,12,3.98,7
common_voice_en_17562267.mp3,south_asia,"You know, he is an honest man.",1d7576a1c1ea24d09fe27f6fb957eceaaee9e2a0694d0f5d3d084e8b427c5000,spk_0686,"India and South Asia (India, Pakistan, Sri Lanka)",male_masculine,twenties,7,2.66,8
common_voice_en_588479.mp3,south_asia,And I guarantee that they'll graduate with highest honors!,62c724290b2309d5f046f88307f55a09defe3523952cf128de9cee9ed459e604,spk_0690,"India and South Asia (India, Pakistan, Sri Lanka)",male_masculine,sixties,9,4.63,7
common_voice_en_115689.mp3,south_asia,The Englishman was disappointed.,cd6ffdd1c091faa5a6e19297c17f9ab047560ad486532f83ab417a8cfd04234b,spk_0697,"India and South Asia (India, Pakistan, Sri Lanka)",male_masculine,twenties,4,4.15,7
common_voice_en_134272.mp3,south_asia,I'm never more aware of a room's acoustics than when I'm trying to enjoy a snack I have no intention of sharing.,02882301985c73a4448d8b8d18a4c144d271135f52552e7e97e8b3f50cae5ccf,spk_0703,"India and South Asia (India, Pakistan, Sri Lanka)",female_feminine,sixties,22,10.34,7
common_voice_en_644572.mp3,south_asia,"""An alchemist,"" said the alchemist.",d4403d4e24649b868056b96effc45eccd80725e11b56e0dc909573870d4dc782,spk_0708,"India and South Asia (India, Pakistan, Sri Lanka)",male_masculine,thirties,5,4.56,7
common_voice_en_17563273.mp3,south_asia,And who hired you for this?,7e8bb310e7a8ad3901a33c535e0d43680fe3b88c2235439991ff97ec2241c25b,spk_0710,"India and South Asia (India, Pakistan, Sri Lanka)",male_masculine,teens,6,2.76,7
common_voice_en_17776252.mp3,south_asia,Where did they come from?,287a2c05bd57146ad187d267e8e20ae1e47f4de2d744adcd3e52b7137bee34bf,spk_0722,"India and South Asia (India, Pakistan, Sri Lanka)",male_masculine,thirties,5,2.86,7
common_voice_en_17259873.mp3,south_asia,What else am I to do?,a43f45dcd3b9360c3c37c950ab8c4af4,spk_0737,"India and South Asia (India, Pakistan, Sri Lanka)",male_masculine,twenties,6,3.58,6
common_voice_en_690950.mp3,south_asia,I heard a peculiar humming sound from the pit.,9b6b4ecf78b2f72ac4881a684b90fa856f66685aa04f2969c927bd9855effe19,spk_0747,"India and South Asia (India, Pakistan, Sri Lanka)",male_masculine,twenties,9,2.98,7
common_voice_en_17426951.mp3,south_asia,"No matter how much he offered, Scott would not accept the deal.",0f275ad700b816ff3e9c1211af4a62e1f9a8a97512ffa174479324fc468b555b,spk_0759,"India and South Asia (India, Pakistan, Sri Lanka)",male_masculine,fourties,12,4.78,8
common_voice_en_17888264.mp3,south_asia,No doubt about the way the wind blows.,44d547fd7e5d7a776bf2dff80f44bb44789b54228cd5a3d398f77d8eafebc241,spk_0768,"India and South Asia (India, Pakistan, Sri Lanka)",male_masculine,twenties,8,4.82,6
common_voice_en_601574.mp3,south_asia,I thought about the difficulties in translation that might arise.,e75e723be8e2b4161986f7af47672aeddfec5f8e2817ff6047aab179942ad28b,spk_0769,"India and South Asia (India, Pakistan, Sri Lanka)",male_masculine,twenties,10,4.06,7
common_voice_en_18310498.mp3,south_asia,She forgot her pajamas at home.,37fcc8156fbc37f46ef33ee41097993e2dcf1093632b222c9faf5b11ea1f2b11,spk_0777,"India and South Asia (India, Pakistan, Sri Lanka)",male_masculine,twenties,6,2.86,6
common_voice_en_17530722.mp3,south_asia,"That is one possibility, but we would both prefer it did not happen.",7e12b6c10a5b7fe745797187c30b3d3e5b1cd8d6271111bf6033730360b9582f,spk_0780,"India and South Asia (India, Pakistan, Sri Lanka)",male_masculine,thirties,13,4.7,7
common_voice_en_528326.mp3,south_asia,"On the third day, the chief met with his officers.",18c9512484029f01f1efbd80d856381de4c6f028167d34db66a06d67b91bd4f0,spk_0782,"India and South Asia (India, Pakistan, Sri Lanka)",male_masculine,twenties,10,4.08,7
common_voice_en_18107715.mp3,south_asia,It weighs five kilograms.,db19859d27833ac88f97917b0a3414348b1ccc802bbe9b5bf2082d8082512a33,spk_0797,"India and South Asia (India, Pakistan, Sri Lanka)",male_masculine,twenties,4,3.86,7
common_voice_en_17852264.mp3,south_asia,He told his story.,b867eff7dfb94483b5fdd16f4b452cab2a89fe40406c82701ecfa373270893d3,spk_0802,"India and South Asia (India, Pakistan, Sri Lanka)",male_masculine,twenties,4,1.85,7
common_voice_en_17435168.mp3,south_asia,"She's gonna like it, isn't she.",d798f528b8a57ec02575e6d6121af07340f64fd6b264adfe3eb53290de75fad0,spk_0804,"India and South Asia (India, Pakistan, Sri Lanka)",male_masculine,thirties,6,3.74,7
common_voice_en_365550.mp3,south_asia,I wandered lonely as a cloud.,6cc918c8362bae7d6da25ed19ad3ef65025b7a34ccd25b4f017f8527f779908d,spk_0806,"India and South Asia (India, Pakistan, Sri Lanka)",male_masculine,twenties,6,3.26,7
common_voice_en_15733663.mp3,south_asia,Her body was lost among the many others in the city morgue.,9f13488899d5b9ec6d06be87af22441a339cac01a0c2fa5aab8e8c3ea7b3da9b,spk_0808,"India and South Asia (India, Pakistan, Sri Lanka)",male_masculine,twenties,12,5.14,6
common_voice_en_606459.mp3,south_asia,"Without such love, one's dreams would have no meaning.",50a83a1bce4b0d86d4601393efbe3737728ad36d7a2e8c2e4ceaa462644d7de2,spk_0813,"India and South Asia (India, Pakistan, Sri Lanka)",male_masculine,twenties,9,4.42,6
common_voice_en_17412901.mp3,south_asia,"In an undertone, or whisper.",676217785d68e1e066d39e70d6fcbec4aa8c57ae5a48b53feade8ce0c987a0dd,spk_0817,"India and South Asia (India, Pakistan, Sri Lanka)",male_masculine,thirties,5,5.18,6
common_voice_en_17708997.mp3,south_asia,What’s his other name?,002d9ce9b23f703382a0e01b478bf7092b10b5df791688b2150c53d8cf2549b5,spk_0819,"India and South Asia (India, Pakistan, Sri Lanka)",male_masculine,twenties,4,3.67,7
common_voice_en_18334973.mp3,south_asia,What do you want of me?,9724504faf627fb03fbf97c905bb6bf72621ed84a18b81d60f2617a8d24865ac,spk_0829,"India and South Asia (India, Pakistan, Sri Lanka)",male_masculine,twenties,6,3.34,7
common_voice_en_18369403.mp3,south_asia,That man is your brother?,8e37626d657d6411f27df36ea914742f02d6bb484f2ef166795fe6698bd02985,spk_0832,"India and South Asia (India, Pakistan, Sri Lanka)",male_masculine,twenties,5,3.26,7
common_voice_en_17552104.mp3,south_asia,But what could he do?,305a232b0c5c85a1a915b4549262416d9eedc575b63d7d6d11cd44bc57697a3c,spk_0839,"India and South Asia (India, Pakistan, Sri Lanka)",female_feminine,twenties,5,2.18,7
common_voice_en_17417477.mp3,south_asia,"No, nothing at all.",3232fab0eb42ac524a3a4b249eed0ffd6440d1b38ae0b8de4b3a63034610b3f9,spk_0840,"India and South Asia (India, Pakistan, Sri Lanka)",male_masculine,twenties,4,2.86,7
common_voice_en_17933780.mp3,south_asia,"Hey look, a flying pig!",7e08352873cf61f1b8387baa801a02f02b84c4aee19388fefe383aceb546e962,spk_0844,"India and South Asia (India, Pakistan, Sri Lanka)",male_masculine,twenties,5,2.95,7
common_voice_en_612643.mp3,south_asia,The top of the cylinder was rotating on its body.,d7ccd1b522cdf177a2a09876335d3c8bcefad2c8e86e169d552dd55d7de49e4a,spk_0855,"India and South Asia (India, Pakistan, Sri Lanka)",male_masculine,twenties,10,5.3,7
common_voice_en_17298594.mp3,south_asia,"Let what must be, happen.",d6001c25fd97f107622d3c11b209c3cfba2374cf99da1d95926a65977608f3a2,spk_0858,"India and South Asia (India, Pakistan, Sri Lanka)",male_masculine,twenties,5,2.3,7
common_voice_en_621733.mp3,south_asia,"The shop folks were taking down their shutters, and people were opening their bedroom windows.",ade0989a4d24ecbf85172bc9c6c03136398d2c440aec48a0f13be83de9a33bf4,spk_0865,"India and South Asia (India, Pakistan, Sri Lanka)",male_masculine,twenties,15,8.57,7
common_voice_en_17394275.mp3,south_asia,"One short, solitary clown entered the ring honking an oversize horn while waving forlornly to the audience.",2b4b56cf4b8dd81827ba9cada08e232853bc3deab157a22c4ebd928cb6de55f0,spk_0867,"India and South Asia (India, Pakistan, Sri Lanka)",male_masculine,thirties,17,7.18,7
common_voice_en_18034653.mp3,south_asia,"Good-day to you, sir.",9db3859f65bec9c117e422398b9c0764bad21978c543e7a6ad5ce0e8fc37b4be,spk_0886,"India and South Asia (India, Pakistan, Sri Lanka)",male_masculine,twenties,4,2.47,7
common_voice_en_17265472.mp3,south_asia,How many layers of irony are you on?,35b8e104ce5c903265d3dab31b56b4e3,spk_0888,"India and South Asia (India, Pakistan, Sri Lanka)",male_masculine,teens,8,3.91,6
common_voice_en_17425029.mp3,south_asia,"""Jellyfish can cause serious injuries"", the physician explained to the patient.",93ef481c001bca092389425e8f5e042095865344c93877da09207092318629a5,spk_0895,"India and South Asia (India, Pakistan, Sri Lanka)",male_masculine,twenties,11,8.18,7
common_voice_en_9382644.mp3,south_asia,Brian is leaving today.,d577af80f18f9e3f295f7772dbcf349cb719413e67b2bde5f44a808c6bd9acbd,spk_0902,"India and South Asia (India, Pakistan, Sri Lanka)",male_masculine,twenties,4,4.15,7
common_voice_en_17391833.mp3,south_asia,"Buy at a market, but sell at home.",37812c7e1aeaae2211dcc974f021e2ec8fe95ada279f40de52a622c177c078a9,spk_0919,"India and South Asia (India, Pakistan, Sri Lanka)",male_masculine,twenties,8,4.99,7
common_voice_en_243475.mp3,south_asia,Virginia does not know how to fly the kite.,5855280aead948595d238111a1900700c0ba5cdb78e9ece680c0373069ea16cd,spk_0921,"India and South Asia (India, Pakistan, Sri Lanka)",male_masculine,thirties,9,3.48,6
common_voice_en_17527584.mp3,south_asia,"Well, what of it?",9969cf1930c25d761e210b6611cd657f1e3444c9682317f1d55bdd55abb152a4,spk_0933,"India and South Asia (India, Pakistan, Sri Lanka)",male_masculine,twenties,4,5.42,7
common_voice_en_17291041.mp3,south_asia,"Yeah, I was in a wheel chair for months.",fc16416b3aab0a0244f1e12ebacd63e6f6fd858b6903944f06ad0807e95da4c4,spk_0952,"India and South Asia (India, Pakistan, Sri Lanka)",male_masculine,twenties,9,4.66,7
common_voice_en_600363.mp3,south_asia,It's called the principle of favorability.,9c02188486a44d9b1406f5f04ac4fd45f49533c3f62e9ffd3df30fe1294d0483,spk_0962,"India and South Asia (India, Pakistan, Sri Lanka)",male_masculine,twenties,6,3.5,7
common_voice_en_206849.mp3,south_asia,They never found the secret.,574b323c39c4a9d9336b2148884afda6b337d3e975325e2e4dd3d5602e9c9557,spk_0969,"India and South Asia (India, Pakistan, Sri Lanka)",male_masculine,twenties,5,3.38,7
common_voice_en_17568813.mp3,south_asia,Who has already arrived?,7687e9fc45a5d63f89c8cb7f0baeaee595d915023b6351378a0c199ebd9ec934,spk_0975,"India and South Asia (India, Pakistan, Sri Lanka)",male_masculine,twenties,4,1.82,7
common_voice_en_17972467.mp3,south_asia,I would recommend doing it before you get too old.,25739e9edf0c2a62921ad935706295a8b71129e71f747309f8490f84c4f4f576,spk_0980,"India and South Asia (India, Pakistan, Sri Lanka)",male_masculine,twenties,10,4.01,6
common_voice_en_49893.mp3,south_asia,Fatima appeared at the entrance to the tent.,2dba5804fab5626d33ce5f1e02e98aadf6c0ce623ce027dd448c8f78ced4c191,spk_0981,"India and South Asia (India, Pakistan, Sri Lanka)",male_masculine,twenties,8,4.06,7
common_voice_en_17274426.mp3,south_asia,"The flag is red, blue, and yellow.",818a05e140a2397b0fe104a152f2f510,spk_0985,"India and South Asia (India, Pakistan, Sri Lanka)",male_masculine,twenties,7,3.53,6
common_voice_en_17740702.mp3,south_asia,Before you meet the handsome prince you have to kiss a lot of toads.,cc48a811f85a95a36bdfb472b4cd1d7b07f2a6cd8af1b54483098df08289355b,spk_0999,"India and South Asia (India, Pakistan, Sri Lanka)",male_masculine,twenties,14,5.21,7
common_voice_en_17684628.mp3,south_asia,Do you know how long I have been waiting for?,219e493cffaceac0c004217484e1d6cde13b93051142130e3d2edfe4b40503ee,spk_1002,"India and South Asia (India, Pakistan, Sri Lanka)",male_masculine,twenties,10,3.53,7
common_voice_en_141394.mp3,south_asia,But the boy never took his eye off his new friend.,9c851b2581ab5c294944552d69685c4fc5dea60d52919afe558fbf2c9cc88e2d,spk_1004,"India and South Asia (India, Pakistan, Sri Lanka)",male_masculine,twenties,11,4.27,7
common_voice_en_17417530.mp3,south_asia,"Ladies and gentlemen, this wagon is going to be detached.",8adb62562eec1b28ccaee9522e04be4961f47b0d112d4c04eb99840f1394e18b,spk_1006,"India and South Asia (India, Pakistan, Sri Lanka)",male_masculine,thirties,10,4.42,8
common_voice_en_209511.mp3,south_asia,The boy awoke before dawn.,e8caab5caf32f27c6c892aeb7e0666b1d557faad31a57039f949bb9e7677df4c,spk_1007,"India and South Asia (India, Pakistan, Sri Lanka)",male_masculine,twenties,5,3.1,7
common_voice_en_17519904.mp3,south_asia,"If I knew it, I would have told you.",e16b5d7de8afd8fa5e99bd540ada59b3c51d49d7fb4308f2e93ab7ee22c56e0e,spk_1038,"India and South Asia (India, Pakistan, Sri Lanka)",male_masculine,fourties,9,3.86,7
common_voice_en_17412937.mp3,south_asia,Did you see him?,d5fb33d0c461eed940a9326e9f5eec6d52b57d57e30581a55905f784471a7cba,spk_1061,"India and South Asia (India, Pakistan, Sri Lanka)",male_masculine,teens,4,2.06,7
common_voice_en_606867.mp3,south_asia,"""I don't understand what you're talking about,"" the desert said.",b33df4c930d32024f3711c2d89049164a91d50919bebae736b325af6d14970fd,spk_1069,"India and South Asia (India, Pakistan, Sri Lanka)",male_masculine,thirties,10,4.75,6
common_voice_en_17389875.mp3,south_asia,"Read some books, won't you?",71731b66a89325c53fe594ad3ca9d03bd7ef37d8918226f87db29cd203de0873,spk_1074,"India and South Asia (India, Pakistan, Sri Lanka)",male_masculine,thirties,5,2.9,7
common_voice_en_157007.mp3,south_asia,"""No,"" the alchemist answered.",a47886574acebc2aca2810349172419ba556a0d936588811b4ce2be0adda3bf2,spk_1083,"India and South Asia (India, Pakistan, Sri Lanka)",male_masculine,thirties,4,3.14,7
common_voice_en_17881368.mp3,south_asia,The foot of the owner is the best manure for his land.,20ab53083317686e5e7c7627d0c7a48f9b0ccbf343c956d148ac7402171ef881,spk_1084,"India and South Asia (India, Pakistan, Sri Lanka)",male_masculine,twenties,12,6.02,7
common_voice_en_17253106.mp3,south_asia,"It was sprayed in red, with yellow edges.",43cad5d01e9b2a06e24ff8ce8a2f30a8dc239514030956cd0e09f90444198c5b,spk_1090,"India and South Asia (India, Pakistan, Sri Lanka)",male_masculine,teens,8,4.2,7
common_voice_en_1830854.mp3,south_asia,"Salmon is one of the most popular fish and very delicious, though usually not sustainable.",005dea64ca3cc2d281a78e15a7d45d90b7f2b41f6f3db163e9dca90b572c7dc4,spk_1092,"India and South Asia (India, Pakistan, Sri Lanka)",male_masculine,twenties,15,6.36,6
common_voice_en_15735752.mp3,south_asia,The brass lamp had been disturbed.,7bfb6869890b11401dacc4bc28cc351ec7e710d5d5f0ab61c14da3ac8f8780da,spk_1094,"India and South Asia (India, Pakistan, Sri Lanka)",male_masculine,thirties,6,3.84,7
common_voice_en_1450802.mp3,south_asia,Laugh and the world laughs with you. Cry and you cry alone.,968e15cac08efb311c97deafbcdb09647454b3856e5f90d98ead0c6de1e30f37,spk_1098,"India and South Asia (India, Pakistan, Sri Lanka)",male_masculine,thirties,12,6.62,6
common_voice_en_17505614.mp3,south_asia,"Be right there, boss!",4fdb4479b83f9756c31add46e2641ec41dc040143fdb4d11c4f3cb4baf4fadc1,spk_1103,"India and South Asia (India, Pakistan, Sri Lanka)",male_masculine,teens,4,2.57,6
common_voice_en_18101566.mp3,south_asia,I am supposed to be here.,5ea93fb2118bbb2d2ae3a52ee5d57bc753db6b5ed696466bb4b99ff24e9a095e,spk_1116,"India and South Asia (India, Pakistan, Sri Lanka)",male_masculine,teens,6,4.9,7
common_voice_en_17629382.mp3,south_asia,"For better physical understanding, let's first recap where the pivot point is.",077b18bf626da7e2fc7635bb1e7388a4f0f6eeaca4ba204cbb3395c671cd7330,spk_1118,"India and South Asia (India, Pakistan, Sri Lanka)",male_masculine,twenties,12,6.5,8
common_voice_en_17758223.mp3,south_asia,"Great, can you show them to me?",876c288390f11108d78393f852aa0c34a3784156d5ee3cf4e689e7ed933c12fd,spk_1131,"India and South Asia (India, Pakistan, Sri Lanka)",male_masculine,twenties,7,3.24,7
common_voice_en_17252305.mp3,south_asia,"I heard the land where the hobbits live, the Shire, has actually been filmed in New Zealand.",8bae1a65d6f2f8a53bc390228f7cf72e7e0ccb6265f687602f943f977cc1e319,spk_1137,"India and South Asia (India, Pakistan, Sri Lanka)",male_masculine,twenties,17,7.56,7
common_voice_en_17530063.mp3,south_asia,"A wise man doesn't need advice, and a fool won't take it.",021fc60da20e0a780c44509ad722dabb92df6d45f8c0631ec8d348eb1fedc143,spk_1138,"India and South Asia (India, Pakistan, Sri Lanka)",male_masculine,twenties,12,5.66,6
common_voice_en_17385878.mp3,south_asia,"If you want a discount, you'll have to provide a ID.",a1f6d6b422dc36cbbe3fbaffa6c52179cc1ce0f8b584cd1f12393eb278e7217d,spk_1150,"India and South Asia (India, Pakistan, Sri Lanka)",male_masculine,thirties,11,4.66,7
common_voice_en_17298782.mp3,south_asia,"Out of sight, out of mind.",37d484a913d9e4f82298c238f479ff190dbe029313744caedc5d8d7c187ee783,spk_1153,"India and South Asia (India, Pakistan, Sri Lanka)",male_masculine,twenties,6,6.36,7
common_voice_en_658238.mp3,south_asia,The crowd swayed a little as I elbowed my way through.,cecb266d94f1bef4ac52f130b7383c196b1027f7427fdf9f0a6a328297c68c5b,spk_1160,"India and South Asia (India, Pakistan, Sri Lanka)",male_masculine,twenties,11,4.3,7
common_voice_en_34856.mp3,south_asia,The camel driver understood what the boy was saying.,e27f6edb7785b658e0097681a9b9d5d27868c0dc8ff31852d5affc513f3f6971,spk_1170,"India and South Asia (India, Pakistan, Sri Lanka)",male_masculine,twenties,9,4.34,7
common_voice_en_17297652.mp3,south_asia,Are you still using your computer for the research?,0600f56a4cef997d8f32821844e2710c0d21322c37f17980b048ad0b1932d570,spk_1171,"India and South Asia (India, Pakistan, Sri Lanka)",male_masculine,fourties,9,4.08,7
common_voice_en_18504737.mp3,south_asia,Will you go with me?,286144a75d7256bfaab9c50d5e865664653692d83b65e421e6cae12decded4e5,spk_1177,"India and South Asia (India, Pakistan, Sri Lanka)",male_masculine,twenties,5,3.02,7
common_voice_en_18156444.mp3,south_asia,"With clenched fist, he hit the table.",4367aabcc4e935c18df21b9d11983c2bd96521409029f97c823c150e9a345fee,spk_1189,"India and South Asia (India, Pakistan, Sri Lanka)",male_masculine,twenties,7,4.01,6
common_voice_en_17897856.mp3,south_asia,How do you make that out?,dff293130c43da88bbe67232a067348c29e2ce1441bd7f4d7a108858363929f5,spk_1190,"India and South Asia (India, Pakistan, Sri Lanka)",male_masculine,fourties,6,3.02,7
common_voice_en_563270.mp3,south_asia,"When the sun sets, the men will once again surrender their arms to me.",050d7343fd41df139360eac2ffb2d0d362e36c4f76ef119cbc839ba3aacc18e6,spk_1193,"India and South Asia (India, Pakistan, Sri Lanka)",male_masculine,fourties,14,5.38,7
common_voice_en_2140.mp3,south_asia,He decided to stay right there and await his return.,920d0a35f5d99431d34ff7e7861b518db08570d59d11f9c25ddab4bda4f5d733,spk_1196,"India and South Asia (India, Pakistan, Sri Lanka)",male_masculine,twenties,10,4.82,6
common_voice_en_17296271.mp3,south_asia,Where is my wife?,cb1309190bab66e2ec950aa5f8ad1ba8504039de833c66f5165eb38f21ed3b3b,spk_1222,"India and South Asia (India, Pakistan, Sri Lanka)",male_masculine,twenties,4,2.54,7
common_voice_en_486196.mp3,south_asia,The best things are not bought and sold.,0e178d7839ca203ecafa55cd31c04ea5983fc33f5ba6f9df860d8f8773652fa7,spk_1231,"India and South Asia (India, Pakistan, Sri Lanka)",male_masculine,twenties,8,3.65,6
common_voice_en_497534.mp3,south_asia,He remembered something his grandfather had once told him: that butterflies were a good omen.,01743b6f4e8a6b001afb11428f38487b9152b6aeed71540d41e61c4fa3de3485,spk_1233,"India and South Asia (India, Pakistan, Sri Lanka)",male_masculine,twenties,15,8.74,6
common_voice_en_17461401.mp3,south_asia,"Lions hunt their prey with sprints, whereas wolves take advantage of their stamina.",9cf9a181091e23f4b49e4a05b790ac5fc95f76ab2f8bb3d3dc0a337fffcf6782,spk_1243,"India and South Asia (India, Pakistan, Sri Lanka)",male_masculine,twenties,13,6.17,7
common_voice_en_537361.mp3,south_asia,"He got up, adjusted his clothing, and picked up his pouch.",7a6238be88d1a6ffc5cd6fe3b2e8215363aaa10f071ca377696c509b449f2a6c,spk_1248,"India and South Asia (India, Pakistan, Sri Lanka)",male_masculine,sixties,11,3.94,7
common_voice_en_670034.mp3,south_asia,They tell their incredible stories at the time when you want to hear them.,4584e313ce42fa42a0e3b872ad068efb90c6bebb9525cf527b0bf627a5ded985,spk_1251,"India and South Asia (India, Pakistan, Sri Lanka)",female_feminine,twenties,14,5.16,7
common_voice_en_663309.mp3,south_asia,"On the first day he returned with a rabbit, and on the second with two birds.",34c53567fea56ba5e040cd80c04a4538bcade37dbf5d96474127e21203d14f5a,spk_1253,"India and South Asia (India, Pakistan, Sri Lanka)",male_masculine,teens,16,4.78,7
common_voice_en_18162952.mp3,south_asia,"I promise, I will be careful!",98107ffeec650271e9b30c425e55e63ef1cfb82e001f9c62e2f099e54eb9710b,spk_1265,"India and South Asia (India, Pakistan, Sri Lanka)",male_masculine,thirties,6,3.7,8
common_voice_en_696219.mp3,south_asia,Strange images passed through my mind.,d811548300151bf196644da19591601c86e99f8253481999d7d8ad215f1c905e,spk_1280,"India and South Asia (India, Pakistan, Sri Lanka)",male_masculine,twenties,6,4.51,7
common_voice_en_17317862.mp3,south_asia,How is Mozilla going to handle ambiguities like queue and cue?,affbf329ec70d5261578ec7e63e30e350d28158d4807e6f5536720aca946de07,spk_1283,"India and South Asia (India, Pakistan, Sri Lanka)",male_masculine,twenties,11,6.62,7
common_voice_en_17863111.mp3,south_asia,"No, I don't want to be a pilot.",c5ab1f7d93c8a87409785d62bd166a893bb1601322c12f8e993c7722c98b4ead,spk_1284,"India and South Asia (India, Pakistan, Sri Lanka)",male_masculine,thirties,8,2.54,8
common_voice_en_589609.mp3,south_asia,Don't forget that everything you deal with is only one thing and nothing else.,ec85f6fc86aaea7c973bc3a995bf80d8a66920892ca538d716f0154759badea8,spk_1290,"India and South Asia (India, Pakistan, Sri Lanka)",male_masculine,twenties,14,7.61,7
common_voice_en_17300294.mp3,south_asia,"Wandering years, in which a journeyman went from place to place after his Lekrjahre, to acquire further experience.",8b9a1fb3199cfe6e6494af2cd1076bcc58e49c66e515d3d5b2ac1993d0ed83ee,spk_1293,"India and South Asia (India, Pakistan, Sri Lanka)",male_masculine,twenties,18,8.66,7
common_voice_en_643685.mp3,south_asia,Promise you'll never lie the way Snoopy did.,c645485a0552bb8d8625d88af785c021d31d30fd4d79ddeac8a6cf6713e53659,spk_1296,"India and South Asia (India, Pakistan, Sri Lanka)",male_masculine,twenties,8,4.3,6
common_voice_en_128001.mp3,south_asia,The end of the cylinder was still as Ogilvy and Henderson had left it.,2b8be411397e45b623e13d97cd5fefd70250e95c471a3091934ef2f6f49c0e43,spk_1298,"India and South Asia (India, Pakistan, Sri Lanka)",male_masculine,twenties,14,5.02,7
common_voice_en_17728543.mp3,south_asia,What do you make of that?,4ee1d83103e8a1a0e91c0070571f593a091278f1b8bd985b52c3dfcde1d1d41b,spk_1299,"India and South Asia (India, Pakistan, Sri Lanka)",male_masculine,teens,6,2.28,7
common_voice_en_610615.mp3,south_asia,"""I have had the same dream twice,"" he said.",28b439c10eb1f2caf89b088cb3e50fdc57aa25f04548aa25ed7b657d9caed8c3,spk_1301,"India and South Asia (India, Pakistan, Sri Lanka)",male_masculine,twenties,9,6.02,7
common_voice_en_34263.mp3,south_asia,The time must have been somewhere around six o'clock.,f4e6a2fdf3c7472e7c53361957b3a074c11798ff81ecbf22e079f29bd3ffaa9f,spk_1312,"India and South Asia (India, Pakistan, Sri Lanka)",male_masculine,thirties,9,3.84,7
common_voice_en_18194754.mp3,south_asia,"Don't believe the lies they are telling you, invent your own instead.",b672f8ddba3c8a697a683642b515c7ff9f1b66e4c8816eb36a6f58ccb81c63ef,spk_1315,"India and South Asia (India, Pakistan, Sri Lanka)",male_masculine,twenties,12,5.71,7
common_voice_en_17342496.mp3,south_asia,"He kept driving at full speed, totally unfazed by the flap, flap, flap of the burst tyre.",4f1a478aeb93f711e4262ef1e5f5c1e8f362f63e69e7b4006df1a986cf8d8892,spk_1318,"India and South Asia (India, Pakistan, Sri Lanka)",male_masculine,twenties,17,8.35,7
common_voice_en_17681014.mp3,south_asia,And what are you doing here?,0743bd69d78f57bf41debf168eaafb9fec3e630631f59bcab705fba084897a77,spk_1322,"India and South Asia (India, Pakistan, Sri Lanka)",male_masculine,teens,6,2.9,7
common_voice_en_211007.mp3,south_asia,All who went there were happy at having done so.,35f3bef7075d777608380d8022dd2d67706c06c1236465d5b9a5c8f2da7a2605,spk_1323,"India and South Asia (India, Pakistan, Sri Lanka)",male_masculine,twenties,10,4.42,7
common_voice_en_487465.mp3,south_asia,He stood irresolute for a moment and then scrambled out of the pit.,21ab88c247c6a72eab8675717b0c89cbbede062cf4e9c5982de5922ca86d713c,spk_1329,"India and South Asia (India, Pakistan, Sri Lanka)",male_masculine,twenties,13,5.69,7
common_voice_en_17794442.mp3,south_asia,Do as I say not as I do.,2b3810c309012de1d2a083ced5ddd52dead5760749b46d4a6b8d366966f58fe1,spk_1339,"India and South Asia (India, Pakistan, Sri Lanka)",male_masculine,twenties,8,3.14,6
common_voice_en_17689766.mp3,south_asia,Have you met Catherine?,ab76b46ef70ae7c3fc7b99a3ee4ae16448c6083876dc6197f98c5203d440bc02,spk_1342,"India and South Asia (India, Pakistan, Sri Lanka)",male_masculine,teens,4,2.14,6
common_voice_en_101571.mp3,south_asia,It seemed to him that it fell to earth about one hundred miles east of here.,e6f6cd0374f5236f15d55671f6c9b89485754f5d3323ef1d86f7cfe942c992e6,spk_1344,"India and South Asia (India, Pakistan, Sri Lanka)",male_masculine,thirties,16,5.86,7
common_voice_en_162309.mp3,south_asia,He's in the desk.,04703e1c6515b0ab36a4dc1f70d455bc694cc906fb6b8cc93293e35b3f8a5900,spk_1361,"India and South Asia (India, Pakistan, Sri Lanka)",male_masculine,twenties,4,2.28,6
common_voice_en_17653186.mp3,south_asia,"Although searching in binary search trees is efficient, you won't find any fruits in there.",90764efc4186f2e1168e180c60d84ff56fc7c0b0e3ba6e067290af6e13c23374,spk_1363,"India and South Asia (India, Pakistan, Sri Lanka)",male_masculine,twenties,15,6.46,7
common_voice_en_17405301.mp3,south_asia,"Without haste, yet without rest unhasting, yet unresting.",7c15085c69648d88883495fd709671a332258e5f3551fe19b53eda876be3bcd1,spk_1365,"India and South Asia (India, Pakistan, Sri Lanka)",male_masculine,fifties,8,6.34,8
common_voice_en_17527703.mp3,south_asia,"I'm sorry, I can't help you.",e8177fc65d0bb50bde7abf9149fe8f9a70855df93cc779e689aedabfa6bfe37e,spk_1366,"India and South Asia (India, Pakistan, Sri Lanka)",male_masculine,twenties,6,2.88,7
common_voice_en_17418160.mp3,south_asia,How do you know that?,0734abba236e36359ae2306c4165a70f85836f50305c980fab4f9e275f58074b,spk_1376,"India and South Asia (India, Pakistan, Sri Lanka)",male_masculine,thirties,5,1.3,7
common_voice_en_17254642.mp3,south_asia,"When I have read a million of these sentences, I am going to apply as a professional narrator.",df79f4690ed1ed0c74378db82e8fde8bf79c4155d19c66a4f83815aa518aebf6,spk_1380,"India and South Asia (India, Pakistan, Sri Lanka)",male_masculine,twenties,18,7.73,7
common_voice_en_17888160.mp3,south_asia,"Well, you shouldn't have any trouble then.",20787f834fa6f11f17ec89aa0ad4635f4ae2c04368f384184646192d21871793,spk_1383,"India and South Asia (India, Pakistan, Sri Lanka)",male_masculine,twenties,7,4.22,7
common_voice_en_17281464.mp3,south_asia,Where did you get it?,41ef03e50a6ba03dad03c1300d571b22,spk_1392,"India and South Asia (India, Pakistan, Sri Lanka)",female_feminine,teens,5,2.78,6
common_voice_en_17927395.mp3,south_asia,"She looked skeptical when leaning against the wall, observing the celebrities.",6350f6f304794e711f153ca02688fa9422bdf1fb1fabfab839f61084bc1e9752,spk_1395,"India and South Asia (India, Pakistan, Sri Lanka)",male_masculine,fourties,11,4.82,7
common_voice_en_18256628.mp3,south_asia,"""Before you go, I want to hug you"", she said.",6fef8e2052718cbe2aac7fe7f24799a0292a9f099fcc5879016912b3f9efc498,spk_1400,"India and South Asia (India, Pakistan, Sri Lanka)",male_masculine,twenties,10,5.66,7
common_voice_en_17394112.mp3,south_asia,"Pork cutlet is also very tasty, but our religion does not allow us to eat it.",8b14bffdcf11783b9b0955dbf67e526819904bf7f8351f0e656b2d75bc10a2dd,spk_1414,"India and South Asia (India, Pakistan, Sri Lanka)",male_masculine,twenties,16,5.04,7
common_voice_en_18109434.mp3,south_asia,Never let the sun set on angry heart.,1a31d708898a02059a1cab29d80d8c0add0761e2c4aafa6eb74d90923b44af14,spk_1417,"India and South Asia (India, Pakistan, Sri Lanka)",male_masculine,teens,8,4.51,7
common_voice_en_18399508.mp3,south_asia,Have you seen Hollie?,81d48a4077dd0d7aaf784656d05aafe71e802fbd978dbc683ca137e929165693,spk_1419,"India and South Asia (India, Pakistan, Sri Lanka)",male_masculine,thirties,4,2.42,8
common_voice_en_17532503.mp3,south_asia,Can I pay in cash?,bf4dd4a18d937351e936b3f8ec2f812542fef7710ed46dac6672864343a786e2,spk_1420,"India and South Asia (India, Pakistan, Sri Lanka)",male_masculine,twenties,5,4.27,7
common_voice_en_17725814.mp3,south_asia,What was the matter with him?,9d057c4f572789d1f39404ee37069fa97073b81bce556cec68a0235866112c51,spk_1442,"India and South Asia (India, Pakistan, Sri Lanka)",male_masculine,teens,6,2.78,6
common_voice_en_807.mp3,south_asia,He brought six sheep with him.,69a0af7ba5494737675c875a4e4e06e9b75368c781d83884a845f4d18468a707,spk_1447,"India and South Asia (India, Pakistan, Sri Lanka)",male_masculine,twenties,6,2.83,7
common_voice_en_17875325.mp3,south_asia,"The news was chilling, to say the least.",af6892a6f5ce2b5430945fb7862a56f263884260c5f00912a41ebf94f2d7c0ab,spk_1453,"India and South Asia (India, Pakistan, Sri Lanka)",male_masculine,twenties,8,3.5,7
common_voice_en_17296315.mp3,south_asia,"This pepperoni tastes off, she said.",33819cd8aca89eaae42608285299b08cc573faba0893ffe1ace59a2db159cc2c,spk_1467,"India and South Asia (India, Pakistan, Sri Lanka)",male_masculine,fourties,6,4.22,7
common_voice_en_17451470.mp3,south_asia,Why do you say that?,6f2ee9baf7bda916f27f8588b5d8942a8ec05170a4136a1615c1ec1342c72471,spk_1468,"India and South Asia (India, Pakistan, Sri Lanka)",male_masculine,thirties,5,1.7,6
common_voice_en_184852.mp3,south_asia,"She loves to read, but is unsure how reading is helping her become more creative.",4f81d19a6a783562e8f9791fcdcbe975b0f594cbe969fcec9f781d136518ec9b,spk_1471,"India and South Asia (India, Pakistan, Sri Lanka)",male_masculine,twenties,15,6.02,6
common_voice_en_17442207.mp3,south_asia,"The more you read, the better you will be understood.",7b5b2eb0a50e1f553ac726e9be677d5043b6ed55e2a0f8bf483056a61710175b,spk_1499,"India and South Asia (India, Pakistan, Sri Lanka)",male_masculine,teens,10,4.22,7
common_voice_en_89137.mp3,south_asia,"It's almost as if he had been here and left his mark, he thought.",6f82413eb70cd542fa5b5f43d0b3da3ad271c26be2e0eed574096c38df5a44bd,spk_1508,"India and South Asia (India, Pakistan, Sri Lanka)",male_masculine,twenties,14,6.65,7
common_voice_en_17477644.mp3,south_asia,"Your gran's been nicking stuff from the corner shop again, mate.",d828b950cd258b65952d5b58295dc6e57a55a4d77bf35d546b0c2accf8a5102c,spk_1527,"India and South Asia (India, Pakistan, Sri Lanka)",male_masculine,twenties,11,4.68,8
common_voice_en_17817429.mp3,south_asia,Did you hear anything?,384572a8af6d87e132f715e17be938b27ae1aae479270a247a1ce9975b8cceb3,spk_1530,"India and South Asia (India, Pakistan, Sri Lanka)",male_masculine,teens,4,1.9,7
common_voice_en_17293859.mp3,south_asia,Do you know what kind of package it was?,9431c036e9a494ac17a63b78adac001c8a6d93767475444ba8c6cfb8ed1e4248,spk_1557,"India and South Asia (India, Pakistan, Sri Lanka)",male_masculine,thirties,9,4.42,7
common_voice_en_17967841.mp3,south_asia,"Where is it, then?",bc517c7da87780e23fa4234ee05764298988252367e536eb2097cf8d7939aa67,spk_1561,"India and South Asia (India, Pakistan, Sri Lanka)",male_masculine,twenties,4,3.02,7
common_voice_en_17392933.mp3,south_asia,"It shouldn't be displayed on any book pages, or should it?",8738ccd186f1a9c20aee9dfc7a9959adad01ef643922bf8355f9d197e82ba5c6,spk_1564,"India and South Asia (India, Pakistan, Sri Lanka)",male_masculine,twenties,11,3.7,8
common_voice_en_17929383.mp3,south_asia,You need more evidence than that.,21456f5ef4734abc5d0c87ff5ba8ecdbd8f8a0168cc4e241e0b901db5c0cacbd,spk_1573,"India and South Asia (India, Pakistan, Sri Lanka)",male_masculine,teens,6,5.95,7
common_voice_en_17355019.mp3,south_asia,Where did you find that apple?,2fe838d45bc1a36de10f38e9a8bf1f2e1ce1f62f896d598efb33d6ebdb144a67,spk_1575,"India and South Asia (India, Pakistan, Sri Lanka)",male_masculine,twenties,6,2.86,7
common_voice_en_207383.mp3,south_asia,So there was no pressure to demolish old buildings to put new ones at their place.,bcd72c22f09f3820e22abd66fb3031c2151e8af6a75f59fb6dcfba5a409e5e6b,spk_1579,"India and South Asia (India, Pakistan, Sri Lanka)",male_masculine,twenties,16,5.59,6
common_voice_en_486132.mp3,south_asia,"You'll watch them as they grow, demonstrating how the world is always changing.",d8658d6ddffd735ab39e2e4ebc2c7560ac4d90efd03c79f50f247bb9d79dcecf,spk_1597,"India and South Asia (India, Pakistan, Sri Lanka)",male_masculine,twenties,13,4.34,7
common_voice_en_17904438.mp3,south_asia,Do you still remember your old account's password?,03a2163edbc8f65ed3efd58364352df4e2fd8d993697ff744d751c76d92cbea6,spk_1605,"India and South Asia (India, Pakistan, Sri Lanka)",male_masculine,twenties,8,3.1,8
common_voice_en_18083467.mp3,south_asia,We are going to the football game tonight.,b25fb5997f7e1fb3d931342a8de571cd4f165a50a472a1fbc9ccca82e047fb5a,spk_1606,"India and South Asia (India, Pakistan, Sri Lanka)",male_masculine,thirties,8,4.34,6
common_voice_en_17489384.mp3,south_asia,"Tomorrow morning, she will check into the hospital.",bc3f006ac48c6e31b944c8d8458c7bfda736a168bb0951c9039fdd80c01bc592,spk_1608,"India and South Asia (India, Pakistan, Sri Lanka)",male_masculine,twenties,8,3.14,7
common_voice_en_17645827.mp3,south_asia,"In general, people have difficulties estimating risks correctly.",8bc8aa77bc4f46241a49d7c2f04bfd4bc0f8ae8734e433df4bf7ac61145af776,spk_1611,"India and South Asia (India, Pakistan, Sri Lanka)",male_masculine,twenties,8,5.66,7
common_voice_en_18109322.mp3,south_asia,No category seems to fit.,05f7d27b41d7236d1fa3c250461d8c59ee4d5cc865a5911b21afc443f604cfd3,spk_1615,"India and South Asia (India, Pakistan, Sri Lanka)",male_masculine,fourties,5,3.82,7
common_voice_en_680604.mp3,south_asia,Not even the tribal chieftains are able to see him when they want to.,e2ff2a7cdf7cf2cf9c86b43a7ac434ed6aef83819f69d861f76ae306f39a5606,spk_1620,"India and South Asia (India, Pakistan, Sri Lanka)",male_masculine,thirties,14,4.58,7
common_voice_en_12103.mp3,south_asia,How would you like to work for me?,80772716640dbe084c7bbf50d4681c04f7e6f5df1be4a3fbf7465a5edbf694d2,spk_1622,"India and South Asia (India, Pakistan, Sri Lanka)",female_feminine,twenties,8,2.06,6
common_voice_en_17369873.mp3,south_asia,"Never advertise razors by shaving a monkey, it's cruel and results in lawsuits.",6f4467c00e9475ae51df2147a6f407a2c78b773d2a4786476de40c5c8d691a8d,spk_1635,"India and South Asia (India, Pakistan, Sri Lanka)",male_masculine,thirties,13,6.1,7
common_voice_en_17256256.mp3,south_asia,How do I know?,0f6ad0336e038259e7da4d670c4dcba9,spk_1652,"India and South Asia (India, Pakistan, Sri Lanka)",male_masculine,twenties,4,2.54,6
common_voice_en_502404.mp3,south_asia,The microphone put out a muffled signal.,b087451108dc003b92311c36f8b3f49d3b55995c8ca8f984ab80a525d268ebc9,spk_1664,"India and South Asia (India, Pakistan, Sri Lanka)",male_masculine,twenties,7,3.22,6
common_voice_en_611597.mp3,south_asia,An huge hole had been made by the impact of the projectile.,df8a77dd6f414b3f114992652c255ba37430301240f99d0c492bc3aee51283c9,spk_1667,"India and South Asia (India, Pakistan, Sri Lanka)",male_masculine,twenties,12,6.41,7
common_voice_en_17298559.mp3,south_asia,"Curses, like chickens come home to roost.",75e3d129803f34ed9c778ea99bb7d14829841ba5e96450c80558b68aa58e22c6,spk_1690,"India and South Asia (India, Pakistan, Sri Lanka)",male_masculine,twenties,7,5.4,7
common_voice_en_17363372.mp3,south_asia,"Oh my god, they killed Kenny!",e2e03243aada68b757ec6ab6d6e171eb3abb71c0898ce01e857c3616d4aeee6b,spk_1695,"India and South Asia (India, Pakistan, Sri Lanka)",male_masculine,thirties,6,3.22,7
common_voice_en_628624.mp3,south_asia,I went stretching my legs clumsily and feeling my way in the dark.,8b9297d26d654baf817fa6eaa9b1eddcdd7ea268efdff211af918d3008552d1f,spk_1704,"India and South Asia (India, Pakistan, Sri Lanka)",male_masculine,twenties,13,5.23,7
common_voice_en_18293650.mp3,south_asia,We find joy in the simplest things.,a9eb3289c359f7b279e4b6c92c7383124e6fa771fef0b0e20e2bfd6fad299b54,spk_1706,"India and South Asia (India, Pakistan, Sri Lanka)",female_feminine,fourties,7,3.98,6
common_voice_en_662988.mp3,south_asia,"Then, you taught me something of the universal language and the Soul of the World.",ae87ad3bcfe4ed0dc90b4033e55c2ef30e811d0251224504daf85083eb82875b,spk_1711,"India and South Asia (India, Pakistan, Sri Lanka)",male_masculine,twenties,15,5.66,7
common_voice_en_17520318.mp3,south_asia,"He sent the figs, but kept the ripe cherries.",491f276007ac405bd20c1c65bec2abad4b794bb39bd8e259fe71936cf0a9dedf,spk_1712,"India and South Asia (India, Pakistan, Sri Lanka)",male_masculine,twenties,9,3.65,7
common_voice_en_18282422.mp3,south_asia,"Ladies and gentlemen, this is your captain speaking.",bf0d475b89df9ec633b3eb1368f63ea418eea4c06190e8c27711f395a9015297,spk_1718,"India and South Asia (India, Pakistan, Sri Lanka)",male_masculine,thirties,8,4.3,7
common_voice_en_17866914.mp3,south_asia,Who is responsible for these parrots?,59204ee5b27621e2895e22dc5c5a32951a09646c59313d0068bb3ebe2c0d5665,spk_1720,"India and South Asia (India, Pakistan, Sri Lanka)",male_masculine,twenties,6,3.36,7
common_voice_en_73178.mp3,south_asia,He just got a new kite for his birthday.,d2c63fe1aa0eb86b68ac4f03353ce223d0edba17a525b68bb1b97d7dfd4a92bb,spk_1741,"India and South Asia (India, Pakistan, Sri Lanka)",female_feminine,thirties,9,2.95,7
common_voice_en_17297638.mp3,south_asia,What would you say is the difference between a language and a dialect?,965924d2e8325a5844a2c0319bb3b35415095b2dc143ddf444e9079520a51d77,spk_1749,"India and South Asia (India, Pakistan, Sri Lanka)",male_masculine,twenties,13,6.38,7
common_voice_en_17424916.mp3,south_asia,"Oh, you are, eh?",5039f73307189c07f32cc0be5882b59230eadffd3e637a26361c8e0320788ebd,spk_1750,"India and South Asia (India, Pakistan, Sri Lanka)",female_feminine,twenties,4,3.43,7
common_voice_en_17666079.mp3,south_asia,"I've brought you some cheese, because I know you love cheese.",d03b9d93bccdaff028554237270c420a7ed3c228a9efecdd0cd37292ede0cadc,spk_1760,"India and South Asia (India, Pakistan, Sri Lanka)",male_masculine,twenties,11,3.96,6
common_voice_en_18229759.mp3,south_asia,Writing makes the exact man.,94fe3e9560ea28ffe67cf395db02f1a1a98275df72580104cb33af4f789ee3db,spk_1766,"India and South Asia (India, Pakistan, Sri Lanka)",male_masculine,twenties,5,4.87,7
common_voice_en_496222.mp3,south_asia,"""All things are one,"" the old man had said.",18b4ebbda89ae04963338f91888665af6be13227acb0ef670b981a7793b96444,spk_1767,"India and South Asia (India, Pakistan, Sri Lanka)",male_masculine,teens,9,4.42,7
common_voice_en_17613034.mp3,south_asia,Is it all right?,165b5a4a385c45df3ae355beda38b37fd54d4aa8b6fe317542d14d6fa092c3c6,spk_1769,"India and South Asia (India, Pakistan, Sri Lanka)",male_masculine,twenties,4,2.26,6
common_voice_en_17478847.mp3,south_asia,Do you know it?,7c64432d6716c7a33d40145f44f4e4ad2de1ac5399e12420a0ed58c97384a6b6,spk_1772,"India and South Asia (India, Pakistan, Sri Lanka)",male_masculine,thirties,4,2.38,7
common_voice_en_17396232.mp3,south_asia,"Tyler, do you remember when I gave you that note?",7d656e0212be5ea7801233b8134b2fe7b1bba17ea7984e321d5d2a19389f1bc3,spk_1775,"India and South Asia (India, Pakistan, Sri Lanka)",male_masculine,twenties,10,3.62,7
common_voice_en_17559902.mp3,south_asia,But do you have a lab full of robots?,fda7e800ec6dda9d3cb3b6a5173e51e845b2f454baa3b851ecb2e50742c27d44,spk_1808,"India and South Asia (India, Pakistan, Sri Lanka)",male_masculine,twenties,9,3.7,6
common_voice_en_18000200.mp3,south_asia,It was of no use.,87912b99c486b041c94dd58ff6a1cdce42e47c42bda306f28f3323b57644010c,spk_1813,"India and South Asia (India, Pakistan, Sri Lanka)",male_masculine,twenties,5,2.54,7
common_voice_en_17296882.mp3,south_asia,What must I do?,1f0216062b63321694c5639b20bcbd32b5ac56362bd59b15b9ebf41193a52375,spk_1816,"India and South Asia (India, Pakistan, Sri Lanka)",male_masculine,twenties,4,2.64,7
common_voice_en_17297038.mp3,south_asia,"The irrational number Pi, which represents the ratio between a circle's circumference and its diameter, approximately equals three point one four one five.",a98586b7af7424922ebde92060bedda53ff1d85ce677e30d32e67c5f849faa2b,spk_1826,"India and South Asia (India, Pakistan, Sri Lanka)",male_masculine,twenties,23,8.59,7
common_voice_en_2834160.mp3,south_asia,Tell me what it is.,b24c99b8492ae4137aa4a2b8372c9f0e04e7b9da2bff581020510c7cf75bb906,spk_1827,"India and South Asia (India, Pakistan, Sri Lanka)",male_masculine,twenties,5,3.6,7
common_voice_en_155248.mp3,south_asia,She's good enough for me!,26166eaf0da28a8a7fa29751c76fb73703b528ccd232dc7acd936817a3d726dc,spk_1829,"India and South Asia (India, Pakistan, Sri Lanka)",male_masculine,teens,5,2.42,6
common_voice_en_543089.mp3,south_asia,We can describe the object's movement with a differential equation of second order.,f86383a17058b61cf1452e83dd17c2df5decebfb979c8195e1051ffca63bd796,spk_1832,"India and South Asia (India, Pakistan, Sri Lanka)",male_masculine,twenties,13,6.74,6
common_voice_en_642829.mp3,south_asia,Emoticons are familiar to everyone nowadays.,558888a5b9f059272c68da1d9819183deb12b34a52d255013e624be412574898,spk_1847,"India and South Asia (India, Pakistan, Sri Lanka)",male_masculine,twenties,6,4.03,7
common_voice_en_204902.mp3,south_asia,"Maktub, thought the boy.",3c2a5f756eb6858546232f6cdab2339ea15e63345c1923107eed5e4e7d6b5020,spk_1854,"India and South Asia (India, Pakistan, Sri Lanka)",female_feminine,twenties,4,3.02,7
common_voice_en_18152141.mp3,south_asia,Use a pencil to write the first draft.,8e85de13fa83ee02fad75ceb8b6329dd827626188cd5bc41fd73a9d68e8f73e3,spk_1861,"India and South Asia (India, Pakistan, Sri Lanka)",male_masculine,thirties,8,4.92,7
common_voice_en_17877327.mp3,south_asia,Nothing else remains over for us. We have no alternative.,fb8244b12bb339531f46fa69ffbd61020347cdda85c041bab4e0babb1b75346b,spk_1866,"India and South Asia (India, Pakistan, Sri Lanka)",male_masculine,twenties,10,6.1,6
common_voice_en_17934476.mp3,south_asia,Are you sure that is exactly what happened?,64e285b839ae3a776916779e999ca0ba464d098f43723071078e49ea368a38aa,spk_1881,"India and South Asia (India, Pakistan, Sri Lanka)",male_masculine,twenties,8,3.38,7
common_voice_en_17295560.mp3,south_asia,"Bananas contain a lot of sugar, even though they are fruits.",4f9d85329192361d93469621282f67b68e7f450866bd2c73f1fc854b289e1d56,spk_1885,"India and South Asia (India, Pakistan, Sri Lanka)",male_masculine,twenties,11,5.86,7
common_voice_en_18114006.mp3,south_asia,Have you ever been to Singapore?,87cabae0f39470a2b5663d598e8b703f5872bbd9aad247f5658259d27a4a3c16,spk_1889,"India and South Asia (India, Pakistan, Sri Lanka)",female_feminine,twenties,6,3.86,7
common_voice_en_18365713.mp3,south_asia,The police arrived at the scene thirty minutes later.,a46208ee1ebea00b5acd33e39ad04db1f6c2c54f6a9a0d9cf7ebed243784d12f,spk_1895,"India and South Asia (India, Pakistan, Sri Lanka)",male_masculine,twenties,9,4.06,7
common_voice_en_18450406.mp3,south_asia,"The cornices of the room were mostly intact, but showed signs of damage from damp.",c7b605da60d3d5db274fc0c54b05b2a9a4cb7c93a45d96ed13303baee70e7183,spk_1897,"India and South Asia (India, Pakistan, Sri Lanka)",male_masculine,twenties,15,9.41,7
common_voice_en_17394650.mp3,south_asia,"Oxygen is important for us, but some bacteria don't need it at all.",5199c177f8e1a642057fb7a418f8465da9cbbffb0316e888dfc6b01b3311a717,spk_1899,"India and South Asia (India, Pakistan, Sri Lanka)",male_masculine,twenties,13,5.21,7
common_voice_en_124368.mp3,south_asia,"The boy smiled, and continued digging.",639932d7911970d4d867fa53804892acd9a43e3c94a9dbc1074e15286723489d,spk_1912,"India and South Asia (India, Pakistan, Sri Lanka)",male_masculine,twenties,6,2.66,7
common_voice_en_34094.mp3,south_asia,"When I returned to the common, the sun was setting.",e61eb2f8e5d7dbf06767d2ac12b68e07a33119b05f9cabebb5f8a9d73dfbd673,spk_1915,"India and South Asia (India, Pakistan, Sri Lanka)",male_masculine,twenties,10,4.3,7
common_voice_en_171904.mp3,south_asia,"Yet, it was a little too large for assurance.",8a3e835cfd4d51f180dd9c10091977f99e31890a2467f5c0244824437452a0a2,spk_1918,"India and South Asia (India, Pakistan, Sri Lanka)",male_masculine,twenties,9,2.98,7
common_voice_en_17367063.mp3,south_asia,Why would I want to do that?,7d86cdd4ba0ba08e146b479a94b6aee00cc36fa2ddc9f8fc8f0b22ee848e5a3b,spk_1929,"India and South Asia (India, Pakistan, Sri Lanka)",male_masculine,twenties,7,4.56,7
common_voice_en_18169171.mp3,south_asia,I assume this was your doing?,e04a151ea51eb36da8fec047695a30b79b11fbbde73e4f5526afef65a65fa34a,spk_1948,"India and South Asia (India, Pakistan, Sri Lanka)",male_masculine,thirties,6,3.14,7
common_voice_en_18381692.mp3,south_asia,William ran down the street.,b98eef4436903bf9f8fd85e64ebddfb90fb815eea00d728f0002451808019410,spk_1956,"India and South Asia (India, Pakistan, Sri Lanka)",male_masculine,twenties,5,2.78,7
common_voice_en_17543838.mp3,south_asia,"Guys, homophobia isn't tolerated in this office.",527b10447e304d3f160dda66850c1d89be49cd671359ecb199663bda63d17102,spk_1958,"India and South Asia (India, Pakistan, Sri Lanka)",female_feminine,twenties,7,3.7,7
common_voice_en_17257752.mp3,south_asia,"The gallant noble, good man thinks of himself last.",51938c9366b8364794184ce6e6a81cf2,spk_1960,"India and South Asia (India, Pakistan, Sri Lanka)",male_masculine,twenties,9,6.07,7
common_voice_en_18318186.mp3,south_asia,"However I am dressed, I shall still be Sancho Panza.",3c686e0c2e7e72c5df171e430fece3e241957a39ff06f3990ed9a3b96acfc5fd,spk_1968,"India and South Asia (India, Pakistan, Sri Lanka)",female_feminine,twenties,10,5.38,7
common_voice_en_203232.mp3,south_asia,The two men hurried back and found the cylinder still lying in the same position.,d444844a992a4e7c38017557ccf412c2154951b201ab9db4f689eb8af38c4331,spk_2021,"India and South Asia (India, Pakistan, Sri Lanka)",male_masculine,teens,15,5.14,7
common_voice_en_17717843.mp3,south_asia,"Oh, I used to play tennis when I was younger.",812f944817b706475bb1835581bc88078b405635073153781f9ca62de14d434d,spk_2028,"India and South Asia (India, Pakistan, Sri Lanka)",male_masculine,twenties,10,3.53,7
common_voice_en_17789363.mp3,south_asia,Grow angry slowly; there's plenty of time.,39bca34ddab78bcd93d4ab4e169cb66ca63c1fac01f9ed1b767c6921aa28be19,spk_2035,"India and South Asia (India, Pakistan, Sri Lanka)",male_masculine,twenties,7,4.87,7
common_voice_en_17292483.mp3,south_asia,Don’t you understand me?,43b0bef6379733135ffff90bce909405985609e9f89295567be2962daab807a2,spk_2038,"India and South Asia (India, Pakistan, Sri Lanka)",male_masculine,twenties,4,4.06,7
common_voice_en_17622932.mp3,south_asia,"The hare springs out, when one thinks not of it.",ff2eb5a12d06afc990fedd4a4b2293501d57ba18d08c692424fa6dc7e98e9023,spk_2048,"India and South Asia (India, Pakistan, Sri Lanka)",male_masculine,twenties,10,3.7,8
common_voice_en_17684354.mp3,south_asia,What does she look like?,1235d3b29a1233a4b8b21c18341ab9428b5633cb0aae69798d8e61d83112fe75,spk_2049,"India and South Asia (India, Pakistan, Sri Lanka)",male_masculine,twenties,5,3.14,8
common_voice_en_598760.mp3,south_asia,Then it became a signal of danger.,464e3f31c308eae58148f5acff7a979e1081bde6337ba0a248647ace9bc6b1e1,spk_2055,"India and South Asia (India, Pakistan, Sri Lanka)",male_masculine,twenties,7,4.73,6
common_voice_en_17625232.mp3,south_asia,Is it actually unusual for a planet that its axis is tilted?,b0a1782276cfc5709d15b5a0f1a838103846c52435dfd53f79ddf297122d3655,spk_2056,"India and South Asia (India, Pakistan, Sri Lanka)",female_feminine,twenties,12,6.77,8
common_voice_en_17801694.mp3,south_asia,It can't possibly be true that we lost.,72a245dd6852d00788513c9994bc6a276196fd3081e9c0cecb3399503a759adc,spk_2092,"India and South Asia (India, Pakistan, Sri Lanka)",male_masculine,fourties,8,4.68,6
common_voice_en_613994.mp3,south_asia,To have is better than to wait and hope.,a015a8ad0aa98802472c132ea5720cf0676e0b057f8a24eeebfda9dc6d70a46f,spk_2110,"India and South Asia (India, Pakistan, Sri Lanka)",male_masculine,twenties,9,5.86,6
common_voice_en_21677.mp3,south_asia,All that time the Martians must have been getting ready.,41598cb84264d50332763f1f3bb0bfa40e50a18425919586b836d4fe54f2a60a,spk_2115,"India and South Asia (India, Pakistan, Sri Lanka)",male_masculine,twenties,10,4.58,7
common_voice_en_596765.mp3,south_asia,Mosquitoes are annoying in the summer and can even transmit illnesses.,3c98770fcb0271204e2f285664338efb276de00ff2fc6af53ec0d5ffe2d2d8f0,spk_2116,"India and South Asia (India, Pakistan, Sri Lanka)",male_masculine,twenties,11,5.93,7
common_voice_en_17296989.mp3,south_asia,And what did you do then?,0083d29df653c2b7288b6599e952bb87da589fdefd0646a471f6ab44252c3876,spk_2121,"India and South Asia (India, Pakistan, Sri Lanka)",female_feminine,thirties,6,3.12,7
common_voice_en_17258837.mp3,south_asia,What did I tell you?,b8bb448cb05b5d10df276dedef2f45f7,spk_2133,"India and South Asia (India, Pakistan, Sri Lanka)",male_masculine,twenties,5,1.63,6
common_voice_en_17441740.mp3,south_asia,"The lens was heavy, but it had an amazing zoom.",59deb49f29e3ef2cbd93182345004524e486af3b920b53c3dc1075ef9b1770ca,spk_2135,"India and South Asia (India, Pakistan, Sri Lanka)",male_masculine,twenties,10,3.72,6
common_voice_en_487164.mp3,south_asia,The boy knew a lot of people in the city.,599e48064475b039465b0eee15a2968a780ff7e8af83e359bfdb91d1c44e4cfe,spk_2141,"India and South Asia (India, Pakistan, Sri Lanka)",male_masculine,teens,10,3.86,7
common_voice_en_179948.mp3,south_asia,It spread through the planet's atmosphere and obscured its more familiar features.,70a5323da9a987e3de81f46d56a9573425d34fdccdb00c54402fdfdce45c87f4,spk_2143,"India and South Asia (India, Pakistan, Sri Lanka)",female_feminine,twenties,12,6.36,7
common_voice_en_17660150.mp3,south_asia,"Come on Betty, let's go for a drink and sink a few.",343d743c24f783437ed5e4ae172d7e34d2c057c4e6a67bd4fcc6ece62a104d73,spk_2148,"India and South Asia (India, Pakistan, Sri Lanka)",male_masculine,twenties,12,5.76,7
common_voice_en_18082923.mp3,south_asia,Where can I apply for the job of a millionaire?,5b5193a0dcfc46a3c95d8a70fee85fb2e92a28dea6cb01a34f18df5c3670f43c,spk_2175,"India and South Asia (India, Pakistan, Sri Lanka)",female_feminine,twenties,10,4.39,7
common_voice_en_17747085.mp3,south_asia,"Sorry, I'll explain more when I actually understand what's going on.",522f7b7b88cf0e7e6de2a2b8ba3dd6e0dd88fc32d2c65475c463afa510ef76ef,spk_2176,"India and South Asia (India, Pakistan, Sri Lanka)",male_masculine,twenties,11,4.2,7
common_voice_en_17252771.mp3,south_asia,"""Don't know,"" was the reply.",cadf55ac6ca2325d55422d444812fd720def9d217258878d606ecd28d5318c9b,spk_2179,"India and South Asia (India, Pakistan, Sri Lanka)",female_feminine,teens,5,3.98,7
common_voice_en_628381.mp3,south_asia,We lit the lantern and walked over to his house.,3630f826251dd27139e033e5db63730d2436e26019b7b235e13a6ae725b5a2fd,spk_2184,"India and South Asia (India, Pakistan, Sri Lanka)",male_masculine,twenties,10,4.49,7
common_voice_en_17346248.mp3,south_asia,Do you like contemporary paintings?,bd6085e36f2daa7429d15bf930ff10de2194b2f9a9d9b63d4462fb864408b019,spk_2205,"India and South Asia (India, Pakistan, Sri Lanka)",male_masculine,fourties,5,2.69,8
common_voice_en_18370255.mp3,south_asia,Victoria was born in nineteen-seventy-four.,6daeb59e34ef97723fd1578dba6fa34c51a9ede31bce486d5d474db588999572,spk_2227,"India and South Asia (India, Pakistan, Sri Lanka)",female_feminine,twenties,5,4.42,7
common_voice_en_17925592.mp3,south_asia,We need grain to keep our mules healthy.,312e8b8c44bac7d6d9d69b87f8fc1d851db914250edcc0b6e91816bf20b9a7c1,spk_2250,"India and South Asia (India, Pakistan, Sri Lanka)",male_masculine,teens,8,3.38,7
common_voice_en_17307909.mp3,south_asia,"He grew strawberries, so you would not like it.",b713f85f43d4e8415ca15d9257ad77e7a87211c5fe0215d0036ca392b657aa63,spk_2258,"India and South Asia (India, Pakistan, Sri Lanka)",male_masculine,twenties,9,5.66,7
common_voice_en_669823.mp3,south_asia,The burning fire had been extinguished.,d02aebf2953e417f7d6870a5f6f9ae58cafa4c712fda887e6a90388d57a3df42,spk_2269,"India and South Asia (India, Pakistan, Sri Lanka)",male_masculine,thirties,6,7.18,7
common_voice_en_17623639.mp3,south_asia,"After twelve hours of rowing, Darius climbed out of the canoe, and lied down on the beach to nap.",6177f5429e1b18a4c4de0898f0b179c36445da7f2c7eb2675c711002bfa1f2d8,spk_2271,"India and South Asia (India, Pakistan, Sri Lanka)",male_masculine,fourties,19,7.97,7
common_voice_en_83758.mp3,south_asia,We cannot forget that farce.,20b11a28668ea1f43fba01715d65ce9f6d6ac02d2514640f00f89f3fe4a0452e,spk_2279,"India and South Asia (India, Pakistan, Sri Lanka)",male_masculine,twenties,5,2.62,7
common_voice_en_18493357.mp3,south_asia,How long have you had this bruise?,5e86deebdbbf69a7ec15b26f2992aabfece5693a623f8caac2dbaca87c9c0e33,spk_2281,"India and South Asia (India, Pakistan, Sri Lanka)",male_masculine,twenties,7,3.1,7
common_voice_en_29347.mp3,south_asia,This sapling will once become a giant oak tree.,8241c9a8fc797e308925997c729a600b690ea4766eeeb5d36bcfb4b69b2c5b9e,spk_2307,"India and South Asia (India, Pakistan, Sri Lanka)",female_feminine,fifties,9,5.98,7
common_voice_en_18080471.mp3,south_asia,Maria is bringing her friend Walter.,c469093e9e57260f9169bffd2f8bf6739458544da0bd8d917708c0dcb9c844b4,spk_2309,"India and South Asia (India, Pakistan, Sri Lanka)",,thirties,6,5.18,6
common_voice_en_11832.mp3,south_asia,He heard a muffled grating sound and saw the black mark jerk forward an inch or so.,af1bade7770d20ff14a840631553758ab4282855a1233a66a58f0577b68e5eec,spk_2321,"India and South Asia (India, Pakistan, Sri Lanka)",male_masculine,thirties,17,6.34,7
common_voice_en_581321.mp3,south_asia,A fresh start will work such wonders.,ae4b7b581b9245d573c031e941232c18e238f40ca95a31c741844c7ceac56f5e,spk_2332,"India and South Asia (India, Pakistan, Sri Lanka)",male_masculine,teens,7,4.22,6
common_voice_en_17727275.mp3,south_asia,"The director has a crush on the actress, I think.",80b5eda18fa0f4f6018586204958c2f65f7a4a1a7532c5319e7acdce4cf38b02,spk_2340,"India and South Asia (India, Pakistan, Sri Lanka)",male_masculine,twenties,10,4.68,7
common_voice_en_17857344.mp3,south_asia,Leaves turn brown and yellow in the fall.,9eafd3e8ec7f17187f2329c93c035331950d3b7989f86a0facb8e0a7177675cf,spk_2347,"India and South Asia (India, Pakistan, Sri Lanka)",male_masculine,thirties,8,2.42,8
common_voice_en_17297401.mp3,south_asia,"With her index finger, the little girl pointed to her mum.",b17b5183c2008d026e903d053a49459f0c215492d7db31990c7fe4d34515e9bc,spk_2355,"India and South Asia (India, Pakistan, Sri Lanka)",male_masculine,twenties,11,5.47,7
common_voice_en_17742337.mp3,south_asia,At least twelve scripts were found in this chest.,82a991ecec47a14ba42ec9d3e847ee92e20754f1ef0560ddb8177ae732060a98,spk_2360,"India and South Asia (India, Pakistan, Sri Lanka)",male_masculine,twenties,9,3.94,7
common_voice_en_17294069.mp3,south_asia,"In other words, it's not an open platform.",241854ad104482594533212187290a2328faa2400dedff423bdaeb23135c216f,spk_2370,"India and South Asia (India, Pakistan, Sri Lanka)",male_masculine,,8,3.53,7
common_voice_en_1009487.mp3,south_asia,The problem is that there is no problem when there should have been one.,b7d41bbd9157156c7c46896926dd04e8a0575d9b52e5f749e1722f5ca5fd8599,spk_2371,"India and South Asia (India, Pakistan, Sri Lanka)",female_feminine,teens,14,7.32,6
common_voice_en_17248676.mp3,south_asia,What can I do?,7b71ac6887edcb9d412afac4c6740901b0f6098a7fc6e5646ace8c58e8b0e76b,spk_2387,"India and South Asia (India, Pakistan, Sri Lanka)",male_masculine,twenties,4,2.57,7
common_voice_en_17870238.mp3,south_asia,That's not exactly a widely used piece of software.,4ba9f5934a73c81f9c3a251ce58f8cebad06c4abb99c49b3a6cd381f2f89d757,spk_2394,"India and South Asia (India, Pakistan, Sri Lanka)",male_masculine,twenties,9,3.62,7
common_voice_en_17990754.mp3,south_asia,"To escape from the smoke, and fall into the fire.",f41cea74707702d701cd02173c9146276d71524a9fecb8941c870266ba6d040f,spk_2412,"India and South Asia (India, Pakistan, Sri Lanka)",male_masculine,twenties,10,3.7,7
common_voice_en_17779746.mp3,south_asia,There's nothing else for it.,5250fabdf628c991519134484f4440db04a52ffb9314e93a4ff1e0f642ffdf84,spk_2422,"India and South Asia (India, Pakistan, Sri Lanka)",male_masculine,twenties,5,3.62,7
common_voice_en_76384.mp3,south_asia,Maybe he should not call people names that they don't want to be called.,341872470dae2316d56b1a70075069cfd7952aed4600263854a2fc240b0ff353,spk_2437,"India and South Asia (India, Pakistan, Sri Lanka)",male_masculine,twenties,14,4.46,7
common_voice_en_118597.mp3,south_asia,"I pointed out Mars, a bright dot of light.",440213073d379c888c504faa4f3e1348365c7b4be74923763cdeac9d2a201757,spk_2440,"India and South Asia (India, Pakistan, Sri Lanka)",male_masculine,fourties,9,4.82,7
common_voice_en_17330229.mp3,south_asia,"At first, studying correlation in graphs is tough for me.",426b1baca2b9191317128a083be930357f226debf8b75c3cc5b7a684a555a571,spk_2450,"India and South Asia (India, Pakistan, Sri Lanka)",male_masculine,twenties,10,5.62,7
common_voice_en_79250.mp3,south_asia,"They looked for the fallen mass, but found nothing.",4f6c30a437a6dd0f5b1d4a397a8684215d3aeffa90700df24443676c1a7dec39,spk_2467,"India and South Asia (India, Pakistan, Sri Lanka)",male_masculine,twenties,9,7.27,7
common_voice_en_17825066.mp3,south_asia,Please send log information using the standard system module.,a6d3bc2aae50820290b28cbd6b2e181975e3ebd6b19d9b229e7194bb0c21d35e,spk_2470,"India and South Asia (India, Pakistan, Sri Lanka)",female_feminine,twenties,9,4.18,7
common_voice_en_11189.mp3,south_asia,"Among these people were a couple of cyclists, a gardener I employed sometimes, and a girl carrying a baby.",efc5c6e0868be6056a7b5cf5bc139fc7a40552928746ae2efb9b7cbec2bb8c16,spk_2472,"India and South Asia (India, Pakistan, Sri Lanka)",male_masculine,thirties,19,7.7,7
common_voice_en_517796.mp3,south_asia,"Revenge is not my style, but obviously accidents will happen.",2e1bdbd9babc1eaf56f7f1c3fa59cba71b92f86299c3b6568559abab303df76a,spk_2478,"India and South Asia (India, Pakistan, Sri Lanka)",male_masculine,twenties,10,6.02,7
common_voice_en_17417282.mp3,south_asia,Does this mean he will go to jail?,7ec25cfa7ebb1803f762090c27a089fee6166c1d561e4f47b50a4921f12c9a87,spk_2489,"India and South Asia (India, Pakistan, Sri Lanka)",male_masculine,twenties,8,2.9,7
common_voice_en_17330822.mp3,south_asia,What are you up to?,cee1b8dfd7ac846fc575925014e62cc8d2d2904d4880bfd46c6c5fc911481655,spk_2509,"India and South Asia (India, Pakistan, Sri Lanka)",male_masculine,twenties,5,2.69,7
common_voice_en_18075518.mp3,south_asia,Overhead projectors were popular in the twentieth century.,78aefd12d2b45ca85234ed2bb04f8442bfea949a3e4d35043bd810e85583bf59,spk_2526,"India and South Asia (India, Pakistan, Sri Lanka)",male_masculine,twenties,8,4.92,7
common_voice_en_81074.mp3,south_asia,or a man into the wind.,92f7ffd7665e5e85ecb05b967bea17b40f0253f44059224edf65f2de07d291aa,spk_2529,"India and South Asia (India, Pakistan, Sri Lanka)",female_feminine,thirties,6,3.46,7
common_voice_en_17306137.mp3,south_asia,"The penguin waddles across the ice, joining her companions.",84cc92d6222f23934977aacf406428ba7a663bf0c9437324939e118698cb596d,spk_2545,"India and South Asia (India, Pakistan, Sri Lanka)",male_masculine,thirties,9,6.34,7
common_voice_en_220679.mp3,south_asia,I SHALL MAKE US SOME ICE CUBES.,0f6dc3736b36defa01fe539f2615f859dd332146153361b1bebc690e5b2499b6,spk_2552,"India and South Asia (India, Pakistan, Sri Lanka)",male_masculine,twenties,7,3.5,7
common_voice_en_18212553.mp3,south_asia,"It's a long way to Tipperary, it's a long way to go!",8d7f09c46c87df28a8d0fdb56a3bc98b1de9f7cf3935c3d17092365389b5c6c6,spk_2561,"India and South Asia (India, Pakistan, Sri Lanka)",male_masculine,teens,12,4.2,7
common_voice_en_57163.mp3,south_asia,The houses were squashed together like sardines.,cdcc1fc262caa2aefdb12e92f04b061acfdb3e9826c6b845ba2340ba5132cf01,spk_2566,"India and South Asia (India, Pakistan, Sri Lanka)",male_masculine,twenties,7,4.87,7
common_voice_en_17377869.mp3,south_asia,Do you understand me?,386d2492c85df5b327556db78e16c2a7b25e2f27425ac606998730625d2effaa,spk_2588,"India and South Asia (India, Pakistan, Sri Lanka)",male_masculine,twenties,4,4.94,7
common_voice_en_654778.mp3,south_asia,"Why the shots stopped after the tenth, no one on earth has tried to explain.",481e098b19bdd2e8e449d1fc9a9b2badfe636eadaaf27f1b04f42f4352f59660,spk_2593,"India and South Asia (India, Pakistan, Sri Lanka)",female_feminine,twenties,15,6.62,7
common_voice_en_17893762.mp3,south_asia,Mrs. wife lady Miss,b7ffa7fb2627031faa03077bf84bab914aa3f8f0e5de635af0225f5b5896b192,spk_2594,"India and South Asia (India, Pakistan, Sri Lanka)",male_masculine,twenties,4,2.5,7
common_voice_en_119003.mp3,south_asia,It must have fallen while I was sitting over there.,834b8492265abdcf7f0479d7f8813181599edea5b4633f9ecc2ab2834deb0186,spk_2604,"India and South Asia (India, Pakistan, Sri Lanka)",male_masculine,twenties,10,3.12,7
common_voice_en_561292.mp3,south_asia,Why didn't you phone me up?,265850c8925d2639c7fe7947c9aa53a7a40c7c65bbdc131f776d62d81b6cd724,spk_2606,"India and South Asia (India, Pakistan, Sri Lanka)",male_masculine,thirties,6,2.9,7
common_voice_en_17966324.mp3,south_asia,"Like master, like man.",fbb8844bef32f3f0d69e2e28b636e9d30cb497e170834736335dea909b042c76,spk_2607,"India and South Asia (India, Pakistan, Sri Lanka)",male_masculine,thirties,4,3.53,7
common_voice_en_17619763.mp3,south_asia,"Moreover, I won't be needed for the next two days.",d9d112372b1509a14ca126a2b8a8edc9ce8657362e7252aeb99d988b10b85630,spk_2623,"India and South Asia (India, Pakistan, Sri Lanka)",male_masculine,twenties,10,4.08,7
common_voice_en_495756.mp3,south_asia,"Besides that, there was a heap of bicycles.",efd828b07bc69a5bb6cee62165a648989c9177629cb1058177a66e2de2e4e18a,spk_2626,"India and South Asia (India, Pakistan, Sri Lanka)",male_masculine,twenties,8,2.4,7
common_voice_en_17413307.mp3,south_asia,"Tyler, Lucy, Michelle, we're going to space!",13371a1705ab6913ea0c7f05e7f3ac9a29d5491dd96563ea5aaa17e78b41743c,spk_2628,"India and South Asia (India, Pakistan, Sri Lanka)",male_masculine,fourties,7,5.98,7
common_voice_en_18231261.mp3,south_asia,This was your plan?,6f7aaf9f4873cf776029944e6858a3a73e444717f5b8672f3ce7c8bb89b22c14,spk_2633,"India and South Asia (India, Pakistan, Sri Lanka)",male_masculine,twenties,4,2.86,7
common_voice_en_17269698.mp3,south_asia,What is he like?,aadbe8a42e19d0c0df0dcff4e008adc3,spk_2636,"India and South Asia (India, Pakistan, Sri Lanka)",male_masculine,twenties,4,2.74,6
common_voice_en_17258440.mp3,south_asia,"Due to the lack of a bug bounty program, Johanna decided to sell her exploit on the black market.",6d929c92a98f20912794281a8945196b,spk_2637,"India and South Asia (India, Pakistan, Sri Lanka)",male_masculine,twenties,19,7.54,6
common_voice_en_17894050.mp3,south_asia,"Look John, I just cannot support that.",111fabddc94979b5d47cc618386b4032af03b6817a459d2e1a22eaebb62199e7,spk_2638,"India and South Asia (India, Pakistan, Sri Lanka)",male_masculine,twenties,7,2.86,7
common_voice_en_17442479.mp3,south_asia,What makes you think I'd answer you?,c423f22b4bf67c06265e1ccfafcadfe5d4fbec5d431afc3fdf175f9c071716a0,spk_2641,"India and South Asia (India, Pakistan, Sri Lanka)",male_masculine,twenties,7,3.24,7
common_voice_en_15154.mp3,south_asia,"""And I'm certain you'll find it,"" the alchemist said.",71bc63cf8b59e1457492d5c9ff2c125759c321e516710c89f18d30a8ebca90e7,spk_2644,"India and South Asia (India, Pakistan, Sri Lanka)",male_masculine,twenties,9,4.06,6
common_voice_en_17858633.mp3,south_asia,What do you want me to say?,a7f3afa10ae6d5322e53245596b26991d6a250af9dc14e95413f0b2a5efb4c88,spk_2645,"India and South Asia (India, Pakistan, Sri Lanka)",male_masculine,twenties,7,3.74,7
common_voice_en_62210.mp3,south_asia,You can't believe it's not butter?,67bd7f45eabb951c741d6c9abcf2d24dc79249d05c9dce0dd8654623a3b4a7e5,spk_2648,"India and South Asia (India, Pakistan, Sri Lanka)",male_masculine,teens,6,3.58,7
common_voice_en_18365138.mp3,south_asia,"It is a magical world filled with elves, dwarves, and dragons.",c4cbecbb78bd60e0e3cecd7baf0d7858f97dd7a20ebe291ecd0c73f532bf044e,spk_2658,"India and South Asia (India, Pakistan, Sri Lanka)",male_masculine,fifties,11,6.89,6
common_voice_en_17868866.mp3,south_asia,What does he look like?,76c7feffd583cf5552d8109377409f3cbbc05cb779b02b9fbcac946f9c76a608,spk_2666,"India and South Asia (India, Pakistan, Sri Lanka)",male_masculine,thirties,5,2.76,8
common_voice_en_17309045.mp3,south_asia,"I'm not hungry, I'm starving.",e4906012d71efac8ee673349f4b233ae2c684460174b42ad277b1c6cfb3d1b30,spk_2669,"India and South Asia (India, Pakistan, Sri Lanka)",female_feminine,twenties,5,3.74,8
common_voice_en_212916.mp3,south_asia,The serpent relaxed immediately.,4071d26ff627ce587bab686ab25e883d1fa8479692702e7ab17b3c8930882852,spk_2705,"India and South Asia (India, Pakistan, Sri Lanka)",male_masculine,twenties,4,3.62,7
common_voice_en_120036.mp3,south_asia,"""You gave them everything I had!"" the boy said.",6c935d6661c9e2c759572514ff5dc5fa37a186d62921e07ae896ee6f7b793c13,spk_2707,"India and South Asia (India, Pakistan, Sri Lanka)",male_masculine,thirties,9,3.74,7
common_voice_en_17986245.mp3,south_asia,A force equal to that would move the earth.,16e944b6896e79974ec182dcfd47c98e8f7017dc3e0fd44985e9a27f03154f72,spk_2723,"India and South Asia (India, Pakistan, Sri Lanka)",male_masculine,twenties,9,3.55,7
common_voice_en_17286673.mp3,south_asia,"Speedbird niner, turn left heading two seven zero, climb and maintain flight level three five.",04c4f546e9345eb8adc1624a0ff4ba15,spk_2727,"India and South Asia (India, Pakistan, Sri Lanka)",male_masculine,twenties,15,6.74,7
common_voice_en_602965.mp3,south_asia,We tried to replace the coin but failed.,88be967cbb520b5eeb881c2987927cdb0dc60bd10c47a77da2c8ce39a64fd3ef,spk_2729,"India and South Asia (India, Pakistan, Sri Lanka)",male_masculine,twenties,8,3.14,6
common_voice_en_17461229.mp3,south_asia,"It was sprayed in red, with yellow edges.",b338e4a5fbd9f15dd5c10e38ea2e331bbdf64a333a7e2a76731ac3884cd87e80,spk_2737,"India and South Asia (India, Pakistan, Sri Lanka)",male_masculine,twenties,8,3.67,7
common_voice_en_17764843.mp3,south_asia,Do unto others as you would have them do to you.,164d56c318bbae35b7b1589291d1b744298dc480ed075011c7d82317873fc18b,spk_2748,"India and South Asia (India, Pakistan, Sri Lanka)",male_masculine,teens,11,5.33,7
common_voice_en_17342920.mp3,south_asia,What joy there is in living?,c601ef359df60891efcd292c5876e9d224531b80ec32821c8c06dcd738642cdb,spk_2749,"India and South Asia (India, Pakistan, Sri Lanka)",male_masculine,twenties,6,2.98,8
common_voice_en_17923531.mp3,south_asia,"What is it, dear?",aff6b8325373465b269dc9f51dc6273524190dfbadfa6bce5f07176d7f19a3d9,spk_2751,"India and South Asia (India, Pakistan, Sri Lanka)",male_masculine,thirties,4,2.66,7
common_voice_en_649354.mp3,south_asia,"The horseman was completely immobile, as was the boy.",32128bc7d6fe039a44e29b82f6e4e92a9c65cf74826aff2ccb67984cc71b4f6a,spk_2754,"India and South Asia (India, Pakistan, Sri Lanka)",male_masculine,,9,4.46,7
common_voice_en_17718565.mp3,south_asia,Tell me about it.,d9447b89c4b79b33308b426b3c600bc59fab3855c7591517982122faccb0f220,spk_2763,"India and South Asia (India, Pakistan, Sri Lanka)",male_masculine,twenties,4,1.32,7
common_voice_en_17459081.mp3,south_asia,"I'll be travelling home on Saturday, so probably I won't get anything done then.",51151440003588cb0629631d02f5ad8b19d4a4b6b209e4464fdd9f0d93829657,spk_2764,"India and South Asia (India, Pakistan, Sri Lanka)",male_masculine,twenties,14,7.46,7
common_voice_en_17533885.mp3,south_asia,"When a fox hears a rabbit screaming it comes running, but not to help.",641fc6dc21c807cbbfa07b269e079b5c57d947feb0b14d8d0c35f5adc9ddf4ca,spk_2774,"India and South Asia (India, Pakistan, Sri Lanka)",female_feminine,twenties,14,8.04,7
common_voice_en_18027136.mp3,south_asia,What is she to do?,b1afd1aa3d170cea43d6de8fd436d25706f8ac965c5a70fcf5396b29279dfdf5,spk_2792,"India and South Asia (India, Pakistan, Sri Lanka)",male_masculine,twenties,5,2.3,6
common_voice_en_17457166.mp3,south_asia,Was it a good idea?,716bf4174a2f3a6684e55e852525acf546484d753756011d689faa01d3ccb7e5,spk_2804,"India and South Asia (India, Pakistan, Sri Lanka)",male_masculine,fourties,5,3.0,8
common_voice_en_17816634.mp3,south_asia,"""Here, let me show you,"" said Ann.",df87f67c534ef15870d155e3faa63e49f1240c9e496fa4dbff12d5e842895341,spk_2851,"India and South Asia (India, Pakistan, Sri Lanka)",male_masculine,twenties,7,3.91,7
common_voice_en_17319992.mp3,south_asia,"Well, what is it?",d8df58d6c66a2988bc5148acc4bbb187520786b6cea3ae3f79eabd29e6de0e51,spk_2859,"India and South Asia (India, Pakistan, Sri Lanka)",male_masculine,twenties,4,2.66,8
common_voice_en_581994.mp3,south_asia,"I didn't find the blow-dryer, so I just used the vacuum-cleaner.",d5f867d87a06db9e8c35f7a37690d9739982ad6d91bf39598bea70f08960d492,spk_2860,"India and South Asia (India, Pakistan, Sri Lanka)",male_masculine,twenties,11,4.22,7
common_voice_en_535186.mp3,south_asia,He approached the mass and was surprised at the size and the shape.,bfe003f640299f4f6af00c8ab1615e9298599a396241052cd79b9f6b24454600,spk_2874,"India and South Asia (India, Pakistan, Sri Lanka)",male_masculine,thirties,13,4.75,7
common_voice_en_18324720.mp3,south_asia,Is it raining right now?,d13c4bee3e7dfaf9f2e5d8aa4d27f584910a2aa9a3a0622507a23f3908980c7f,spk_2881,"India and South Asia (India, Pakistan, Sri Lanka)",male_masculine,fourties,5,3.12,7
common_voice_en_522171.mp3,south_asia,He slipped on the stairs.,490bcb1de560a707dcf9aa2e58d9dc5fabbe2ca0e70dfd6526df03a853594397,spk_2890,"India and South Asia (India, Pakistan, Sri Lanka)",male_masculine,twenties,5,3.14,6
common_voice_en_17717204.mp3,south_asia,How do you do?,968256cde5c9544f3677abba3be76d69ece8a9b91bfbc25742634426895e6887,spk_2899,"India and South Asia (India, Pakistan, Sri Lanka)",male_masculine,twenties,4,1.94,7
common_voice_en_18636.mp3,south_asia,"Then he dropped his spade, picked up his jacket, and came out into the road.",2b2d5f09de608c6f90d1986563f836e819575367b26ecf46f7aacddc4ee5d1cc,spk_2902,"India and South Asia (India, Pakistan, Sri Lanka)",,twenties,15,6.02,7
common_voice_en_18361160.mp3,south_asia,Where are you from?,072b3f09b47bab5ec1ca180679b11962ceb967d9ec981e5689784d836189438c,spk_2908,"India and South Asia (India, Pakistan, Sri Lanka)",,,4,2.23,6
common_voice_en_17392863.mp3,southeast_asia,"Glass eel is on the menu today, but it's too expensive.",35e3e598d1b30f62ffa7db535048fd62236f4b5c2666af049bbb471eb1eb931d,spk_0017,Singaporean English,male_masculine,twenties,11,5.04,7
common_voice_en_17392866.mp3,southeast_asia,"He could have sworn the shadow moved but he kept his eyes fixed on the table, his grip tightening on his cutlery.",14362d8a9da0bc60c0d5f37f7db30f26d6bd2374ae4ff68efb44d8155bd82b78,spk_0017,Singaporean English,male_masculine,twenties,22,8.06,7
common_voice_en_36827089.mp3,southeast_asia,"The open-chain form, however, does not crystallize.",cb9f710d58a25bf6e023f3acda9a62df19aec046e29802f5e87bd088f3774504,spk_0025,Filipino,,,7,6.37,1
common_voice_en_38634410.mp3,southeast_asia,Lord Kingsdown funded the Kingsdown Church.,dd04f23e77fa508fc10e335ab4b38116ad1e9aee654c85dccb98e0200c417997,spk_0028,Malaysian English,,,6,6.16,1
common_voice_en_42583.mp3,southeast_asia,"His heart was heavy, and he had been melancholy since the previous night.",7f946993a434bc9cbed7f1910dbbb55b88124a115d8f67e20dda27b387e4e8eb,spk_0035,Filipino,female_feminine,thirties,13,5.45,7
common_voice_en_18515973.mp3,southeast_asia,"I think the party was an amusement for most of the guests, but Mirco felt really out of place.",2ecb8a661524457262747d4244377e540394387279f3cb853f9337df5b5e5a26,spk_0043,Singaporean English,male_masculine,twenties,19,7.63,7
common_voice_en_17528595.mp3,southeast_asia,"He kept driving at full speed, totally unfazed by the flap, flap, flap of the burst tyre.",4f1a478aeb93f711e4262ef1e5f5c1e8f362f63e69e7b4006df1a986cf8d8892,spk_0046,Filipino,male_masculine,thirties,17,7.58,7
common_voice_en_17528597.mp3,southeast_asia,Do male kangaroos have a pouch?,886d03cff9c2ec585f1304bd0c66d85e1008a7b2601a56a65cacb172fd9559c5,spk_0046,Filipino,male_masculine,thirties,6,4.03,7
common_voice_en_18012387.mp3,southeast_asia,That's not exactly a widely used piece of software.,4ba9f5934a73c81f9c3a251ce58f8cebad06c4abb99c49b3a6cd381f2f89d757,spk_0065,Filipino,male_masculine,twenties,9,4.75,7
common_voice_en_18012430.mp3,southeast_asia,A lame back kept his score low.,2c145ead2c6fa7469877fa8546b966d36f8f8a6bde17efe4309161660b611b57,spk_0065,Filipino,male_masculine,twenties,7,3.17,7
common_voice_en_19734817.mp3,southeast_asia,"Is the same work amplified later with the title of ""Europa portuguesa"".",21c3830c7679329ffba72ea584781faf0d32113b129bf21c5839194c4047ea90,spk_0084,Filipino,male_masculine,teens,12,6.77,1
common_voice_en_28884016.mp3,southeast_asia,"Once recruited, the general will no longer be encountered in random battles.",be263b0bdf717745e524c861f93b6a19f1a3f7324d5876a0e590d785ca9cb52b,spk_0097,Filipino,male_masculine,thirties,12,8.24,1
common_voice_en_18714927.mp3,southeast_asia,"Without access to the grazing and timbering lands, many residents sought work outside Mora.",01f95e4d8a1a41a3738dcff142187c5c65eea604734323f1f93a526563e2e684,spk_0120,Filipino,male_masculine,teens,14,7.06,2
common_voice_en_598980.mp3,southeast_asia,We lit the lantern and walked over to his house.,3630f826251dd27139e033e5db63730d2436e26019b7b235e13a6ae725b5a2fd,spk_0124,Singaporean English,female_feminine,thirties,10,5.28,7
common_voice_en_599002.mp3,southeast_asia,It seemed to him that it fell to earth about one hundred miles east of here.,e6f6cd0374f5236f15d55671f6c9b89485754f5d3323ef1d86f7cfe942c992e6,spk_0124,Singaporean English,female_feminine,thirties,16,6.12,7
common_voice_en_32644375.mp3,southeast_asia,It is native to Colombia and Peru.,8b712f6a83133015055967d356d88fe02e6cb8562a75c6f90fc5d00bdc30ee28,spk_0152,Malaysian English,male_masculine,thirties,7,4.1,2
common_voice_en_187059.mp3,southeast_asia,Young boy running outside on the pavement.,045a6bc7a3c48baf146dc3fd1a882496668d34a48656bc4e5fb1eb39cb0d2d3e,spk_0163,Filipino,male_masculine,teens,7,5.42,1
common_voice_en_114765.mp3,southeast_asia,Only you expected it to be like other marriages.,74f0968357bd0abd1f53194693acb3bf8f9d78fef1c1294d4b197b120346d48f,spk_0168,Singaporean English,male_masculine,teens,9,4.61,6
common_voice_en_26254518.mp3,southeast_asia,"Coming from a large but not very religious family, she has six brothers and sisters.",0cc7a374af5249068607b4b6e22ed902a890ea8ec1a4371c5f8da6a82bdfc082,spk_0179,Singaporean English,,,15,6.84,1
common_voice_en_37654589.mp3,southeast_asia,Later they were thought to be deposits of volcanic ash or streaks of dust.,d05c0718f0d822c3b934212e8bf4ba895d3c3c5dd7afaebeb11b6737d84f1cd1,spk_0181,Filipino,,,14,6.16,1
common_voice_en_19802553.mp3,southeast_asia,The Hindu Zunbils were also located here.,250805f9d44532f4c4a541ad1dd7a295276aabfed5732b14606d5f631d97c5d2,spk_0224,Malaysian English,male_masculine,twenties,7,5.5,1
common_voice_en_500297.mp3,southeast_asia,What had been next to him five minutes ago was now at the other side.,06cbe924f3a3728aa4c966e01777f01783fdeb9f0b9b2597e5196744bd3c341a,spk_0226,Filipino,female_feminine,thirties,15,7.03,6
common_voice_en_15734.mp3,southeast_asia,"When I have read a million of these sentences, I am going to apply as a professional narrator.",df79f4690ed1ed0c74378db82e8fde8bf79c4155d19c66a4f83815aa518aebf6,spk_0241,Filipino,female_feminine,twenties,18,5.86,7
common_voice_en_17453341.mp3,southeast_asia,Victoria was born in nineteen-seventy-four.,6daeb59e34ef97723fd1578dba6fa34c51a9ede31bce486d5d474db588999572,spk_0241,Filipino,female_feminine,twenties,5,3.1,7
common_voice_en_22975072.mp3,southeast_asia,An extended-release enteral solution is sold as Duopa.,6740d3f4ec10e9d473713c650ef4ce463fa74345c50161b65048facbdd350ab4,spk_0246,Malaysian English,male_masculine,twenties,8,5.74,1
common_voice_en_31267931.mp3,southeast_asia,Robin Cole and Dave Green were the team captains.,43f078aab3a8867be07e4f4a2a6b15f41bd1765568ee452f5c898bdf143b2e41,spk_0255,Malaysian English,female_feminine,teens,9,4.79,1
common_voice_en_26614485.mp3,southeast_asia,You've known us all along.,9a2a1bb7c9e40ca871a7c156fc97b4b356b8e7543ffd1c0a865d6bdaac981cfe,spk_0270,Filipino,,,5,3.24,1
common_voice_en_116214.mp3,southeast_asia,"The horseman was completely immobile, as was the boy.",32128bc7d6fe039a44e29b82f6e4e92a9c65cf74826aff2ccb67984cc71b4f6a,spk_0276,Filipino,male_masculine,twenties,9,4.1,7
common_voice_en_116218.mp3,southeast_asia,The top of the cylinder was rotating on its body.,d7ccd1b522cdf177a2a09876335d3c8bcefad2c8e86e169d552dd55d7de49e4a,spk_0276,Filipino,male_masculine,twenties,10,4.22,7
common_voice_en_37498925.mp3,southeast_asia,"While at Georgia Tech, Amelio was a member of the Pi Kappa Alpha Fraternity.",cfad0b1786173ba2c56afa493dea5771940f1657a3ca97479e90ecbc4cdbc9a3,spk_0289,Malaysian English,,,14,7.42,1
common_voice_en_37444177.mp3,southeast_asia,"Each title was prefixed with the words ""Portrait of"".",cf5882c1340c76748ab37c38c42ca49161c300651f646ddd876c542f0fc3ba03,spk_0291,Filipino,male_masculine,fourties,9,5.26,1
common_voice_en_37647488.mp3,southeast_asia,He studied in Europe at Heidelberg and Freiburg.,d0629219db9f8f927192d02aed8c8f08c5db5c6583219865c7cdc83430dcd103,spk_0294,Malaysian English,male_masculine,twenties,8,4.86,1
common_voice_en_662363.mp3,southeast_asia,Absolutely despicable that gingerbread men are forced to live in houses made of their own flesh.,b47a7ed9ae7d6389db2e471ff466ca22b4fd3d135bfad0097176f520f0f6047b,spk_0301,Filipino,female_feminine,thirties,16,6.34,7
common_voice_en_636887.mp3,southeast_asia,I found a little crowd of about twenty people surrounding the huge hole.,3bc45fc5762049fc35459b7bf2b70ab36b9622237a88f7b9b105e0a778341446,spk_0311,Singaporean English,female_feminine,twenties,13,6.34,7
common_voice_en_17874686.mp3,southeast_asia,"""You're a good lad, you know?"" he told his son with stern eyes.",557507b3bbfa51ca85556bcd011be8b5e882cb428b0020d88474665e217989a6,spk_0321,Filipino,male_masculine,fourties,13,6.74,7
common_voice_en_573066.mp3,southeast_asia,"They looked for the fallen mass, but found nothing.",4f6c30a437a6dd0f5b1d4a397a8684215d3aeffa90700df24443676c1a7dec39,spk_0332,Singaporean English,female_feminine,fourties,9,5.09,7
common_voice_en_573078.mp3,southeast_asia,But that was simply because my eye was tired.,dd26f93c2701750c6d3fd3f49bf7276781f7d663e8c0bc0a4fdf315a99a07874,spk_0332,Singaporean English,female_feminine,fourties,9,5.54,7
common_voice_en_17329575.mp3,southeast_asia,"He sent the figs, but kept the ripe cherries.",491f276007ac405bd20c1c65bec2abad4b794bb39bd8e259fe71936cf0a9dedf,spk_0333,Filipino,female_feminine,twenties,9,6.84,7
common_voice_en_17329577.mp3,southeast_asia,Is it not so?,0ee5c0434a3462bcb1eef3883e4342b4820ef90fb25156621db967a38ee6fffa,spk_0333,Filipino,female_feminine,twenties,4,4.44,7
common_voice_en_556740.mp3,southeast_asia,I heard a peculiar humming sound from the pit.,9b6b4ecf78b2f72ac4881a684b90fa856f66685aa04f2969c927bd9855effe19,spk_0341,Singaporean English,male_masculine,twenties,9,4.82,7
common_voice_en_19983800.mp3,southeast_asia,Land was granted to Colonel Stone for use as a mill site.,2bacf7b3288001d0bb2b44d7c93d1a3411809ebadc79ed6f15dba200a3f4aac5,spk_0343,Filipino,male_masculine,teens,12,5.47,1
common_voice_en_37213325.mp3,southeast_asia,There is also the City Island Seaside Trolley run by the Bronx Tourism Council.,cdd42dddbc4f69f807646563009e581e10c2609d3e60df36c00bc51b7d9b8c4a,spk_0345,Singaporean English,,,14,6.41,1
common_voice_en_656454.mp3,southeast_asia,"On the third day, the chief met with his officers.",18c9512484029f01f1efbd80d856381de4c6f028167d34db66a06d67b91bd4f0,spk_0347,Malaysian English,male_masculine,thirties,10,4.9,7
common_voice_en_656474.mp3,southeast_asia,He just got a new kite for his birthday.,d2c63fe1aa0eb86b68ac4f03353ce223d0edba17a525b68bb1b97d7dfd4a92bb,spk_0347,Malaysian English,male_masculine,thirties,9,5.18,7
common_voice_en_19120808.mp3,southeast_asia,Longtime white residents also tried to force the poor black residents out of town.,0ee4a644fb7957f2bb7757dadd4c898889021c413b2cacdf75c7ccc54fe7cf75,spk_0350,Malaysian English,male_masculine,twenties,14,9.94,1
common_voice_en_21216752.mp3,southeast_asia,"However, Karl Weierstrass found that this principle was not universally valid.",4a3715219a57ef384d81c178939e8c975ec28fb521599b1438b3f733a5445560,spk_0353,Filipino,male_masculine,twenties,11,5.66,2
common_voice_en_19641956.mp3,southeast_asia,The match was being hyped as The Real Cane versus Gunn Match.,1c807ecadc570f180360a5e1cf3b1cedcfa70c9b328750e482243a6bdfde68a5,spk_0366,Malaysian English,female_feminine,twenties,12,7.46,1
common_voice_en_36717377.mp3,southeast_asia,"Lazarus was born in Queanbeyan, New South Wales.",cacf6fa1e9f5f6f9ab3d3082cf3121c674a605594ca4beef940e51d902439700,spk_0393,Malaysian English,,,8,6.12,1
common_voice_en_27653452.mp3,southeast_asia,This notion includes mapping class groups via their actions on curve complexes.,b159987a9b7e716286803c40b5332bc5dd7a70e943f1c310c0e38a7d2b44a9e7,spk_0394,Filipino,male_masculine,fourties,12,6.84,1
common_voice_en_21574054.mp3,southeast_asia,"She was brought to the Namagbagan church, and returned to the present site.",5086a0aa519c3854ff876c3e0ec7b96c4ac112911b282c1321caf1a674582aa4,spk_0400,Malaysian English,male_masculine,twenties,13,8.9,1
common_voice_en_30572163.mp3,southeast_asia,She is from Uzhgorod.,2716652fcc01a9b995c9c0c2d46cdd0f2bcc37113270cfe1aab387ea3f20c04e,spk_0403,Singaporean English,,,4,4.82,1
common_voice_en_26285213.mp3,southeast_asia,He may be an agreeable flirt.,389d4339a0bac3d8c5c0f10ba516295644e0bd65599e686557620ebd199ef56f,spk_0412,Filipino,male_masculine,thirties,6,4.18,2
common_voice_en_18730154.mp3,southeast_asia,She is a member of the Playwrights Guild of Canada.,02a421d4fe53713fb333cd92538b7e434646c31230b9511432af7466edcbebb8,spk_0419,Filipino,female_feminine,twenties,10,4.8,1
common_voice_en_17256419.mp3,southeast_asia,"Great, can you show them to me?",1d24e169ef78fd1e4a92c8152d2ecfab,spk_0432,Filipino,female_feminine,twenties,7,3.14,6
common_voice_en_17304420.mp3,southeast_asia,Was it a good idea?,716bf4174a2f3a6684e55e852525acf546484d753756011d689faa01d3ccb7e5,spk_0433,Singaporean English,male_masculine,thirties,5,3.46,8
common_voice_en_17304422.mp3,southeast_asia,"Ladies and gentlemen, this is your captain speaking.",bf0d475b89df9ec633b3eb1368f63ea418eea4c06190e8c27711f395a9015297,spk_0433,Singaporean English,male_masculine,thirties,8,5.86,7
common_voice_en_17641466.mp3,southeast_asia,"After the dictator's rule of forty three years was over, the country was devastated.",3102c759e00e865c3b356de375cc2a08bf95f162a32e03feb5c92635a16f9ece,spk_0443,Filipino,female_feminine,twenties,14,7.1,7
common_voice_en_17641467.mp3,southeast_asia,"Guys, homophobia isn't tolerated in this office.",527b10447e304d3f160dda66850c1d89be49cd671359ecb199663bda63d17102,spk_0443,Filipino,female_feminine,twenties,7,8.42,7
common_voice_en_19596930.mp3,southeast_asia,Their presence was necessary because of strong civil unrest in the area.,1a362a7df4af3fb3e790ce569a7d33d21479d45abd17ac7990bbaf8b9e93fc39,spk_0446,Filipino,female_feminine,fifties,12,8.62,1
common_voice_en_20837540.mp3,southeast_asia,"One evening, Pencroff is offered some coffee by his friends.",42d9e915253dc030da836f32089ed84ede4b5519e50491b4df3d41f7c124a274,spk_0448,Filipino,female_feminine,twenties,10,7.22,1
common_voice_en_17147873.mp3,southeast_asia,The brass lamp had been disturbed.,7bfb6869890b11401dacc4bc28cc351ec7e710d5d5f0ab61c14da3ac8f8780da,spk_0451,Filipino,male_masculine,thirties,6,3.43,7
common_voice_en_18089756.mp3,southeast_asia,"In fact, this view is still present in many outdated teaching materials.",56c4217cf038e64afda9947b5abfafa484c0b096a7b388634a967687ac267219,spk_0463,Malaysian English,male_masculine,twenties,12,6.72,7
common_voice_en_17289799.mp3,southeast_asia,How did you know that?,09aa8cc0126cda88b37aabb838a199c0d513721537d3ba021d9d71882971df9c,spk_0468,Malaysian English,male_masculine,twenties,5,2.98,7
common_voice_en_17289830.mp3,southeast_asia,"Even the weak, when united, become powerful.",4c0ba81fc78a6b0cacc2a2d47fc19508136db851f9bbaa7b18f57487d84a9d9d,spk_0468,Malaysian English,male_masculine,twenties,7,4.18,8
common_voice_en_37911731.mp3,southeast_asia,The case-control is a type of epidemiological observational study.,d21bad9d20887fd37dcc5e2e7114a490d21a6f3cae974dfffe3b301de41e3a7e,spk_0485,Malaysian English,,,9,7.06,1
common_voice_en_1639339.mp3,southeast_asia,We need grain to keep our mules healthy.,312e8b8c44bac7d6d9d69b87f8fc1d851db914250edcc0b6e91816bf20b9a7c1,spk_0487,Malaysian English,male_masculine,twenties,8,4.08,7
common_voice_en_27392191.mp3,southeast_asia,"Through superior mission execution in adverse weather, ""Healy"" exceeded expectations significantly.",aabbbb5378477325724080f7f50a99f9650de7d652541bc9b4a64b1ceb0f0e84,spk_0490,Singaporean English,male_masculine,twenties,11,7.31,2
common_voice_en_19684150.mp3,southeast_asia,City council refused to get involved and the proposal eventually died.,1eb19bf24dfe0c635a30cbe58beceb9873cea0a52937e9b46fd397a35eb81048,spk_0495,Filipino,female_feminine,thirties,11,7.82,2
common_voice_en_598959.mp3,southeast_asia,But bakers are more important people than shepherds.,ae994c8308e38af8c6642c2d2b5e56211107eb027d5a5f138bfa793d85968a42,spk_0498,Filipino,male_masculine,fourties,8,4.75,7
common_voice_en_598970.mp3,southeast_asia,"But before I go, I want to tell you a little story.",f911c54ac46d866b98aae227369ec89b0194f051a6cc1c8a203d85eea6fe404f,spk_0498,Filipino,male_masculine,fourties,12,5.54,7
common_voice_en_27350550.mp3,southeast_asia,It belongs to a group of genera mainly from the southwestern Pacific-Australian region.,a999b613bdd2164c06e21bc3021c4bd2b67db1e78003f01616a39bf16973a7f6,spk_0524,Singaporean English,male_masculine,twenties,13,10.01,2
common_voice_en_18095219.mp3,southeast_asia,Where is my wife?,cb1309190bab66e2ec950aa5f8ad1ba8504039de833c66f5165eb38f21ed3b3b,spk_0530,Malaysian English,male_masculine,teens,4,4.54,7
common_voice_en_184404.mp3,southeast_asia,"When the carpet and the curtains caught fire, it was getting warm.",9de837b3bb0bbd35e455321f7f87f60b9211cf4f87f07e1c64f11ee4d35ba402,spk_0535,Malaysian English,female_feminine,twenties,12,8.88,7
common_voice_en_40063901.mp3,southeast_asia,Enemies killed by beam attack won't drop any orbs.,e8f30d9b24aca0a0783ab4aa92e7af47a14b5dbd816a0fb248f4c5f35c71e421,spk_0541,Filipino,,,9,3.89,1
common_voice_en_20397779.mp3,southeast_asia,The current Provost of Saint Leonard's College is Professor Andy Murphy.,395d847ce08eb24d5cef07c80fa0730608e00c85cef3c765ee8f812b03457a7b,spk_0545,Malaysian English,female_feminine,twenties,11,8.11,1
common_voice_en_39588387.mp3,southeast_asia,He studied Albanian language and literature at the University of Pristina.,e33f72d65ac3e38a40d799988dcac047b9fb97889c9b83e48ea4dd8b5c75376c,spk_0546,Singaporean English,female_feminine,,11,5.0,2
common_voice_en_23610723.mp3,southeast_asia,This waiver must be renewed every six months and traditionally it has been.,6dd01d626c6b63a876c171e1eeade906639b6501ff031795d4d7cfe534e3cb67,spk_0563,Filipino,male_masculine,twenties,13,6.07,2
common_voice_en_17269040.mp3,southeast_asia,"I think it came in a long, red box.",13fd7b314a21528ac080f8e8370cfbe8,spk_0573,Filipino,male_masculine,twenties,9,2.74,6
common_voice_en_19118251.mp3,southeast_asia,The contests were staged in the Ano Liossia Olympic Hall.,0ec1239dcb81f981944646e39652236388e3160ef387cbadb5b31a70c666c573,spk_0587,Malaysian English,female_feminine,thirties,10,6.58,1
common_voice_en_17897882.mp3,southeast_asia,Leaves turn brown and yellow in the fall.,9eafd3e8ec7f17187f2329c93c035331950d3b7989f86a0facb8e0a7177675cf,spk_0608,Malaysian English,male_masculine,fourties,8,3.55,8
common_voice_en_17928076.mp3,southeast_asia,"As a workaround, we could use application specific profiles.",5c3925317cf6c91ba7d2e80224aeffaae59969bae294dfd7463c9de4cc780a5a,spk_0608,Malaysian English,male_masculine,fourties,9,4.44,8
common_voice_en_90209.mp3,southeast_asia,That's why I'm quitting.,c617e3dc4bdc20c6adff83c0be542d4533e655e9f73690d5cbba6b4c60593dac,spk_0613,Filipino,male_masculine,teens,4,2.98,6
common_voice_en_22187994.mp3,southeast_asia,Able Archer is also the name of the final episode of the first season.,5ad38e6224300bc60fbd9b717bea46a84c697858e5e5e8aebfa3413972eb7028,spk_0630,Singaporean English,female_feminine,thirties,14,7.82,1
common_voice_en_25081194.mp3,southeast_asia,"George uses ""land"" to refer to ownership of a right to use a resource.",8a40ff763c03413f26840471358da34c9a639201b71e12b5ec3a8fc593ec5029,spk_0666,Singaporean English,male_masculine,twenties,14,7.13,1
common_voice_en_532618.mp3,southeast_asia,Do unto others as you would have them do to you.,164d56c318bbae35b7b1589291d1b744298dc480ed075011c7d82317873fc18b,spk_0667,Filipino,female_feminine,twenties,11,5.06,7
common_voice_en_532629.mp3,southeast_asia,"When there's a loss of cabin pressure, oxygen masks will automatically drop down.",7dfd53f7c8475c56cbdf9a4cbc1ead62e41bdddbb923a28aa41847417d2f62e4,spk_0667,Filipino,female_feminine,twenties,13,5.71,7
common_voice_en_18844128.mp3,southeast_asia,Harlan did not embrace the idea of full social racial equality.,070f3b09cf0f53bce8bae0525d5684bbf8ef0c65b266a406d864964e7de824db,spk_0672,Singaporean English,male_masculine,thirties,11,7.3,1
common_voice_en_32274347.mp3,southeast_asia,A road in Poitiers was named after him.,75d545527cb6c41b653511b10ad326a1306673344ad5ce0526fcc6079e9a476c,spk_0674,Singaporean English,,,8,3.1,1
common_voice_en_107221.mp3,southeast_asia,"Hundreds must have seen it, and taken it for a falling star.",56b4b23e494d8df0cb2836cc51a7734c6945cc8c4a39000da4733dae0ee78a2b,spk_0677,Singaporean English,male_masculine,teens,12,4.49,7
common_voice_en_107222.mp3,southeast_asia,"The boy smiled, and continued digging.",639932d7911970d4d867fa53804892acd9a43e3c94a9dbc1074e15286723489d,spk_0677,Singaporean English,male_masculine,teens,6,3.14,7
common_voice_en_19657015.mp3,southeast_asia,Kamiya's experiment had two parts.,1d1bd88cdd43c1e8b869926bde3a22681f27e6fbb2650ffc55e74201722474ef,spk_0679,Singaporean English,male_masculine,thirties,5,3.98,2
common_voice_en_19680732.mp3,southeast_asia,The super-powered dog Krypto lives with them as well.,1ea5ea5ff50d4de7dd7be067f6c2b559726c4f5f38f86369f28ebf2673a80dff,spk_0681,Filipino,female_feminine,twenties,9,9.82,2
common_voice_en_17776142.mp3,southeast_asia,Do you still remember your old account's password?,03a2163edbc8f65ed3efd58364352df4e2fd8d993697ff744d751c76d92cbea6,spk_0704,Filipino,male_masculine,thirties,8,3.34,8
common_voice_en_17776169.mp3,southeast_asia,"Your gran's been nicking stuff from the corner shop again, mate.",d828b950cd258b65952d5b58295dc6e57a55a4d77bf35d546b0c2accf8a5102c,spk_0704,Filipino,male_masculine,thirties,11,3.74,8
common_voice_en_18890550.mp3,southeast_asia,"It has a semi-prehensile tail, needle sharp teeth and a long snout.",09353c0ed8368182c98f7380091afc92aca1ec7a24ccc26a2912c643f47be781,spk_0707,Singaporean English,male_masculine,twenties,12,6.43,1
common_voice_en_21949494.mp3,southeast_asia,The circumstances of Baldwin's death are not exactly known.,56dbef2c3c2fc8acaab62e37a48e2339aa15ad8f137612d6c92f08f18c0ad009,spk_0717,Filipino,,twenties,9,4.32,2
common_voice_en_580651.mp3,southeast_asia,A cyclist is leaning a mountain bike around a bend on a dirt track.,f2edb01b52fe3706eaebb35b44f2ad0843c513edb88ac4c8449e2249eb01a701,spk_0721,Malaysian English,female_feminine,thirties,14,8.4,1
common_voice_en_27004521.mp3,southeast_asia,Carroll County School District is the area public school district.,9fc2b72016ecef906597c8b1ae044b056c00fb6e7c357736cfb324d790bfcb79,spk_0730,Filipino,,,10,7.74,1
common_voice_en_35098291.mp3,southeast_asia,It was said to be the coldest weather known to the oldest inhabitants.,c5232be68da5c00cfbde8dce48b3c0b05e4b408f907619a79e1ff901c7b9f99f,spk_0731,Filipino,male_masculine,twenties,13,5.33,1
common_voice_en_25321792.mp3,southeast_asia,"In the quarterfinals, he lost to Roger Federer in straight sets.",905e395f43327429b96c21fee3ecb8da472e6449430860daedb6cacf4d7dd0f6,spk_0732,Singaporean English,male_masculine,twenties,11,6.48,2
common_voice_en_367073.mp3,southeast_asia,"Pink foam floated gently through the air, landing on the parked vehicles.",af5e32315ee7897c4a49b6aa21481289732f65c328a8cf056b19daa9de00696a,spk_0748,Malaysian English,female_feminine,fourties,12,6.02,7
common_voice_en_37362738.mp3,southeast_asia,"He is respected for his ideas, intelligence and sharp tongue.",cef35fd4347300f2dee9ccb6124eafceab69805fb51505ddc21428d30b25cc18,spk_0750,Malaysian English,male_masculine,twenties,10,4.32,1
common_voice_en_41143980.mp3,southeast_asia,She primarily practiced in the area of employment law.,f1168567647824355453f9150fbc2ad1eab785cd15240ba231b29162c95684aa,spk_0754,Malaysian English,,twenties,9,5.08,1
common_voice_en_38064157.mp3,southeast_asia,"This resulted in traffic congestion in Castleisland, and on most of its approach roads.",d5793ff0b81c32f5c11d82639c7884b2d03f733b8ad3b037af088939de4b7b4d,spk_0758,Singaporean English,,,14,7.6,1
common_voice_en_21087881.mp3,southeast_asia,Dust storms are a regular occurrence.,48b090514fe480d1cd2ccd687c6c1a25c7b412f33d3c579f791b36d68494a2c3,spk_0774,Filipino,male_masculine,teens,6,4.87,2
common_voice_en_19750417.mp3,southeast_asia,The event is hosted by the Michigan-based herbal bodycare company: Gabriel's Garden.,22b435cbb8661663054daca3c43e71c8ea196d63129850298863baa45416ccc5,spk_0776,Singaporean English,male_masculine,twenties,12,7.42,1
common_voice_en_17285945.mp3,southeast_asia,Why do people even eat peanut butter and jelly?,fb453dfed8a5ec0e6ecfe426485bfe48,spk_0788,Malaysian English,male_masculine,twenties,9,4.34,6
common_voice_en_41819029.mp3,southeast_asia,"The plant is not insectivorous, as was formerly thought.",f4f081064fe05f05ca49c468baccc828df58a22d0dcc231b5fa30eacdd0427f7,spk_0801,Filipino,,twenties,9,5.08,1
common_voice_en_31751427.mp3,southeast_asia,Flowering mainly occurs from September to November with sporadic flowering in April and June.,54af13e65e8031137e09fbac4ed3052d007a43efbb8222f77b061ba88c1a9203,spk_0828,Malaysian English,male_masculine,fourties,14,8.96,1
common_voice_en_20288273.mp3,southeast_asia,He is buried in the First Cemetery of Athens.,36139593cad8fcf7cf8830278a9bc940c16f1e67062eac5f13aeb2d942e5a873,spk_0836,Malaysian English,male_masculine,twenties,9,3.65,1
common_voice_en_27383635.mp3,southeast_asia,"Low-end cars were identifiable by single square headlamps, while the higher models received duals.",aa620586969a060c82180175f88fa4aa380e927102befb1cd00e02a87577d174,spk_0845,Singaporean English,,,14,7.49,1
common_voice_en_17796051.mp3,southeast_asia,"She's sitting there on a pillow, wearing only pants and bra.",2551f837caf9c334e5dca6893cd55ee772510019a536ce50d393e2a6abb34311,spk_0849,Singaporean English,male_masculine,thirties,11,3.94,8
common_voice_en_17796081.mp3,southeast_asia,Is it actually unusual for a planet that its axis is tilted?,b0a1782276cfc5709d15b5a0f1a838103846c52435dfd53f79ddf297122d3655,spk_0849,Singaporean English,male_masculine,thirties,12,4.25,8
common_voice_en_25641332.mp3,southeast_asia,I just kept that bottle for sickness.,946e582c66026e619b7ca62e1a341da8faca81b5849b94055f1befdec09018b5,spk_0857,Malaysian English,female_feminine,thirties,7,2.92,2
common_voice_en_18674050.mp3,southeast_asia,"The plant's large underground tuber distinguishes it from other ""Apios"" species.",001a8afab61a2cd53fa0264629438a71d6c2a946fed8e385b194e09ab1390d0d,spk_0875,Filipino,male_masculine,thirties,11,6.94,2
common_voice_en_18278169.mp3,southeast_asia,"I'm not hungry, I'm starving.",e4906012d71efac8ee673349f4b233ae2c684460174b42ad277b1c6cfb3d1b30,spk_0881,Filipino,male_masculine,twenties,5,2.93,8
common_voice_en_18278223.mp3,southeast_asia,What does he look like?,76c7feffd583cf5552d8109377409f3cbbc05cb779b02b9fbcac946f9c76a608,spk_0881,Filipino,male_masculine,twenties,5,2.35,8
common_voice_en_18982682.mp3,southeast_asia,Forbes was born in Dundee.,0b713134d79d52bbbe48e4a5db36eaaa14301bebbb26ab85ebfcab0760d86401,spk_0883,Malaysian English,male_masculine,thirties,5,4.92,1
common_voice_en_28107579.mp3,southeast_asia,Holders of the first class who receive a further award are awarded a bar.,b73100d287ec7c23c535fa691096af1aeb75ba633dbe022b3537f5a3855d33d7,spk_0890,Filipino,female_feminine,twenties,14,5.87,2
common_voice_en_505391.mp3,southeast_asia,Use a pencil to write the first draft.,8e85de13fa83ee02fad75ceb8b6329dd827626188cd5bc41fd73a9d68e8f73e3,spk_0893,Filipino,female_feminine,twenties,8,4.42,7
common_voice_en_21883549.mp3,southeast_asia,The rings are plucked in a downward motion to produce tinkling sounds.,55e22f49df3fc371ef66375c6e8f8d5fad2a4be086584ca1388abb26bb0c8787,spk_0894,Malaysian English,male_masculine,fourties,12,8.78,1
common_voice_en_19964558.mp3,southeast_asia,The essential terms of the settlement may be viewed at here.,2ab0261667aecfa042f6618e8df68e5fe88c86a59327ced00ebd0cd92c557f85,spk_0914,Malaysian English,male_masculine,twenties,11,6.12,1
common_voice_en_17295996.mp3,southeast_asia,Have you seen Hollie?,81d48a4077dd0d7aaf784656d05aafe71e802fbd978dbc683ca137e929165693,spk_0917,Malaysian English,male_masculine,twenties,4,3.31,8
common_voice_en_17296085.mp3,southeast_asia,"No, I don't want to be a pilot.",c5ab1f7d93c8a87409785d62bd166a893bb1601322c12f8e993c7722c98b4ead,spk_0917,Malaysian English,male_masculine,twenties,8,4.34,8
common_voice_en_26574697.mp3,southeast_asia,Tiger started flights from Brisbane to Darwin after starting its Brisbane base.,995bc30473c61dea6727a815cbeaa8932ec1ef8b8a46d38dac77b8dcf1e9756e,spk_0934,Singaporean English,,twenties,12,6.66,1
common_voice_en_518442.mp3,southeast_asia,Vanessa cannot undo her mistake.,99796091e182e4b4c989075e5e3c5ace14404c28bcf8e79bd3ab07568f729b89,spk_0937,Filipino,male_masculine,sixties,5,4.7,7
common_voice_en_19680111.mp3,southeast_asia,These tags are not used exclusively on cam releases though.,1e9f3bca7badea53580bdca79fcb505f34bfeaff7d2750e35da5eed105079d8f,spk_0942,Malaysian English,male_masculine,twenties,10,5.21,2
common_voice_en_25354858.mp3,southeast_asia,The architect for that project was Theodore Jacobsen.,9104271830e2d55a9c59c23ac54154d8c104cf26d9c13fbb9969f50c93a43140,spk_0954,Singaporean English,male_masculine,twenties,8,4.86,1
common_voice_en_181388.mp3,southeast_asia,She refilled her vessel and left.,04a7efb93f4b1ae286c87f09b512a851754ac8498c558272174dd18ecf59b3a1,spk_0956,Filipino,male_masculine,thirties,6,3.65,7
common_voice_en_181398.mp3,southeast_asia,"But he kept quiet, because he had heard what the alchemist said to the monk.",a4104599633e09610f0da731581d5a9ddb5138718e9865960be99d341c9d643d,spk_0956,Filipino,male_masculine,thirties,15,5.38,7
common_voice_en_532068.mp3,southeast_asia,"That night, there was another jetting out of gas from the distant planet.",6dcd230e0da7b0856f08dbca69022787fad07da4eeef202c567e01f0f10d5ec3,spk_0958,Malaysian English,male_masculine,fourties,13,7.78,7
common_voice_en_31303614.mp3,southeast_asia,Desjardins was the youngest competitor at the tournament.,45babab3318824d42b187325d3d253ab88d08d7cbc9393f8fe2d6f69b16f7e7f,spk_0967,Malaysian English|Singaporean English,female_feminine,twenties,8,5.54,1
common_voice_en_18336242.mp3,southeast_asia,You can exchange your foreign currency at a bureau de change,4a896cea93cae70ec16a911f6a7251920a3c25db3b350030f69efe185d61f97c,spk_0978,Filipino,male_masculine,teens,11,4.1,5
common_voice_en_21250937.mp3,southeast_asia,"The claim has, however, been strongly disputed by Israeli historian Efraim Karsh.",4aeb2b7c3a2069867b64d73fc0af0b7b2d7766e66f75bea3e1ae076be01554a3,spk_0979,Filipino,male_masculine,twenties,12,7.37,1
common_voice_en_40976030.mp3,southeast_asia,Another important special case is a transformation semigroup.,efcb7f7c0ad2f77d158414adf2913b0e8f976721f06c463edde0415ac0e42aa6,spk_0982,Filipino,,thirties,8,6.48,1
common_voice_en_37565619.mp3,southeast_asia,The head of each house is worshiped by the children of that house.,b9897477cbfaa9dd2b3bc5e61455a1698cd00eea1b688727b52a19125ec4c572,spk_0991,Filipino,,,13,5.47,1
common_voice_en_37048756.mp3,southeast_asia,Neil Rudenstine is an Episcopalian.,cd0a669dd171759bba1e23c211c38b062d8bb64242e62a6f37a78d178aae238e,spk_0994,Malaysian English,,,5,5.26,1
common_voice_en_27709921.mp3,southeast_asia,"Brazil's political, business, and military ventures are complemented by the country's trade policy.",b30efe0ee0204e1e074f8fd7187f14a4df714643793268c34bf4f9f1672e87d6,spk_0995,Singaporean English,male_masculine,thirties,13,9.11,1
common_voice_en_27574995.mp3,southeast_asia,They aim to get through high school life together.,af6206d6d4c14c77adde97e32a3c392e90bde089aa4bc61d90a663743ba537a9,spk_0996,Filipino,male_masculine,thirties,9,4.36,2
common_voice_en_17567628.mp3,southeast_asia,Is there anything I can do for you?,f89fa371401cb36c9a6bbc9d70c813fed7e33c041b553c98ff72d3219fee6c0c,spk_0997,Singaporean English,male_masculine,twenties,8,2.18,8
common_voice_en_17567629.mp3,southeast_asia,Did you check your laser?,dd62bd1ddc7c0762d5811992b680aebd8e664761a923906855e5c548231f98bd,spk_0997,Singaporean English,male_masculine,twenties,5,2.02,8
common_voice_en_17247323.mp3,southeast_asia,What is it like?,31c65930c445ce59b4a3ae7f1a30af38001d32dc27c0d4faa9393a4a71d180f7,spk_0998,Malaysian English,male_masculine,thirties,4,3.62,5
common_voice_en_42344164.mp3,southeast_asia,He held that position up to the end of his life.,f6eec9c54cf96dbc047d6458288eccc1375362d0f470b2a54f8266199f003d87,spk_1015,Singaporean English,,,11,5.15,1
common_voice_en_26950679.mp3,southeast_asia,The pupils of the very large eyes are round.,9c50b04751c6dda23fc018ee76ff4b504071f97f20c881f874c8123f4140e194,spk_1022,Singaporean English,male_masculine,fourties,9,4.86,2
common_voice_en_18224226.mp3,southeast_asia,The process of encrypting the hash value of a message is called digital signature.,bce6d7491aabc43b7a5357411b6055f6ffb4fefa69b3c436e8ddf032f63c0991,spk_1024,Malaysian English,male_masculine,twenties,14,5.54,7
common_voice_en_18224257.mp3,southeast_asia,Before you meet the handsome prince you have to kiss a lot of toads.,cc48a811f85a95a36bdfb472b4cd1d7b07f2a6cd8af1b54483098df08289355b,spk_1024,Malaysian English,male_masculine,twenties,14,5.04,7
common_voice_en_19843785.mp3,southeast_asia,He was reelected but was expelled from the Senate for support of the Confederacy.,26f8e1dccc3ce24cdce5302bda8e9af3302c7b72d3060f4d60be1612c6fffee1,spk_1028,Filipino,male_masculine,twenties,14,6.46,2
common_voice_en_19667930.mp3,southeast_asia,Les Colocs paid homage to him by using pictures of him during live shows.,1dc030993173c1ab4ba7736c7538a3adf53e9318bb57967065896caf3268a247,spk_1036,Malaysian English,female_feminine,twenties,14,6.98,2
common_voice_en_19118244.mp3,southeast_asia,Only relatively few universities can afford to offer Comparative linguistics as a discrete field.,0ec66fd07c36d066af901eaefceb802d43a774a2c29c0ba7b3a45677d9fc9445,spk_1088,Singaporean English,male_masculine,thirties,14,6.36,2
common_voice_en_17345951.mp3,southeast_asia,"I promise, I will be careful!",98107ffeec650271e9b30c425e55e63ef1cfb82e001f9c62e2f099e54eb9710b,spk_1097,Singaporean English,male_masculine,twenties,6,3.31,8
common_voice_en_17798790.mp3,southeast_asia,Do you like contemporary paintings?,bd6085e36f2daa7429d15bf930ff10de2194b2f9a9d9b63d4462fb864408b019,spk_1097,Singaporean English,male_masculine,twenties,5,3.12,8
common_voice_en_22120246.mp3,southeast_asia,Clarkson was known to be extremely sensitive to criticism.,59831cdcba87b1fb11cfe6ecb2f8544f981dcba348be372050baf264eda35585,spk_1102,Filipino,female_feminine,twenties,9,5.76,1
common_voice_en_19620068.mp3,southeast_asia,He occupied the throne with the help of the Nogay nobility.,1b3601f180dc769be7663463c42e891fb2d22f158dbec9b28a7464830a7252f7,spk_1107,Filipino,male_masculine,thirties,11,6.5,1
common_voice_en_23840866.mp3,southeast_asia,"The city of Perry, Florida is named in his honor.",76dbd54dd719beaa072ad6fd4d66aa99e00cf3e6aec4bc7d76d784e770af75dc,spk_1155,Filipino,male_masculine,twenties,10,5.71,2
common_voice_en_30546613.mp3,southeast_asia,It was at Belgard that four of their five children were born.,2451643aa4d103832c2e24b01b81beb9c369d81dce727cb3712e165d6977da01,spk_1158,Malaysian English,male_masculine,twenties,12,5.76,1
common_voice_en_40679355.mp3,southeast_asia,He also took over the economic risks of opera and concert performances in Frankfurt.,ed574d134aacd98318b2877c4d30abb47a83c5359bd4c0764a47270dc0797795,spk_1161,Malaysian English|Singaporean English,,,14,9.4,1
common_voice_en_17284354.mp3,southeast_asia,Where is my dress?,566a6c92aa3bfac05703b4bdcfb29195,spk_1164,Singaporean English,,,4,3.17,7
common_voice_en_17284355.mp3,southeast_asia,"Speedbird niner, turn left heading two seven zero, climb and maintain flight level three five.",04c4f546e9345eb8adc1624a0ff4ba15,spk_1164,Singaporean English,,,15,7.97,7
common_voice_en_18875015.mp3,southeast_asia,He moved to New York City to pursue an acting career in the theatre.,08b3132e322fb990e7f10319bc5a994af93466d5512384568de5458a8dc4c9f2,spk_1178,Filipino,male_masculine,teens,14,5.42,1
common_voice_en_681591.mp3,southeast_asia,"There were raised voices,and some sort of struggle appeared to be going on. .",65b2e488b007187a974e6f7f36182e76a5c82d1a8c2fade06da66dee5c20e446,spk_1179,Malaysian English,male_masculine,teens,14,5.3,7
common_voice_en_681667.mp3,southeast_asia,"When I returned to the common, the sun was setting.",e61eb2f8e5d7dbf06767d2ac12b68e07a33119b05f9cabebb5f8a9d73dfbd673,spk_1179,Malaysian English,male_masculine,teens,10,5.06,7
common_voice_en_22264786.mp3,southeast_asia,He was a friend of Daniel Ellsberg.,5c4127efb75fdf2ba5de76c29612136bb7032a4db882a78c817578e8030b87d8,spk_1194,Filipino,male_masculine,teens,7,3.82,2
common_voice_en_24998150.mp3,southeast_asia,"Among his books are ""Cannibals"" and among his poems are ""Masada"".",885990d5f28b04a627f903de3a3432eb90400f4a07d1406c7d15714dc5e51db1,spk_1202,Filipino,female_feminine,twenties,11,5.33,1
common_voice_en_18168337.mp3,southeast_asia,I wandered lonely as a cloud.,6cc918c8362bae7d6da25ed19ad3ef65025b7a34ccd25b4f017f8527f779908d,spk_1207,Singaporean English,male_masculine,thirties,6,3.89,7
common_voice_en_37556150.mp3,southeast_asia,"Prosperity is ascribed to their favor, and misfortune to their anger.",50255ec034a128856e51ac3818d78525e58c4e910e9be0871b533cb2a9ecc2e2,spk_1208,Filipino,,,11,5.83,1
common_voice_en_19739328.mp3,southeast_asia,Such an injury requires surgical correction.,21f568752eb7d5df96fb1c82010d732419248321d673acfaa839cf8a1e170ddc,spk_1217,Filipino,male_masculine,thirties,6,5.88,2
common_voice_en_1280842.mp3,southeast_asia,Matthew McConaughey is an American actor.,c27b8133b987efc3644b398eec22ccf13605cd8b4483ede8abcbcfea628031ae,spk_1223,Malaysian English,female_feminine,twenties,6,4.06,7
common_voice_en_169374.mp3,southeast_asia,Replace the Ts in Tim Tebow's name with any other consonant to get a Star Wars character,6e5f618528ac4fde945003a0063d98866cf41c291841cb5e2c4e66a368eac9f2,spk_1225,Singaporean English,male_masculine,twenties,17,7.46,7
common_voice_en_23646368.mp3,southeast_asia,It can be fired with trails closed or open.,6f544bdcb20570cf8e7b00874fe8fb4e78da519542763ab9b41edacf60be90a2,spk_1240,Malaysian English,male_masculine,twenties,9,4.94,1
common_voice_en_43203326.mp3,southeast_asia,The transformation usually occurs when the individual reaches middle age.,fb0c31297d4b82640974e4277997550ddca275d05d30ff01893af2c7928e7745,spk_1275,Filipino,,thirties,10,5.08,1
common_voice_en_630315.mp3,southeast_asia,All work and no play makes Jack a dull boy.,31ba44e2104b2e389a2aac97719abe12078e3c4ec7675ca7608c3a62114dca80,spk_1282,Malaysian English,male_masculine,twenties,10,4.9,6
common_voice_en_152373.mp3,southeast_asia,Others stumbled upon the stone by accident.,5d0ff9689660d9cda5b25096db47494ed71d8768a877697c28e0a2180ccc94ba,spk_1288,Filipino,male_masculine,thirties,7,5.88,7
common_voice_en_152374.mp3,southeast_asia,He won't leave the circle.,5d72597880ca8e250fb7221b8ebc1c5342e8910173d540fa6c5d60b953cc2607,spk_1288,Filipino,male_masculine,thirties,5,3.6,7
common_voice_en_131654.mp3,southeast_asia,"Maktub, thought the boy.",3c2a5f756eb6858546232f6cdab2339ea15e63345c1923107eed5e4e7d6b5020,spk_1292,Filipino,male_masculine,twenties,4,3.53,7
common_voice_en_131687.mp3,southeast_asia,"Today, I understand something I didn't see before: every blessing ignored becomes a curse.",f98564ec885ed77830dedd6326b8d0aa2f82ac483422e77ac871b25f378973fd,spk_1292,Filipino,male_masculine,twenties,14,7.3,7
common_voice_en_38356511.mp3,southeast_asia,"Wilde called his opponent ""Geranium George"", painting Marston as unfriendly to business.",d951bb69568fba208a13841955ed2c91346a3b32214c2440c54f6798490c04d3,spk_1300,Singaporean English,male_masculine,twenties,12,9.0,2
common_voice_en_17461103.mp3,southeast_asia,"In an undertone, or whisper.",676217785d68e1e066d39e70d6fcbec4aa8c57ae5a48b53feade8ce0c987a0dd,spk_1304,Filipino,male_masculine,fifties,5,7.58,6
common_voice_en_19213692.mp3,southeast_asia,This project has reminded us how much fun she is to work with.,10d25281442f8756a288b874572af6101db9202062cef12ce35cd88b621df305,spk_1306,Malaysian English,male_masculine,thirties,13,5.18,1
common_voice_en_38103040.mp3,southeast_asia,"To compensate for his hearing loss, Collier became an expert lip-reader.",d66447b5080667acb70c12d9360bf6a626c94d5d4f57e4d9dc4089511fa66bcd,spk_1308,Filipino English,male_masculine,teens,11,6.84,1
common_voice_en_17266451.mp3,southeast_asia,"The lens was heavy, but it had an amazing zoom.",73e60ecc4bb824fdb2c9f76e3a267e3e,spk_1314,Malaysian English,male_masculine,twenties,10,5.02,5
common_voice_en_13714943.mp3,southeast_asia,"If you release the clutch too quickly, the engine will stall.",f87d72c462bf283c40510e7158b918d1b71c474b19292695a12faf8fc859f2cb,spk_1321,Singaporean English,male_masculine,teens,11,6.12,6
common_voice_en_20015756.mp3,southeast_asia,The retail single itself was only released in Australia and New Zealand.,2cd1914606f0672cc81a680431ef8de8e866cba04a39abebb3f2e1ef0f638a81,spk_1336,Filipino,female_feminine,fourties,12,7.01,1
common_voice_en_38102497.mp3,southeast_asia,The current president is Pavel Cebanu.,d650db4b08a225fe42c78252debdc9b13510aba3370d62281afa0c76e9179cd9,spk_1347,Filipino English,,,6,5.62,1
common_voice_en_593967.mp3,southeast_asia,But can we trust him?,3d415c7f84e2386c49123ee8f20759ac631d9a9f6d295640310672630a5e43c9,spk_1368,Malaysian English,male_masculine,thirties,5,7.1,7
common_voice_en_17275056.mp3,southeast_asia,"Together, we can rule the world!",78cbe220f2192be28d7269f475df7bb5,spk_1375,Filipino,male_masculine,teens,6,3.29,6
common_voice_en_20017722.mp3,southeast_asia,"""Rock Hard"" subsequently selected Communic as Newcomer of the Year.",2cc5eab17abb4d47519efc5dac223919b372c455dce84abd33bd69eb84e31663,spk_1377,Singaporean English,male_masculine,twenties,10,5.88,1
common_voice_en_23882043.mp3,southeast_asia,Placement of this group among the jawless vertebrates is a matter of dispute.,780384a2d426adeae7e8130fe3b88936c82501a5eea2d910ca5746c4853be424,spk_1389,Filipino,,,13,5.66,2
common_voice_en_24996878.mp3,southeast_asia,We wanted the audience to see his feelings instead of just his antics.,8869c299a08b5742ccd6ba6fd5379070167ed2d3692d1d56b0828f6fe7c86573,spk_1401,Malaysian English,female_feminine,twenties,13,5.44,1
common_voice_en_19604784.mp3,southeast_asia,"It borders Hyde Park, Sandhurst, and Craighall Park.",1a95b4750caceb2ccdffbdbd6965495357b42bd1132b20c994adb37bf11890c7,spk_1413,Singaporean English,male_masculine,thirties,8,4.03,2
common_voice_en_697789.mp3,southeast_asia,"Revenge is not my style, but obviously accidents will happen.",2e1bdbd9babc1eaf56f7f1c3fa59cba71b92f86299c3b6568559abab303df76a,spk_1428,Malaysian English,male_masculine,fifties,10,5.21,7
common_voice_en_697792.mp3,southeast_asia,All that time the Martians must have been getting ready.,41598cb84264d50332763f1f3bb0bfa40e50a18425919586b836d4fe54f2a60a,spk_1428,Malaysian English,male_masculine,fifties,10,4.68,7
common_voice_en_640171.mp3,southeast_asia,The griffin is a legendary creature.,179077a14d597abdee3d041ff51e78d0a81430457d4995d7678cba29387c6fd6,spk_1438,Malaysian English,male_masculine,teens,6,2.98,7
common_voice_en_21883920.mp3,southeast_asia,Such conditions occur notably where the bedrock is limestone or recently formed volcanic lava.,55df75f7892de830ed1f8db61d39a8d555b4c0194b8a61e45611a419f96526cd,spk_1439,Malaysian English,male_masculine,twenties,14,6.82,1
common_voice_en_27571064.mp3,southeast_asia,"For example, the word ""Aris"" is often used to indicate the buttocks.",aec484c2eb5c81543639cfefec52a3e4fdea5dd92693ab49500e04443b8d39e8,spk_1441,Malaysian English,,,12,7.6,2
common_voice_en_13528.mp3,southeast_asia,I was disappointed at this inanimate bulk.,5818e1a7b5974a81d93ce53dbfb2f4a5b88dd251c932c72fee1b51353b5b4665,spk_1443,Singaporean English,female_feminine,twenties,7,4.78,7
common_voice_en_32949507.mp3,southeast_asia,The works they selected are all contemporary engaged mapping projects.,a1cc67af65941c914bfa4091c387a62506271b0701b444e3bcd41709e215b2e2,spk_1445,Singaporean English,,,10,6.59,1
common_voice_en_21947160.mp3,southeast_asia,All episodes are named after the seven deadly sins.,56f45a0963240bbeb54315628b6483ce8097d24c4f44c5bbb912468bd4c27afb,spk_1446,Singaporean English,male_masculine,twenties,9,6.22,1
common_voice_en_187193.mp3,southeast_asia,This moisturising cream is fantastic.,8394617ca048b606f2ed045dd954ff00326c32af3c1516ce154c2f26dec28895,spk_1450,Malaysian English,male_masculine,teens,5,4.49,6
common_voice_en_18606334.mp3,southeast_asia,Now keep very quiet.,a7ee17ee43169a123e345a10f3e5b8219c9084f88fb8791d80ecea32d47b789f,spk_1455,Malaysian English,male_masculine,twenties,4,3.34,3
common_voice_en_26977162.mp3,southeast_asia,"After the battle, the Japanese continued to control Busan.",9e7b42bc1d6385f7c94a413ca105f0bbdeb00d8da3772c59ad951b6ec6dc3cb6,spk_1461,Malaysian English,,,9,6.77,1
common_voice_en_18829183.mp3,southeast_asia,"There was also a sequel, ""Pet Sematary Two"".",0628c47ee618c2f97dc1b23328bd8bf208a74eebceacc04bdfdd93586126c07c,spk_1474,Filipino,male_masculine,seventies,8,6.1,1
common_voice_en_22166272.mp3,southeast_asia,"Together with Jusa, they go to Lapland where Kata has her summer job.",5a523b0243a18e2fd570cfbc3d464f6469edac0c41e27a46f081df80f174e98a,spk_1479,Filipino,male_masculine,fifties,13,8.18,2
common_voice_en_41879116.mp3,southeast_asia,The case ended in a mistrial after the judge died of a heart attack.,f543a8f89b48d812a3a5dc5dab9819ce1e2c269bdcef806aa77c0792e5541bd6,spk_1480,Filipino,non-binary,,14,5.33,1
common_voice_en_13479.mp3,southeast_asia,Let's have a look at the standard deviation.,70f1acccb5a319ad85463aae45daa83873c3a2625e5226be35f3b820bd570c70,spk_1481,Filipino,male_masculine,twenties,8,6.86,6
common_voice_en_23657547.mp3,southeast_asia,"“We will walk a little while,” he said.",6fb2278e8f2c2df9cea7485005278bfd8537db70e5368780c4f638284a5e77af,spk_1483,Filipino,,twenties,8,4.18,2
common_voice_en_20309024.mp3,southeast_asia,This information in turn could aid in reducing whale-ship interactions.,36fc8170a778cb5e7dcd408f30a27d6f3817f88b83ae48751ae19064f3180d48,spk_1484,Malaysian English,female_feminine,thirties,10,7.3,2
common_voice_en_1466787.mp3,southeast_asia,Emoticons are familiar to everyone nowadays.,558888a5b9f059272c68da1d9819183deb12b34a52d255013e624be412574898,spk_1497,Malaysian English,female_feminine,thirties,6,3.98,7
common_voice_en_1466803.mp3,southeast_asia,I'd add a separate subsection which deals with this aspect.,d2070f26c232eb0d146a7f05b65db63e35ed3e72b54ce87d7e76f6344b7dac5c,spk_1497,Malaysian English,female_feminine,thirties,10,4.46,7
common_voice_en_660421.mp3,southeast_asia,"People talk a lot about omens, thought the shepherd.",889592acaab840ca49e995d88ef2531d6db4975e7d053512ec1cf66f380e9f1c,spk_1501,Malaysian English,female_feminine,sixties,9,7.92,7
common_voice_en_27749033.mp3,southeast_asia,Caputo grew the business from concept to start up to revenue generator.,b338e7068a18a3e6d58a2ffe3877bca0c1619986883f66c0543161835f9214f5,spk_1516,Singaporean English,,,12,7.56,1
common_voice_en_17872039.mp3,southeast_asia,"Hey look, a flying pig!",7e08352873cf61f1b8387baa801a02f02b84c4aee19388fefe383aceb546e962,spk_1520,Filipino,male_masculine,twenties,5,2.9,7
common_voice_en_660533.mp3,southeast_asia,The boy awoke as the sun rose.,e8979934162b0e1e5e1312b1b4b16ddc6ce28187142c156b3480833e537e8fe8,spk_1520,Filipino,male_masculine,twenties,7,4.63,7
common_voice_en_18359040.mp3,southeast_asia,"The hare springs out, when one thinks not of it.",ff2eb5a12d06afc990fedd4a4b2293501d57ba18d08c692424fa6dc7e98e9023,spk_1528,Malaysian English,male_masculine,twenties,10,4.18,8
common_voice_en_18359263.mp3,southeast_asia,"You know, he is an honest man.",1d7576a1c1ea24d09fe27f6fb957eceaaee9e2a0694d0f5d3d084e8b427c5000,spk_1528,Malaysian English,male_masculine,twenties,7,2.9,8
common_voice_en_18249739.mp3,southeast_asia,"Sorry, I'll explain more when I actually understand what's going on.",522f7b7b88cf0e7e6de2a2b8ba3dd6e0dd88fc32d2c65475c463afa510ef76ef,spk_1548,Filipino,male_masculine,twenties,11,5.52,7
common_voice_en_18249746.mp3,southeast_asia,"Oh my god, they killed Kenny!",e2e03243aada68b757ec6ab6d6e171eb3abb71c0898ce01e857c3616d4aeee6b,spk_1548,Filipino,male_masculine,twenties,6,4.37,7
common_voice_en_17847572.mp3,southeast_asia,"No matter how much he offered, Scott would not accept the deal.",0f275ad700b816ff3e9c1211af4a62e1f9a8a97512ffa174479324fc468b555b,spk_1552,Malaysian English,male_masculine,thirties,12,9.07,8
common_voice_en_19034680.mp3,southeast_asia,Haggling or bargaining is the most common means of sale.,0d143b215bfb2c8e886c2e50bd5a61e7cc6de87a21bc45b82001171de1785a8b,spk_1563,Singaporean English,male_masculine,teens,10,5.5,1
common_voice_en_39490497.mp3,southeast_asia,They were presented with the grandest views of nature.,92debd0466f4922f5034800cec33e5051b0279b8414cf2a2243fc9cb4c1c9d94,spk_1571,Singaporean English,male_masculine,fourties,9,4.61,1
common_voice_en_39584059.mp3,southeast_asia,Taylor also contributed to Connaught Laboratories research on the polio vaccine.,e369eabc540dd519c892a46fcb8375b7a049f2f5b0052741c7303318a05e066c,spk_1576,Malaysian English,,,11,7.96,1
common_voice_en_19750430.mp3,southeast_asia,It has produced several comedy shows on television.,229006c0bb6b463bb6030a4adffad95374a8cd9a4f7c095ff1f2801b28b36575,spk_1577,Filipino,male_masculine,teens,8,4.44,1
common_voice_en_20220068.mp3,southeast_asia,"Waring was the brother of Peter John Stephens, a playwright and author.",3368af4d5b249e6dcfc6d5a7cb846e542ac9ac842dd1931dc34cfc90582019c5,spk_1587,Malaysian English,male_masculine,twenties,12,8.64,1
common_voice_en_670563.mp3,southeast_asia,Haven't you got any feeling?,15aa5db853745f3dbda9b0d0c9000a07917dbb89b1fe15821a2935d9393f8ac1,spk_1589,Malaysian English,male_masculine,twenties,5,3.77,5
common_voice_en_17521040.mp3,southeast_asia,"Ground station to flight one-oh-one, please correct your altitude, over!",58b9989be35078a8b839143364b002234915c9d0bab985e745769552d06fcc72,spk_1592,Singaporean English,male_masculine,twenties,10,6.7,7
common_voice_en_27930310.mp3,southeast_asia,The name Johanna appears twice in the New Testament in the Gospel of Luke.,b56f0e0352496bfb40bb1e14da040b8eeb2948930a58a7cb6f62d39048cd8536,spk_1596,Malaysian English,male_masculine,twenties,14,8.5,1
common_voice_en_17281035.mp3,southeast_asia,"The gallant noble, good man thinks of himself last.",51938c9366b8364794184ce6e6a81cf2,spk_1603,Filipino,male_masculine,fourties,9,4.56,7
common_voice_en_18310279.mp3,southeast_asia,Do you know what kind of package it was?,9431c036e9a494ac17a63b78adac001c8a6d93767475444ba8c6cfb8ed1e4248,spk_1607,Filipino,,fourties,9,3.38,7
common_voice_en_18310281.mp3,southeast_asia,Brian is leaving today.,d577af80f18f9e3f295f7772dbcf349cb719413e67b2bde5f44a808c6bd9acbd,spk_1607,Filipino,,fourties,4,3.02,7
common_voice_en_19647161.mp3,southeast_asia,"Michaels is the host of the outdoor television show, ""Shawn Michaels' MacMillan River Adventures"".",1cc5b706618a822c1e204fdd22b487f49febe6e4da12b8bb096c217f46119367,spk_1609,Singaporean English,male_masculine,twenties,14,6.53,2
common_voice_en_548351.mp3,southeast_asia,"""No,"" the alchemist answered.",a47886574acebc2aca2810349172419ba556a0d936588811b4ce2be0adda3bf2,spk_1634,Filipino,female_feminine,thirties,4,2.35,7
common_voice_en_39760451.mp3,southeast_asia,After completing the fourth universe the game starts over.,e60ce69d3596c3b54a2a399777e52e847f10017742e96a7b2b72065acc65dcd1,spk_1656,Malaysian English,,,9,5.22,1
common_voice_en_17665982.mp3,southeast_asia,"Sometimes, I experience so much pain that I cannot sleep at night.",38c2eecd86127cb571a96de4f242081493e67ea46ae17ad329398fab03cab96a,spk_1672,Malaysian English,male_masculine,thirties,12,5.26,7
common_voice_en_17665989.mp3,southeast_asia,Do you understand me?,386d2492c85df5b327556db78e16c2a7b25e2f27425ac606998730625d2effaa,spk_1672,Malaysian English,male_masculine,thirties,4,2.3,7
common_voice_en_19966709.mp3,southeast_asia,This condition discontinued when the law changed into Women's Body Protection Law.,2ab1fb47dccfacabc79b7dd5e407f8c49ba2549fbabb1c2973269bde8261fde6,spk_1673,Filipino,male_masculine,twenties,12,6.62,2
common_voice_en_32959998.mp3,southeast_asia,He explores the place and is almost crushed in an elevator shaft.,a1f0a78013a64904de7320ac5be63abd27cbfe45e248b6efa363e23860dd637e,spk_1681,Malaysian English,,,12,5.98,1
common_voice_en_30172474.mp3,southeast_asia,Actor Blair Underwood is the Executive Director and narrator of the film.,0a423fbd538ca4632e13e767e0acf437981d0452204f77890b4b4c4a336db5de,spk_1708,Singaporean English,male_masculine,thirties,12,6.48,1
common_voice_en_37017755.mp3,southeast_asia,Barreto is the brother of fellow Paraguayan goalkeeper Diego Barreto.,cce558c3d82e3c6439d6fb573ea116097180c89c69433bef71d065796b3f4d6d,spk_1716,Malaysian English,,twenties,10,7.96,1
common_voice_en_23841298.mp3,southeast_asia,"In contrast, let us examine a situation which would exhibit memorylessness.",76f66565e65310b6a54d4f5ac30d22cf4aa5d4858ad172b6534dbf587cb48726,spk_1723,Singaporean English,male_masculine,twenties,11,6.22,2
common_voice_en_18978268.mp3,southeast_asia,"It is located at Pathuriyamahal, Kalna.",0b341c8b42f72cc545d83adf47f2aef86a8aa1d6b300e8612ab42c0ff6a57114,spk_1731,Malaysian English,male_masculine,fourties,6,4.94,2
common_voice_en_19161877.mp3,southeast_asia,But aside from Whistler they are little-used.,0fc7aca636d9028f8b4702180d4b09fbc7888ac288ba5d5e07882633d05ff252,spk_1736,Filipino,male_masculine,twenties,7,6.31,1
common_voice_en_29248094.mp3,southeast_asia,There is no standardized on-the-wire protocol.,c07440c2aade4f1d1e6a5e56544b8b23633821596404bea4806d463d01086d91,spk_1757,Filipino,,,6,6.26,1
common_voice_en_579129.mp3,southeast_asia,Fatima appeared at the entrance to the tent.,2dba5804fab5626d33ce5f1e02e98aadf6c0ce623ce027dd448c8f78ced4c191,spk_1797,Filipino,male_masculine,thirties,8,3.26,7
common_voice_en_579137.mp3,southeast_asia,"""You gave them everything I had!"" the boy said.",6c935d6661c9e2c759572514ff5dc5fa37a186d62921e07ae896ee6f7b793c13,spk_1797,Filipino,male_masculine,thirties,9,3.02,7
common_voice_en_23392886.mp3,southeast_asia,He reaffirmed Fiji's support for the One China policy.,6b461919a06f83f84eaaa1d8ab3ce6301ea3ef22722b52f035513a1552f86c56,spk_1799,Filipino,female_feminine,twenties,9,4.9,2
common_voice_en_21786428.mp3,southeast_asia,"The track ""Remedy"" was featured in the soundtrack for Tony Hawk's Underground.",54140cdfd20dae9993ffce9437304bc7f8f8255fc55a87cce13f2545fa68249a,spk_1819,Filipino,male_masculine,thirties,12,7.42,1
common_voice_en_19991718.mp3,southeast_asia,"This station was converted to a residence, with interior walls and an expansion.",2bb57c1e9c9bd12586ebff4b24c9dc5f2528d2c4eb76bf550d5400e41ca537e1,spk_1822,Filipino,male_masculine,fourties,13,6.36,2
common_voice_en_19315786.mp3,southeast_asia,"The economy is largely based upon agriculture and forestry, with some small-scale industries.",126798c11a5c6d1da961ea869499b1f3b0967f385bf1a148f8f5f208e66cb3b0,spk_1823,Singaporean English,male_masculine,thirties,13,7.58,1
common_voice_en_18922244.mp3,southeast_asia,"In the following year, he was promoted to a colonelcy.",099e21971e497ed381988aba9d1b8545ffd41fab5b1db377a517a2d885d5afd0,spk_1839,Filipino,female_feminine,twenties,10,4.99,1
common_voice_en_38212857.mp3,southeast_asia,"These systems collaborated to give ""Baton Rouge"" good situational awareness.",d8427b5d4dd80aa98b87002c23903790ff74c821abb206ce7c684cf6d8fbe58b,spk_1858,Filipino,male_masculine,twenties,10,6.3,1
common_voice_en_19046655.mp3,southeast_asia,"In Iranian languages ""panj"" means ""five"" and ""gor"" means ""graves"".",0d4cf09f4ca47bfe6d95b11eef7f31f28ea8be10472a62a06e66eaba28f19e21,spk_1871,Malaysian English,male_masculine,twenties,10,6.98,1
common_voice_en_19726692.mp3,southeast_asia,The prison complex has no facilities for keeping paraplegic pre-trial inmates or convicts.,2164bf840dfcc7071170eab60fc2502e6feb8fc0b44bad64ad2a5db8e0985897,spk_1875,Malaysian English,male_masculine,fourties,13,9.22,1
common_voice_en_19020925.mp3,southeast_asia,"Like Don Andrews, he was originally a member of the Western Guard Party.",0c5b7128b5c32ceac3509cbe4f38b3653b9628dafbe4fd83d8da790645b9e673,spk_1879,Singaporean English,male_masculine,teens,13,6.84,1
common_voice_en_29505938.mp3,southeast_asia,Both platforms have step-free access via ramps.,c1dc9b95536625a70b31ecb7a14b9f426e10e7e2a4efee420e75bb1a43b51064,spk_1883,Singaporean English,male_masculine,thirties,7,4.9,1
common_voice_en_138711.mp3,southeast_asia,All who went there were happy at having done so.,35f3bef7075d777608380d8022dd2d67706c06c1236465d5b9a5c8f2da7a2605,spk_1887,Malaysian English,male_masculine,teens,10,3.31,7
common_voice_en_19055547.mp3,southeast_asia,It was designed in the Zigzag Moderne Art Deco style popular at the time.,0d67d22e4307ce3306d463c51ac62ef30075c2dbb768b2c51093de2342f4a518,spk_1888,Filipino,male_masculine,twenties,14,6.79,1
common_voice_en_52196.mp3,southeast_asia,The greatest authority on meteorites stated that the height of its first appearance was about ninety or one hundred miles.,b7b7c6c8cb8fc37a20ed756962026e8b52831725c145a8726a24b4711defed27,spk_1898,Singaporean English,male_masculine,twenties,20,6.58,7
common_voice_en_52201.mp3,southeast_asia,"I need you to be spontaneous. He asked me out to ""din din.""",f453893670e82454b66652af19dda95fcae97e1f30206a7a21afcf5aa79499d0,spk_1898,Singaporean English,male_masculine,twenties,13,3.98,7
common_voice_en_17404313.mp3,southeast_asia,"Kenneth reacted badly to the steroids, he's under observation for the next hour.",c294676d99a22914f6265632ebad2fe6386fec85ff3d626bae38c89f4fa50a33,spk_1913,Filipino,male_masculine,twenties,13,6.79,8
common_voice_en_26979017.mp3,southeast_asia,His red hair earned him the nickname Mahmud the Red.,9e9287dc75376d5bd87ec1080e98777d2e8cf438d5402d151a11d7b3d42b9a17,spk_1925,Singaporean English,male_masculine,teens,10,4.54,2
common_voice_en_516881.mp3,southeast_asia,But what are we to do?,8021156880005e7946d6c5d3ae95c3dbe191c2356fb6f0720c3133fc80fa8ee9,spk_1939,Malaysian English,male_masculine,thirties,6,2.76,7
common_voice_en_586146.mp3,southeast_asia,We cannot forget that farce.,20b11a28668ea1f43fba01715d65ce9f6d6ac02d2514640f00f89f3fe4a0452e,spk_1941,Filipino,female_feminine,twenties,5,2.4,7
common_voice_en_17808350.mp3,southeast_asia,Never do it again.,a7ae6faa29338fda290c1e5734b35e6f425d512ad9486947e9451f537718e114,spk_1945,Singaporean English,male_masculine,twenties,4,2.54,6
common_voice_en_19935609.mp3,southeast_asia,One contaminant that is of concern is naturally occurring arsenic.,290611344bbd23b1ee5c4abf615b5ecfbbbc48900a133c8b66ac9eaaf0f0f501,spk_1952,Malaysian English,female_feminine,twenties,10,7.63,1
common_voice_en_22007249.mp3,southeast_asia,Have you asked her about it?,579e1cf2b724f28a6f75fccb1d0b7805a3eaf467a16951e88069a94895a70924,spk_1965,Malaysian English,female_feminine,twenties,6,3.72,1
common_voice_en_31828216.mp3,southeast_asia,Cahill has six sons.,56d54e7b37c72d5f41d7fa6f032be8990b03121328691f6349a7c4c731e0f2b9,spk_1976,Filipino,female_feminine,teens,4,4.0,1
common_voice_en_41923246.mp3,southeast_asia,All priesthood offices in the church are limited to males.,f57566e91a9d6792d519f7d04848089dfecfed3f1eb1c1589f2fcb44f7492095,spk_1983,Malaysian English,,thirties,10,12.82,1
common_voice_en_17576885.mp3,southeast_asia,Who has already arrived?,7687e9fc45a5d63f89c8cb7f0baeaee595d915023b6351378a0c199ebd9ec934,spk_1984,Malaysian English,male_masculine,twenties,4,1.94,7
common_voice_en_20034534.mp3,southeast_asia,Its executive director is Martin Hassner.,2d8d65499ae56c5dcedf90e5d4b922a6c28dfd2fd94a801e0d61124ae2ca6c18,spk_1988,Singaporean English,female_feminine,twenties,6,4.32,2
common_voice_en_34117180.mp3,southeast_asia,The Bill was returned to the House by the President following the criticism.,b62c7d46227d3394d2eb24e3c33079eb1d9a153265be110c6dfbee2d6c9665ca,spk_1989,Filipino,male_masculine,teens,13,5.11,2
common_voice_en_31267082.mp3,southeast_asia,Besides stage roles he has also participated on films and television series.,44b4e6f620fbd920358078581a1d5b708ad774c6acd32ec73de7143157d53ba9,spk_1992,Malaysian English,male_masculine,twenties,12,6.62,2
common_voice_en_34600688.mp3,southeast_asia,In Physical chemistry focal conics are used for describing geometrical properties of liquid crystals.,baf4d72d1dc0bff0b17cfd6d63e9efe55b0b1a51e439662d367af70f212f0916,spk_2003,Malaysian English,,,14,8.28,1
common_voice_en_17288933.mp3,southeast_asia,What shall we do?,42b8c3a7c518730574ee325373da5e9c,spk_2010,Filipino,male_masculine,twenties,4,2.93,7
common_voice_en_19591954.mp3,southeast_asia,The mixed color fraction is the least valuable.,19c941191f8e48a581308798ee4dcc2d0749e1f051d4dc4d0f6e22459145501b,spk_2032,Singaporean English,female_feminine,twenties,8,4.18,2
common_voice_en_579816.mp3,southeast_asia,Uncanny clowns were emplaced in the labyrinth.,d543193af96be1ebffb8b9e1a771b0d285e51153183bd9d5379c3e2d92a03b65,spk_2039,Filipino,male_masculine,twenties,7,5.76,6
common_voice_en_24203492.mp3,southeast_asia,The method functions less well as one gets closer to the equator.,7f1558137fee903394f1d1b6664e8d7ae5043fc0be7cf06ec3f1e9029bd89dde,spk_2045,Malaysian English,female_feminine,thirties,12,5.44,2
common_voice_en_25647624.mp3,southeast_asia,"Other laws are pragmatic and observational, such as the law of unintended consequences.",946863c87653d7b37378f6d83a6e384e1017a3dc71e624d5e63849ec4f340d8b,spk_2053,Malaysian English,male_masculine,twenties,13,5.22,2
common_voice_en_546047.mp3,southeast_asia,It must have fallen while I was sitting over there.,834b8492265abdcf7f0479d7f8813181599edea5b4633f9ecc2ab2834deb0186,spk_2057,Malaysian English,female_feminine,thirties,10,4.13,7
common_voice_en_546062.mp3,southeast_asia,The boy awoke before dawn.,e8caab5caf32f27c6c892aeb7e0666b1d557faad31a57039f949bb9e7677df4c,spk_2057,Malaysian English,female_feminine,thirties,5,3.74,7
common_voice_en_17890182.mp3,southeast_asia,"If I knew it, I would have told you.",e16b5d7de8afd8fa5e99bd540ada59b3c51d49d7fb4308f2e93ab7ee22c56e0e,spk_2096,Singaporean English,male_masculine,twenties,9,2.38,7
common_voice_en_17890183.mp3,southeast_asia,"Many teens make videos these days, inspired by their role models.",0cae62816a9574eeff4315e0018692f6f22e4fb657129f34bd01ce179d7e88e3,spk_2096,Singaporean English,male_masculine,twenties,11,4.92,7
common_voice_en_18998747.mp3,southeast_asia,"By this point, Franco effectively had military control of the whole country.",0bdcc27f6af34a1c99023043bee729fcaa8b4751beb2e2da52a6946767366c20,spk_2114,Malaysian English,male_masculine,twenties,12,7.82,2
common_voice_en_29492012.mp3,southeast_asia,The authorities arrested tens if not hundreds of thousands of people across the country.,c1af6f8d7c160f2d08df51468ea08d1f4b06579533eccc9af256a0acdf82cf63,spk_2120,Malaysian English,male_masculine,twenties,14,7.31,1
common_voice_en_27494168.mp3,southeast_asia,"It is an Arab socialist party, with roots in the peasant movement.",adda9c995b3bc17a9cd54ab858b6fd0cb8a0970415c4520f0707b1062fc53c51,spk_2127,Filipino,,,12,6.12,1
common_voice_en_25220292.mp3,southeast_asia,Scottish Canals has an office by the canal basin.,8dc4d4ac0ae4c6f7a78c72d4ef8d1b746b62b6b468dc8f7d36ea7f997cb98576,spk_2146,Singaporean English,male_masculine,fifties,9,4.5,2
common_voice_en_36842377.mp3,southeast_asia,The residents are mainly upper middle class and well to do.,cbd9ca73d17274c3565cdd6ed2ac5da1145e8381fb40f4fcf7ea328decdc68ed,spk_2147,Filipino,male_masculine,twenties,11,5.11,2
common_voice_en_20311861.mp3,southeast_asia,It is made of leaves that are shaped like commas or magatama.,370f39cbd0d6b37e033aa760776a4784f0615d83a60dccfe22555ffa0bdf7284,spk_2162,Filipino,male_masculine,twenties,12,4.58,1
common_voice_en_23427872.mp3,southeast_asia,"He was educated at Winchester and Trinity College, Cambridge.",6bf88ca1d2493f1c9cd700a4256813449fed732efb7a9e096c2c248c288f438b,spk_2166,Filipino,male_masculine,fourties,9,5.06,1
common_voice_en_17282803.mp3,southeast_asia,Do you know how long I have been waiting for?,c34ada8b954b2c9dfc9b958c143ad49f,spk_2180,Malaysian English,male_masculine,fourties,10,5.16,5
common_voice_en_18841301.mp3,southeast_asia,Smear tactics are commonly used to undermine effective arguments or critiques.,06da8bda3a20df3dd8bfea555844cd3d9220caaac1063b3adbbd61815063f854,spk_2182,Filipino,male_masculine,teens,11,8.78,1
common_voice_en_615075.mp3,southeast_asia,"It was as if it quivered, but really this was the telescope vibrating.",f90145debfa3e9be60935070897641f058b7a0c22375292388c2285a685b2425,spk_2187,Filipino,female_feminine,twenties,13,6.84,7
common_voice_en_25729269.mp3,southeast_asia,It is the county seat of Hanson County.,9557fe47d7040aa3b5d518d39e221db0e0ba0f4e3fdeb4b64fb511843e96f793,spk_2209,Filipino,male_masculine,twenties,8,4.25,2
common_voice_en_28678266.mp3,southeast_asia,"More important still was his positive influence on family, friends, students and colleagues.",bb9dcdc0d312cba1938a88ff1dd82695ed709a066520133445c529989a6e495d,spk_2215,Filipino,,teens,13,8.93,1
common_voice_en_20249923.mp3,southeast_asia,The messenger was shot while carrying a white flag.,34b629619a293734568042874eb8f30a058109376e579ff329448e7df2c3399b,spk_2216,Singaporean English,male_masculine,twenties,9,5.74,1
common_voice_en_18655667.mp3,southeast_asia,And a long time afterwards she brought her another supply.,19a51ed190695b90d0adb0affe811c810d76bbcd56f119442c0b12ec94941853,spk_2237,Singaporean English,male_masculine,,10,5.02,2
common_voice_en_27647684.mp3,southeast_asia,"In practice, red coloration became a unit identification.",b13be9769da42c2a912452bb0ae132a6aa92242104ebc7c03faa8275cf902ac3,spk_2244,Malaysian English,,,8,6.48,1
common_voice_en_37599955.mp3,southeast_asia,They also agreed to lift a ban on those who marry Roman Catholics.,d053f5b1b0eaa5fef71d440cda8d3109ad602e512e0cbeb0ea5053f4499c4054,spk_2251,Singaporean English,,,13,7.16,1
common_voice_en_32494929.mp3,southeast_asia,For this she received the Julius Landmann Prize from the University of Basel.,839953acda8c9b6aed140a801fbccad72973b7e598c2b78096f17bc5bbb7966e,spk_2254,Singaporean English,,,13,6.41,1
common_voice_en_25819746.mp3,southeast_asia,The group began booking bigger venues on the tour as a result.,964f3d9a9db281a6c31d9006b6f2f0635121af514a9e1c2fe2e23a1efffa36eb,spk_2259,Filipino,male_masculine,twenties,12,6.77,1
common_voice_en_27036317.mp3,southeast_asia,"One of his last expressions was said to have been, All is well.",a0c8ffbcfe8c8d4869de0f77726842f65179df2e97105630da61412b4af0ace8,spk_2263,Malaysian English,,,13,4.28,2
common_voice_en_1472.mp3,southeast_asia,The crowd swayed a little as I elbowed my way through.,cecb266d94f1bef4ac52f130b7383c196b1027f7427fdf9f0a6a328297c68c5b,spk_2267,Malaysian English,male_masculine,twenties,11,4.7,7
common_voice_en_19669070.mp3,southeast_asia,Water features are often found in gardens of middle class houses.,1dca9cd48dcda50ab3e83edabe7513889e76662b4a88b59b068c8a5cf579b073,spk_2272,Filipino,male_masculine,twenties,11,6.22,1
common_voice_en_23954705.mp3,southeast_asia,He also buys Lionel and tricks him into revealing the truth about Peter's death.,7b210f3a1cce8a00e07c04453d6965fa06d2b268a86c0c3f57d359d4d8bb69e8,spk_2287,Singaporean English,female_feminine,twenties,14,5.38,1
common_voice_en_17885570.mp3,southeast_asia,Be sure to set that lamp firmly in the hole.,5b9a968daf2861f68c4a57101520e0e43c77f8a37a53b38c0c364876d0192cbc,spk_2294,Malaysian English,male_masculine,fifties,10,4.3,7
common_voice_en_17885585.mp3,southeast_asia,There's no accounting for tastes.,ccbbb0c3a6bbb2ce8cb69245d1308aaa858c5c7ce608f80c55e5090cadd772ae,spk_2294,Malaysian English,male_masculine,fifties,5,3.86,8
common_voice_en_28073181.mp3,southeast_asia,Many stations use sophisticated computerised playout systems for music and jingles.,b6f6a3d313c8bc3b4135102f74694fdc9a24be2e38fe1cf70dad5798e480aae1,spk_2299,Filipino,,teens,11,6.3,2
common_voice_en_39711229.mp3,southeast_asia,Certifications that fall into this category are listed below.,e57a3766bb81db9843a8d90dc78754318435ea74e9c3d8e5b8c236c5a8fc81d8,spk_2315,Malaysian English,male_masculine,twenties,9,4.43,1
common_voice_en_17732878.mp3,southeast_asia,To be liberal at another's expense.,113eb102b14777d1626eb91f8408d913a4a7ec505830a521a16c22233b48430c,spk_2331,Malaysian English,male_masculine,twenties,6,3.86,7
common_voice_en_18618436.mp3,southeast_asia,He hesitated for a moment as he glanced over what was written.,76966f5a1685ee520e38c8230eb7a9133d36bed711c2765d23cb6b9cf51deda2,spk_2344,Filipino,male_masculine,twenties,12,6.94,2
common_voice_en_34949917.mp3,southeast_asia,Leclercq instead opted to record live choirs and solo gospel singers.,c3d0ffe7a6e94c463c795e80ecd08464d2a7d38162ef4fe612e812eaaaee49c3,spk_2352,Filipino,,,11,8.21,1
common_voice_en_17392982.mp3,southeast_asia,"Well, what of it?",9969cf1930c25d761e210b6611cd657f1e3444c9682317f1d55bdd55abb152a4,spk_2375,Singaporean English,male_masculine,twenties,4,2.62,7
common_voice_en_17393062.mp3,southeast_asia,What does she look like?,1235d3b29a1233a4b8b21c18341ab9428b5633cb0aae69798d8e61d83112fe75,spk_2375,Singaporean English,male_masculine,twenties,5,2.74,8
common_voice_en_18828787.mp3,southeast_asia,"He did further study at Vienna, London and Paris.",0654b69779248ea14dd220787387ed19a6f347e85a53f4c1a674be90a9798219,spk_2377,Singaporean English,male_masculine,teens,9,5.26,1
common_voice_en_20171460.mp3,southeast_asia,"If nothing else, an exemplar can be purchased and reverse engineered.",31d5d21307abfe6312dae82b1c555c109b47adf37666aea25623b0e658a4c028,spk_2378,Filipino,male_masculine,twenties,11,5.5,1
common_voice_en_27344376.mp3,southeast_asia,"In the end, Katelin shows up at the hockey game, much to Spencer's disbelief.",a98b911a4145f94f8c812ae52c4c7412f7f5463c63ab2f82d2f59e3e4209c67c,spk_2380,Singaporean English,male_masculine,thirties,14,8.75,2
common_voice_en_18701654.mp3,southeast_asia,The unincorporated community of Cherry is located within Cherry Township.,01172bb825e38b6eb4459af18446c35f7422ad24e68cdbc611b4a13a6373b0dc,spk_2381,Malaysian English,male_masculine,teens,10,6.82,1
common_voice_en_620186.mp3,southeast_asia,"In those days, very few of the people had any idea about astronomy.",6893a75dcf5a21b6369413469a037d9e1dfe05e161d14eb0e181ef8557a6620e,spk_2403,Filipino,male_masculine,twenties,13,7.27,7
common_voice_en_25948085.mp3,southeast_asia,"Think slowly, work soon.",02f177e797fa7032c2df072703e2d3525b1058e079d31aacd6708a9e04737eb0,spk_2410,Filipino,male_masculine,twenties,4,2.81,2
common_voice_en_18460690.mp3,southeast_asia,"I'm hopeless, and there's an end of it.",59b929862c574f8c94cb22dd465bd146fd7b4d80634f8a7c105951d507cd1230,spk_2413,Filipino,female_feminine,thirties,8,4.3,4
common_voice_en_32162330.mp3,southeast_asia,He went to the local public schools.,6927b4c108860e8ddbf8e29c7c8802ec76f024a02fcbd193ca63ffe609532c7e,spk_2416,Filipino,male_masculine,twenties,7,3.78,2
common_voice_en_19635926.mp3,southeast_asia,Productivity epitomized what the war had become: an exercise in management effectiveness.,1bf5fdadbd709a8896c009c97d285cb36f2d2a124164c538a33e23934fbb2dd9,spk_2419,Filipino,female_feminine,twenties,12,7.94,1
common_voice_en_42226707.mp3,southeast_asia,"After this, Bow's hideaway is rebuilt and Rand rejoins the party.",f6be297c926df6912efebfdc0d411f09062309cfada77fd82bf385db41212e36,spk_2421,Filipino,non-binary,twenties,11,6.05,1
common_voice_en_37230613.mp3,southeast_asia,He is also a member of the newspaper's editorial board.,cdffe6c2ed9e00923e4e6f58ef0a743bf9b17d05cf6da4d861c1de647014c691,spk_2423,Filipino,male_masculine,twenties,10,5.22,1
common_voice_en_488444.mp3,southeast_asia,"This pepperoni tastes off, she said.",b319d29c76e1cfe2f9ac43542cd2287eedd2948806a25e3190999e95ee700c59,spk_2424,Filipino,male_masculine,twenties,6,4.73,6
common_voice_en_123987.mp3,southeast_asia,"""What is it that I still need to know?"" the boy asked.",7a3224f79c5d1c2a6e9bf443dff8655cb66d4c5cf995d73dfc55c0afedcf286b,spk_2438,Filipino,female_feminine,twenties,12,4.61,7
common_voice_en_124009.mp3,southeast_asia,"""An alchemist,"" said the alchemist.",d4403d4e24649b868056b96effc45eccd80725e11b56e0dc909573870d4dc782,spk_2438,Filipino,female_feminine,twenties,5,4.68,7
common_voice_en_21888203.mp3,southeast_asia,There is a re-introduction scheme in Fennoscandia.,5611cbcc5b13587dcde2417ce17943bbcc567c8fe2f6da1bc03d8b2f1f8ddd4c,spk_2449,Singaporean English,,twenties,7,7.58,1
common_voice_en_18722331.mp3,southeast_asia,"Florence Dove never cared about Dove's passion for art, and was more socially inclined.",0245e9c869a25e5b5774cad8b29ec238ca6069dd494f4ff0b593e2ac9006186e,spk_2469,Singaporean English,male_masculine,twenties,14,8.64,2
common_voice_en_25647653.mp3,southeast_asia,The fort is situated on some of the highest ground in the area.,9475e807728376f1dca5da812290d3341d6d9c22144e4e7db1839b8854c181c9,spk_2480,Filipino,,,13,4.61,2
common_voice_en_18397137.mp3,southeast_asia,The foot of the owner is the best manure for his land.,20ab53083317686e5e7c7627d0c7a48f9b0ccbf343c956d148ac7402171ef881,spk_2487,Malaysian English,female_feminine,twenties,12,5.3,7
common_voice_en_18397152.mp3,southeast_asia,It weighs five kilograms.,db19859d27833ac88f97917b0a3414348b1ccc802bbe9b5bf2082d8082512a33,spk_2487,Malaysian English,female_feminine,twenties,4,3.98,7
common_voice_en_25008252.mp3,southeast_asia,Gold and silver were used.,88b8810ce0b09482688839111cba91087d36ebb8c5e853d0a0e5d181c73b1351,spk_2502,Singaporean English,male_masculine,teens,5,2.48,1
common_voice_en_45162.mp3,southeast_asia,And continue to pay heed to the omens.,54b4deee08a49b3f6082f8cfe67e9914fff4afb3b3226e6f4f644f2edc426e90,spk_2510,Malaysian English,female_feminine,twenties,8,4.08,7
common_voice_en_603321.mp3,southeast_asia,A young boy in a white karate gi executes a jump kick.,9a77b4fb64af357a817edf4e8fb8228a60e1e1dc879744213da14d796c7a21b3,spk_2513,Malaysian English,male_masculine,twenties,12,4.94,1
common_voice_en_32357536.mp3,southeast_asia,If they need more water they must go down to Giba River.,7bb82b27360339561af6600a593668d19bbdcf5e28dc05113841c0ac3ded99b4,spk_2517,Filipino,male_masculine,teens,12,4.97,2
common_voice_en_39569507.mp3,southeast_asia,Chile is today one of South America's most stable and prosperous nations.,e2cefc8497163ca807cc2664ae9d0be3a2b69d0cc1a22010a13b758e4fc60c78,spk_2525,Filipino,,,12,8.75,1
common_voice_en_656313.mp3,southeast_asia,You can't believe it's not butter?,67bd7f45eabb951c741d6c9abcf2d24dc79249d05c9dce0dd8654623a3b4a7e5,spk_2530,Filipino,female_feminine,thirties,6,2.95,7
common_voice_en_656359.mp3,southeast_asia,I thought about the difficulties in translation that might arise.,e75e723be8e2b4161986f7af47672aeddfec5f8e2817ff6047aab179942ad28b,spk_2530,Filipino,female_feminine,thirties,10,4.08,7
common_voice_en_43793953.mp3,southeast_asia,This belief may decrease ones concerns relating to nicotine addiction.,fe65e3d43379c138495c99b6b3c4f4079a580e129b2b39aa3030d543127f860f,spk_2531,Filipino,,,10,10.37,1
common_voice_en_44721.mp3,southeast_asia,"They walked in from the rain, all dishevelled and steaming.",aa04f571e97c3e11698b686c700dd17c9eb54dda96a0ada261badc04f50523e8,spk_2533,Filipino,male_masculine,twenties,10,3.46,7
common_voice_en_624543.mp3,southeast_asia,"You'll watch them as they grow, demonstrating how the world is always changing.",d8658d6ddffd735ab39e2e4ebc2c7560ac4d90efd03c79f50f247bb9d79dcecf,spk_2550,Malaysian English,female_feminine,twenties,13,9.74,7
common_voice_en_23954439.mp3,southeast_asia,Low cost transfer variant geostationary satellite platform.,7b21affb118b092a75a5915a7285bb9aaf6c55e7a41efd993ac2a99aa6f4a40e,spk_2551,Filipino,female_feminine,twenties,7,5.86,2
common_voice_en_19792515.mp3,southeast_asia,Two other racing wheels are compatible with Gran Turismo.,24b155ae19c2cdaffb8798a0ad45f53052baf522c17b14c9366a09929d4bdb87,spk_2567,Malaysian English,male_masculine,twenties,9,4.42,2
common_voice_en_18792710.mp3,southeast_asia,"Vattel also published works other than his ""magnum opus"".",05400936ec78f2be70c1706f22274bf6b3cf856f0bc79ba380addd6363e0f9a1,spk_2569,Singaporean English,male_masculine,thirties,9,5.16,1
common_voice_en_26961812.mp3,southeast_asia,"He died at his official home, Lambeth Palace.",9d55a50b7e94c32f8f91197f076479bdc2505af26fa34f65ba0d5f69389e6d4f,spk_2571,Malaysian English,male_masculine,thirties,8,5.4,2
common_voice_en_17361465.mp3,southeast_asia,"For better physical understanding, let's first recap where the pivot point is.",077b18bf626da7e2fc7635bb1e7388a4f0f6eeaca4ba204cbb3395c671cd7330,spk_2577,Malaysian English,female_feminine,twenties,12,7.51,8
common_voice_en_17361469.mp3,southeast_asia,"It shouldn't be displayed on any book pages, or should it?",8738ccd186f1a9c20aee9dfc7a9959adad01ef643922bf8355f9d197e82ba5c6,spk_2577,Malaysian English,female_feminine,twenties,11,6.48,8
common_voice_en_564707.mp3,southeast_asia,A man contemplates his papers on the corner with a black suitcase by his side.,17c71ae5e9d27ee0e17bc5d29798f42cd87a16c79619f1053300c84b071bdfe7,spk_2578,Filipino,female_feminine,twenties,15,5.64,2
common_voice_en_22954508.mp3,southeast_asia,The form uses climbing rhyme.,66ee73eb8a93535a75418ae6b63c0754837988614a752e89464edc1b66328d36,spk_2584,Malaysian English,male_masculine,sixties,5,3.82,2
common_voice_en_23149657.mp3,southeast_asia,Its detractors do not classify Summerhill as a school.,680c9b1d1120002621a3203e14e81e8073bcfaa1643e737229bafa316ba019c1,spk_2585,Malaysian English,male_masculine,fifties,9,6.55,2
common_voice_en_36299972.mp3,southeast_asia,"That same year she lent her voice to the animation film ""Agent Crush"".",c8bd46490285fb4c4abc09902b7a070f776f7b444074ff546da070c7fd1860b1,spk_2608,Filipino,,,13,6.52,1
common_voice_en_129060.mp3,southeast_asia,He had understood the story the old king had told him.,fc5f3e3fc8f82566c69a281b6b3221bcd639b41546a5e1c1b29a5256836f54a8,spk_2614,Filipino,female_feminine,twenties,11,7.58,6
common_voice_en_1137940.mp3,southeast_asia,What can I do?,7b71ac6887edcb9d412afac4c6740901b0f6098a7fc6e5646ace8c58e8b0e76b,spk_2615,Malaysian English,male_masculine,twenties,4,3.43,7
common_voice_en_24001011.mp3,southeast_asia,"From this version, the project has also been moved to SourceForge for better maintenance.",7c808336fef02c249aa720b20dcf5a8b36b011edb1b5cd00f3bc04f3bcd34dd5,spk_2625,Filipino,,,14,6.62,1
common_voice_en_17434780.mp3,southeast_asia,"Alice, who the fuck is Bob?",ba0e123aaf74cee7d23a9179f1f9653b49f9985fba2ec30135e43d3446c777e7,spk_2640,Singaporean English,male_masculine,fourties,6,4.49,7
common_voice_en_17434803.mp3,southeast_asia,What are we to do?,afed34d5b2cc964cca55e3331238ac278cee5ce9644a064988b080b344a66cf2,spk_2640,Singaporean English,male_masculine,fourties,5,3.86,7
common_voice_en_38384054.mp3,southeast_asia,"Mechanical prediction approaches can incorporate clinical judgments, properly coded, in their predictions.",da4e73d058741000f22b88ed0207e1ffd63c7da4489906a3b8793ea2942b178f,spk_2643,Malaysian English,,,12,8.82,1
common_voice_en_37161506.mp3,southeast_asia,He also translated the Odes of Anacreon.,cdacb68f14d503d52af47b80374dc24ea1e77c9d317c216df980e3d0301e4281,spk_2656,Filipino,,,7,4.72,2
common_voice_en_22273049.mp3,southeast_asia,This album featured the departure of bassist Rob Horner.,5c84c611564f8270647f76d89661ec4640a53daf610d6f8721a03e76aa649809,spk_2664,Malaysian English,female_feminine,fourties,9,6.62,2
common_voice_en_17428245.mp3,southeast_asia,"The more you read, the better you will be understood.",7b5b2eb0a50e1f553ac726e9be677d5043b6ed55e2a0f8bf483056a61710175b,spk_2679,Singaporean English,male_masculine,teens,10,4.51,7
common_voice_en_17343582.mp3,southeast_asia,And what did you do then?,0083d29df653c2b7288b6599e952bb87da589fdefd0646a471f6ab44252c3876,spk_2689,Filipino,female_feminine,twenties,6,2.02,7
common_voice_en_17343603.mp3,southeast_asia,Where did you find that apple?,2fe838d45bc1a36de10f38e9a8bf1f2e1ce1f62f896d598efb33d6ebdb144a67,spk_2689,Filipino,female_feminine,twenties,6,1.75,7
common_voice_en_20555215.mp3,southeast_asia,It was the smallest decimal coin in both size and value.,3d3bb62a711fd760c1d8d38798394c85a8812a0a60be5f14662d24468e46f9ed,spk_2691,Filipino,male_masculine,teens,11,5.74,1
common_voice_en_17252855.mp3,southeast_asia,"""Don't know,"" was the reply.",cadf55ac6ca2325d55422d444812fd720def9d217258878d606ecd28d5318c9b,spk_2694,Malaysian English,male_masculine,twenties,5,2.78,7
common_voice_en_19454192.mp3,southeast_asia,Orienteers from all over the world come to the competition.,15ab362d55d2a5e44cc4d552d6aed8ba1b4646745b760afc752a7ae9b4be4dff,spk_2700,Malaysian English,male_masculine,fourties,10,3.94,2
common_voice_en_24977925.mp3,southeast_asia,The Type One was certainly doomed from the start.,87b097b7153936930ec205429bd32a34f1b59d1b7d64d2bc268a11c486215c1b,spk_2711,Filipino,,,9,3.49,1
common_voice_en_18893806.mp3,southeast_asia,"Due to their alliegance to the losing side, the Howard family's titles became forfeit.",0948d342614166bb00da79f7a56bf20a69a7127495f82b811f61db324e873d39,spk_2717,Singaporean English,male_masculine,twenties,14,7.1,1
common_voice_en_31323167.mp3,southeast_asia,It is judged by an independent panel made up of automotive journalists and experts.,46f0e9e877befe0920de36cef9710e60ce326007658a4c1665984def8649c777,spk_2718,Malaysian English,,,14,8.93,1
common_voice_en_103513.mp3,southeast_asia,It's called the principle of favorability.,9c02188486a44d9b1406f5f04ac4fd45f49533c3f62e9ffd3df30fe1294d0483,spk_2724,Filipino,male_masculine,,6,4.18,7
common_voice_en_103519.mp3,southeast_asia,The camel driver understood what the boy was saying.,e27f6edb7785b658e0097681a9b9d5d27868c0dc8ff31852d5affc513f3f6971,spk_2724,Filipino,male_masculine,,9,5.02,7
common_voice_en_17403383.mp3,southeast_asia,"Good-day to you, sir.",9db3859f65bec9c117e422398b9c0764bad21978c543e7a6ad5ce0e8fc37b4be,spk_2728,Malaysian English,male_masculine,thirties,4,3.46,7
common_voice_en_17403387.mp3,southeast_asia,How is Mozilla going to handle ambiguities like queue and cue?,affbf329ec70d5261578ec7e63e30e350d28158d4807e6f5536720aca946de07,spk_2728,Malaysian English,male_masculine,thirties,11,5.5,7
common_voice_en_32521591.mp3,southeast_asia,Clark County Deputy Marshals act as bailiffs for the court.,8431833286ba8008c8613faed1b2d771ca3d85e5bda5ad91e98d5799def88b22,spk_2738,Filipino,,,10,4.68,1
common_voice_en_23775002.mp3,southeast_asia,English words of Germanic origin are generally preserved relatively unchanged.,741159d6a9e2c158d4ec06805de38e5d705aff817d9ac68ecdda39084cc60526,spk_2746,Singaporean English,male_masculine,twenties,10,9.22,1
common_voice_en_32838857.mp3,southeast_asia,An office was also opened in Los Angeles during this period.,9ba64c063bcb89718d07bd4db92b15d3b37ae26bd76ec65cc46c7b4ae9b43717,spk_2759,Malaysian English,,,11,6.12,1
common_voice_en_24624746.mp3,southeast_asia,"The county is named for Return J. Meigs, Junior the fourth Governor of Ohio.",82b523c8c81991c73ae1f3b8cfdfe929c5330f0e38b387e72737efa15c72ebe3,spk_2782,Malaysian English,male_masculine,twenties,14,7.78,1
common_voice_en_20039913.mp3,southeast_asia,It is supported by the German Excellence Initiative.,2d88d325a442b97458f9291fc1695471ffe0d43e13c6e97cfc10e0a2365be4e2,spk_2784,Filipino,male_masculine,twenties,8,4.49,2
common_voice_en_678898.mp3,southeast_asia,The houses were squashed together like sardines.,cdcc1fc262caa2aefdb12e92f04b061acfdb3e9826c6b845ba2340ba5132cf01,spk_2802,Malaysian English,female_feminine,twenties,7,3.7,7
common_voice_en_28684374.mp3,southeast_asia,They aim to improve microtargeting by providing better web-enabled media targeting.,bbec835fb846e63337b3856d9281feed975bfc21f7435090a0380f2c7364ce6f,spk_2809,Filipino,male_masculine,teens,11,7.27,1
common_voice_en_568097.mp3,southeast_asia,"It was sprayed in red, with yellow edges.",43cad5d01e9b2a06e24ff8ce8a2f30a8dc239514030956cd0e09f90444198c5b,spk_2816,Filipino,female_feminine,teens,8,4.82,7
common_voice_en_17743530.mp3,southeast_asia,The Beatles were a famous English rock band.,0f541c52c1975887e7c03b605f8e4416f02774eef76fdb864699565170471acb,spk_2847,Singaporean English,male_masculine,twenties,8,4.06,7
common_voice_en_17743553.mp3,southeast_asia,At least twelve scripts were found in this chest.,82a991ecec47a14ba42ec9d3e847ee92e20754f1ef0560ddb8177ae732060a98,spk_2847,Singaporean English,male_masculine,twenties,9,3.26,7
common_voice_en_20674590.mp3,southeast_asia,Discharged veterans and fathers of serving men proved most effective.,3f26e288a1f6216ae33796184f530af500f40d336a2391c3ed22e240926315fb,spk_2849,Singaporean English,male_masculine,twenties,10,5.26,1
common_voice_en_38261213.mp3,southeast_asia,Two boys dressed as girls are yoked to the plough.,0c500933978bc9dacc8c309f20e96719a83fb15d50066704dc13999784c0fb20,spk_2856,Filipino,,,10,7.67,1
common_voice_en_27974127.mp3,southeast_asia,He taught social studies and coached basketball at several high schools in North Carolina.,b5efcb1b125c6d94cc75dbec3462ae40359a8594e9aa4bbb841e83244206575c,spk_2865,Singaporean English,female_feminine,thirties,14,8.64,1
common_voice_en_27446945.mp3,southeast_asia,Eventually it was absorbed by Akron and Cuyahoga Falls and ceased to exist.,ac27a8e0242f689676581f08e16c65cef097d322d44d1655f91bb2c1833c8f78,spk_2870,Malaysian English,male_masculine,teens,13,7.38,1
common_voice_en_17291449.mp3,southeast_asia,"Well, what is it?",d8df58d6c66a2988bc5148acc4bbb187520786b6cea3ae3f79eabd29e6de0e51,spk_2877,Malaysian English,male_masculine,twenties,4,2.45,8
common_voice_en_17291450.mp3,southeast_asia,"If you release the clutch too quickly, the engine will stall.",4e3d6f8c849a4e64092d2f51c6910fd7031a8657e640882b99a12c7c1bb68744,spk_2877,Malaysian English,male_masculine,twenties,11,4.42,7
common_voice_en_22769669.mp3,southeast_asia,"At the time, doctors advised him to slow his work pace.",64dc3a3facac5c6d0f70f088763e807760505bc403362dad6f40e8dc7ad57769,spk_2880,Singaporean English,female_feminine,twenties,11,5.38,2
common_voice_en_19727791.mp3,southeast_asia,Gao has also taken cases on behalf of Falun Gong practitioners.,2163ac988f163a46e16b644d824e6b2faf9b7af8bb458c012ff8cd6e824d07e2,spk_2884,Filipino,male_masculine,twenties,11,4.22,1
common_voice_en_28793978.mp3,southeast_asia,Their father worked as a shift manager in a New Hampshire shoe factory.,bd43c2fdab279879a39cafd41268a87522db6736c4e6046cb89cea84448fc3f7,spk_2885,Filipino,male_masculine,fourties,13,5.18,1
common_voice_en_18967266.mp3,southeast_asia,Lanterns decorate the stage with the names of festival sponsors.,0ae20419c53d856ba2543975f33f4844e6ffc443b47140da6aab6964f2833e67,spk_2898,Singaporean English,male_masculine,teens,10,5.23,2
common_voice_en_568159.mp3,southeast_asia,You can create bookmarks in you web browser to make browsing more convenient.,15d98fdf31777fb04591285b7553a737936399c5d8e5fac3f21331f4ce3e72ad,spk_2903,Filipino,male_masculine,fourties,13,5.62,7
common_voice_en_568213.mp3,southeast_asia,Please don't be lazy.,cf8f8471b06450d7f55f817565e81b87247ada2a9fa61751689687d7279a217b,spk_2903,Filipino,male_masculine,fourties,4,2.69,7
common_voice_en_43491.mp3,southeast_asia,Two dogs run through a field.,a11903db80918ed5aee3992e0f48a57f740b3310accfb8e21f055fa80e353bbf,spk_2906,Malaysian English,male_masculine,twenties,6,2.74,2
common_voice_en_17248775.mp3,southeast_asia,"I didn't find the blow-dryer, so I just used the vacuum-cleaner.",d5f867d87a06db9e8c35f7a37690d9739982ad6d91bf39598bea70f08960d492,spk_2907,Singaporean English,male_masculine,teens,11,4.46,7
common_voice_en_17250772.mp3,southeast_asia,"I heard the land where the hobbits live, the Shire, has actually been filmed in New Zealand.",8bae1a65d6f2f8a53bc390228f7cf72e7e0ccb6265f687602f943f977cc1e319,spk_2907,Singaporean English,male_masculine,teens,17,7.58,7
common_voice_en_25124041.mp3,southeast_asia,Boer victories intensified patriotic pan-Afrikaner sentiments among the Cape Dutch.,8b0b4049b01c724b1bb9767c61cf5033aacb4e162b837dff48b034750989e437,spk_2919,Filipino,male_masculine,twenties,10,6.19,2
common_voice_en_37655967.mp3,southeast_asia,The City of Water Valley is served by the Water Valley School District.,d08828a8421ea4667abdc849d3b014f67c11f5ee41f46911a9065bea1169bde0,spk_2925,Filipino,,,13,5.8,1
common_voice_en_27374706.mp3,southeast_asia,"They offer four different types of crust: Original, Golden, Mozza-Loaded, and Thin.",aa478e0ee040bbe696bb3d63bd71824e01b4dbd0fa9d33b8bf20b4cb11eadf2c,spk_2929,Singaporean English,,fourties,12,9.22,2
common_voice_en_40125677.mp3,southeast_asia,A number of roads pass through Goatstown.,e940e42103a84170f6bd7f1a0ff3958f3aeeacebd8a4e12f7fbfa0bad353e364,spk_2932,Malaysian English,male_masculine,twenties,7,4.07,1
common_voice_en_37879940.mp3,southern_africa,The nearest railway station is at Romford.,d1c6a09180d73ec9b79c53893928652fa46e7b1e02700afda927d80c19b0a0e0,spk_0021,South African English Accent,,,7,5.62,1
common_voice_en_32811567.mp3,southern_africa,He travels back with it home to Stockholm.,98c7f6ce0aa90a49016744c167a85ccd9677171617c7d25a453dda47c560f06c,spk_0029,"Southern African (South Africa, Zimbabwe, Namibia)",,,8,5.51,1
common_voice_en_38130452.mp3,southern_africa,"Nicholls was known as the ""Prince of Threequarters"".",d7010da100f243e6b970dc8f493aa9d51f5e989f025feb54f93572d6975c08b6,spk_0031,"Southern African (South Africa, Zimbabwe, Namibia)",male_masculine,thirties,8,4.36,1
common_voice_en_38022924.mp3,southern_africa,Economists conducted an experiment observing distrust through a trust game.,d3cb6d9ebd915404220b7976a6bb4e819e67f3152832fa01caf98fd01e7afeb8,spk_0038,South African  English accent,female_feminine,twenties,10,8.75,1
common_voice_en_17717561.mp3,southern_africa,There's no accounting for tastes.,ccbbb0c3a6bbb2ce8cb69245d1308aaa858c5c7ce608f80c55e5090cadd772ae,spk_0054,"Southern African (South Africa, Zimbabwe, Namibia)",male_masculine,fifties,5,4.42,8
common_voice_en_22550500.mp3,southern_africa,The Highschool was quickly becoming overcrowded.,6236e6e610b9e42e5f9ee0bb027eec74062b44f8675a60e584933f5a50eb7502,spk_0057,"Southern African (South Africa, Zimbabwe, Namibia)",male_masculine,thirties,6,4.3,2
common_voice_en_19967538.mp3,southern_africa,She is the daughter of Trenggono and Rachma Widadiningsih.,2a851644ff152ec11d29634fa9c4f449dad5f572d2acb0e2b5f57045307d01db,spk_0058,"Southern African (South Africa, Zimbabwe, Namibia)",male_masculine,fifties,9,6.46,2
common_voice_en_20354.mp3,southern_africa,The turf and gravel around it seemed charred as if by a sudden explosion.,a9b943abe9e0605ab6d8a070a8febd4b3937129b7a373d59b709f73d45687ea4,spk_0078,"Southern African (South Africa, Zimbabwe, Namibia)",male_masculine,twenties,14,5.3,7
common_voice_en_20356.mp3,southern_africa,The boy said nothing.,c690c5a2a79fdf3e7e26e9605fe1907a8d5f6cecfbcbd214c325bdb3bc067063,spk_0078,"Southern African (South Africa, Zimbabwe, Namibia)",male_masculine,twenties,4,2.3,7
common_voice_en_635079.mp3,southern_africa,Vanessa cannot undo her mistake.,99796091e182e4b4c989075e5e3c5ace14404c28bcf8e79bd3ab07568f729b89,spk_0080,"Southern African (South Africa, Zimbabwe, Namibia)",male_masculine,teens,5,4.22,7
common_voice_en_17881645.mp3,southern_africa,"The director has a crush on the actress, I think.",80b5eda18fa0f4f6018586204958c2f65f7a4a1a7532c5319e7acdce4cf38b02,spk_0086,"Southern African (South Africa, Zimbabwe, Namibia)",female_feminine,,10,6.89,7
common_voice_en_17881653.mp3,southern_africa,But you are joking.,e76cde88378846ae235824f8792c6ed4af784ec2aa8d8f70cb4a3d57f069e7a8,spk_0086,"Southern African (South Africa, Zimbabwe, Namibia)",female_feminine,,4,2.78,7
common_voice_en_19984878.mp3,southern_africa,Huxley is part of the Ballard Community School District.,2bc52b1683e8e8278a448134a99bf9feecafef53c63858df05f34a9e06fbdacd,spk_0111,"Southern African (South Africa, Zimbabwe, Namibia)",male_masculine,twenties,9,5.78,1
common_voice_en_18995858.mp3,southern_africa,This multifacted project thus became a model for future efforts in the Cold War.,0bf1ed3f7a6a4ef5649f94090f3de5d4bd0285218903a2d389e7fac6702d1d00,spk_0113,"Southern African (South Africa, Zimbabwe, Namibia)",male_masculine,twenties,14,7.3,1
common_voice_en_17268537.mp3,southern_africa,What did I tell you?,b8bb448cb05b5d10df276dedef2f45f7,spk_0132,"Southern African (South Africa, Zimbabwe, Namibia)",male_masculine,fourties,5,5.42,6
common_voice_en_680662.mp3,southern_africa,"Bacon, pancakes and maple syrup is a hearty start to any day.",d3ac0cfe90f3e0aeadfba7c6b445d8d9fcb332572d8ac1e203e1466b8b2a00ee,spk_0137,"Southern African (South Africa, Zimbabwe, Namibia)",male_masculine,fifties,12,5.5,7
common_voice_en_533263.mp3,southern_africa,"There were raised voices,and some sort of struggle appeared to be going on. .",65b2e488b007187a974e6f7f36182e76a5c82d1a8c2fade06da66dee5c20e446,spk_0139,"Southern African (South Africa, Zimbabwe, Namibia)",male_masculine,fourties,14,5.02,7
common_voice_en_17761047.mp3,southern_africa,A flight of musical notes.,a8235d210bf2970b0a33da8a5611d3d8c34e8d1499fc3884527b9b861fc38045,spk_0140,"Southern African (South Africa, Zimbabwe, Namibia)",male_masculine,thirties,5,4.32,6
common_voice_en_17283571.mp3,southern_africa,"Speedbird niner, turn left heading two seven zero, climb and maintain flight level three five.",04c4f546e9345eb8adc1624a0ff4ba15,spk_0159,"Southern African (South Africa, Zimbabwe, Namibia)",male_masculine,thirties,15,7.49,7
common_voice_en_17283579.mp3,southern_africa,Where is my dress?,566a6c92aa3bfac05703b4bdcfb29195,spk_0159,"Southern African (South Africa, Zimbabwe, Namibia)",male_masculine,thirties,4,2.18,7
common_voice_en_37846629.mp3,southern_africa,The rogue chapter at Sacred Heart University has claimed the title of Zeta Chapter.,d144f4a11057a33a957e4c9d1a9ccaf3bf279a61249d9bd91674426df7853eaa,spk_0174,"Southern African (South Africa, Zimbabwe, Namibia)",,,14,7.24,2
common_voice_en_18104065.mp3,southern_africa,How long have you had this bruise?,5e86deebdbbf69a7ec15b26f2992aabfece5693a623f8caac2dbaca87c9c0e33,spk_0185,"Southern African (South Africa, Zimbabwe, Namibia)",male_masculine,twenties,7,3.14,7
common_voice_en_39573140.mp3,southern_africa,"She presses David to confront them, but he refuses.",e2e715b1cc3e8e83cc5b28aaa7fcbc081f2fe7c5e3879c74c04f212e94d6a3d9,spk_0193,"Southern African (South Africa, Zimbabwe, Namibia)",,,9,5.8,1
common_voice_en_37991125.mp3,southern_africa,It effectively serves as cultural center for the improvement of civil–military relations.,d31ca4430855e4322bb2aec26b263186a38c162b4e646b99a9e2e38c7459ec89,spk_0194,"Southern African (South Africa, Zimbabwe, Namibia)",male_masculine,fourties,12,7.13,1
common_voice_en_39997794.mp3,southern_africa,"For several years, she was married to Len Wein.",e87c2295d94605226adc7b1e208b120c0b8be8930c97e8f385c2a780320c4467,spk_0215,South African,,,9,4.93,1
common_voice_en_669325.mp3,southern_africa,He heard a muffled grating sound and saw the black mark jerk forward an inch or so.,af1bade7770d20ff14a840631553758ab4282855a1233a66a58f0577b68e5eec,spk_0228,"Southern African (South Africa, Zimbabwe, Namibia)",male_masculine,teens,17,7.32,7
common_voice_en_488434.mp3,southern_africa,"""What a load of trash"", Sarah opined.",04400f0f9d1b292ec75c40e2394f42b64e69de5b77139f6dd6bd789a7331756b,spk_0240,"Southern African (South Africa, Zimbabwe, Namibia)",male_masculine,thirties,7,4.46,6
common_voice_en_18472597.mp3,southern_africa,"Unslinging his gun, he restrained himself from his Sunday occupations no longer.",5b3a38eb646430f3081dfdc1c0bdd04ccbaeda905bda9fd13117c9a5de9ea736,spk_0242,"Southern African (South Africa, Zimbabwe, Namibia)",female_feminine,twenties,12,7.25,4
common_voice_en_509167.mp3,southern_africa,He took back his books and packed them away again in their bags.,428621a7f7e79f830446e308b0319da0a844729a7cc08e24bdd84ece90632298,spk_0244,"Southern African (South Africa, Zimbabwe, Namibia)",male_masculine,sixties,13,7.61,6
common_voice_en_19181718.mp3,southern_africa,"Keynes, Ragnar Frisch and Milton Friedman.",101c85575b88d1b72d8b12e44bee9ce59ddfeee03779d0045bc724ad31d968a0,spk_0262,"Southern African (South Africa, Zimbabwe, Namibia)",male_masculine,thirties,6,4.9,1
common_voice_en_38396198.mp3,southern_africa,An example for a current source is shown in the figure on the right.,da7809655b817b4c9b2645389621899c5fa7b3df6860a0e53239359dc4ffd466,spk_0277,"Southern African (South Africa, Zimbabwe, Namibia)",female_feminine,twenties,14,5.9,1
common_voice_en_22178626.mp3,southern_africa,Over seven species of trout can be found in the area lakes.,5aa91aa52a93471e2a117ff6b384087320a1db0a0d24b51b30e98e83f35e378a,spk_0279,"Southern African (South Africa, Zimbabwe, Namibia)",female_feminine,fourties,12,6.36,1
common_voice_en_17296516.mp3,southern_africa,"Look John, I just cannot support that.",111fabddc94979b5d47cc618386b4032af03b6817a459d2e1a22eaebb62199e7,spk_0281,"Southern African (South Africa, Zimbabwe, Namibia)",male_masculine,thirties,7,5.04,7
common_voice_en_37303666.mp3,southern_africa,"In plaintext files, there are two common formats.",ce8c80ac6197df1119ad9ffeffde2f744beac2d06b72848e2cce0f0b69f08ef5,spk_0282,"Southern African (South Africa, Zimbabwe, Namibia)",male_masculine,fourties,8,6.05,2
common_voice_en_31099817.mp3,southern_africa,He previously played for Edinburgh Rugby.,3e7f92a1031b410e920acbabbc245a4187850163c37b7d86b56fd1836c200b38,spk_0284,"Southern African (South Africa, Zimbabwe, Namibia)",,,6,4.32,1
common_voice_en_30444078.mp3,southern_africa,His interest in acting and stage plays was triggered at an early age.,185306bd4ec13b5aacf97ac588238954896635e7cfab409ac7bab99f9ce45077,spk_0285,"Southern African (South Africa, Zimbabwe, Namibia)",,,13,4.79,1
common_voice_en_1100186.mp3,southern_africa,A friend to everybody is a friend to nobody.,99cbd12cffb46c4bd5b39be01158cd57d2ac403b1f9992fa598b62244be5f5c7,spk_0290,"Southern African (South Africa, Zimbabwe, Namibia)",male_masculine,sixties,9,5.66,4
common_voice_en_17443665.mp3,southern_africa,"To summarize, our comprehensive survey discloses the true versatility of their method.",b9ad3406827da63d56b9ec9f420ebc83ed528dd16766f7e93fe0ccbdf959cec1,spk_0292,"Southern African (South Africa, Zimbabwe, Namibia)",male_masculine,twenties,12,8.06,7
common_voice_en_17443670.mp3,southern_africa,"Wandering years, in which a journeyman went from place to place after his Lekrjahre, to acquire further experience.",8b9a1fb3199cfe6e6494af2cd1076bcc58e49c66e515d3d5b2ac1993d0ed83ee,spk_0292,"Southern African (South Africa, Zimbabwe, Namibia)",male_masculine,twenties,18,8.18,7
common_voice_en_33674402.mp3,southern_africa,The circuit courts are organized into nine judicial administrative districts.,b0216f44e9c0f21932394a4e13319af2725ac2c2b6ac4dce07e27d404daebd6d,spk_0298,"Southern African (South Africa, Zimbabwe, Namibia)",male_masculine,twenties,10,6.59,1
common_voice_en_19956129.mp3,southern_africa,Marge and Lisa try to pry them apart.,2a1a06b4851f37f59937132cf642803f37eb316beb775209d14572f357be0670,spk_0308,"Southern African (South Africa, Zimbabwe, Namibia)",male_masculine,twenties,8,3.89,2
common_voice_en_35034657.mp3,southern_africa,It is the largest genus of plants in terms of described species.,c484c65be22bd621e5b4cc0dae0b7bde6a4855912605124c74f2232ac2827d47,spk_0313,"Southern African (South Africa, Zimbabwe, Namibia)",male_masculine,twenties,12,5.87,2
common_voice_en_614789.mp3,southern_africa,"Then he dropped his spade, picked up his jacket, and came out into the road.",2b2d5f09de608c6f90d1986563f836e819575367b26ecf46f7aacddc4ee5d1cc,spk_0336,"Southern African (South Africa, Zimbabwe, Namibia)",female_feminine,thirties,15,5.18,7
common_voice_en_614839.mp3,southern_africa,It seemed to him that it fell to earth about one hundred miles east of here.,e6f6cd0374f5236f15d55671f6c9b89485754f5d3323ef1d86f7cfe942c992e6,spk_0336,"Southern African (South Africa, Zimbabwe, Namibia)",female_feminine,thirties,16,5.78,7
common_voice_en_35007768.mp3,southern_africa,The list is sorted alphabetically.,c477e055c127145cae9befbcd998e68a0bc8fe76c36b8da0d4d1bb6032a51c7a,spk_0346,"Southern African (South Africa, Zimbabwe, Namibia)",male_masculine,fourties,5,3.78,1
common_voice_en_40401215.mp3,southern_africa,Samuel Spencer became Southern's first president.,ebfd491b95469ef245fc020c1b6d7ebdc2d50b235bbd467072db56064ae470c2,spk_0356,"2nd language, South African (first language Afrikaans)",,,6,5.69,1
common_voice_en_24883637.mp3,southern_africa,French serves as a statutory national language.,860c60c82f1d3aec834f3b1a6c9899982db27c5a5e32393b4da44aa39f9da6a1,spk_0378,"Southern African (South Africa, Zimbabwe, Namibia)",male_masculine,thirties,7,5.47,2
common_voice_en_37374628.mp3,southern_africa,"Munro travelled to Bonneville ten times, the first time for ""sightseeing"" purposes.",cedb240ae98487db475624cd7cd0f7244fdccc46f0dc812211b15e8f661e7035,spk_0379,"Southern African (South Africa, Zimbabwe, Namibia)",,,12,7.52,1
common_voice_en_38034181.mp3,southern_africa,"He died with his third novel, concerning spontaneous human combustion, unfinished.",d4ab3e8b6d657f9817a36496f6e91fb13fa8592b0795eb9b2dc251a894127a71,spk_0384,"Southern African (South Africa, Zimbabwe, Namibia)",male_masculine,thirties,11,7.45,1
common_voice_en_38692520.mp3,southern_africa,"It flowers throughout the summer, from April to October.",dd85f434a79f009dbfe774511503c94b3c8c8e7c6375c54e5e252e1495196b3e,spk_0388,"Southern African (South Africa, Zimbabwe, Namibia)",female_feminine,twenties,9,5.76,2
common_voice_en_42799557.mp3,southern_africa,He became proficient in German.,f931a391ea94fc73737cbe6bf2a119c93fa0d7a025d2f1975498bbdd22d057d4,spk_0389,"Southern African (South Africa, Zimbabwe, Namibia)",female_feminine,twenties,5,3.24,1
common_voice_en_33401.mp3,southern_africa,"Then, you taught me something of the universal language and the Soul of the World.",ae87ad3bcfe4ed0dc90b4033e55c2ef30e811d0251224504daf85083eb82875b,spk_0399,"Southern African (South Africa, Zimbabwe, Namibia)",female_feminine,fourties,15,6.38,7
common_voice_en_33402.mp3,southern_africa,The guy thought he was a lunatic at large and made an unsuccessful attempt to stop him.,bd2bed4ff2236f46d2dfe8f2b347f51807ae9655d4978e56aef7ddda67e55186,spk_0399,"Southern African (South Africa, Zimbabwe, Namibia)",female_feminine,fourties,17,6.46,7
common_voice_en_18653343.mp3,southern_africa,He returned to the verandah wondering what he should do.,0e41cae04a50fd8535b7ee96274af9cdcfea6baaeb443f7ed9d5ef967b620dd4,spk_0407,"Southern African (South Africa, Zimbabwe, Namibia)",female_feminine,thirties,10,3.86,4
common_voice_en_35714313.mp3,southern_africa,Later Mamluks were trained as cavalry soldiers.,c7fea89dca8a16b471a515ff31ef33a818b004ec50a38d2391d526c12eb8e8e1,spk_0442,"Southern African (South Africa, Zimbabwe, Namibia)",male_masculine,fourties,7,6.12,1
common_voice_en_575900.mp3,southern_africa,He won't leave the circle.,5d72597880ca8e250fb7221b8ebc1c5342e8910173d540fa6c5d60b953cc2607,spk_0456,"Southern African (South Africa, Zimbabwe, Namibia)",female_feminine,twenties,5,2.52,7
common_voice_en_575901.mp3,southern_africa,"The boy smiled, and continued digging.",639932d7911970d4d867fa53804892acd9a43e3c94a9dbc1074e15286723489d,spk_0456,"Southern African (South Africa, Zimbabwe, Namibia)",female_feminine,twenties,6,3.79,7
common_voice_en_18844783.mp3,southern_africa,"Therefore, only aluminum hydroxide was generated.",0717070f4135f0ab657c4739cca8c0745ed570c256389bbcf8712437cfd3381c,spk_0458,"Southern African (South Africa, Zimbabwe, Namibia)",male_masculine,twenties,6,6.58,2
common_voice_en_604537.mp3,southern_africa,Young girl walking in a bright yellow sundress.,cc64a810381343841f4916e5c2108191c76c5b3fa859ae19d5d710ba136038d4,spk_0475,"Southern African (South Africa, Zimbabwe, Namibia)",male_masculine,thirties,8,4.46,1
common_voice_en_38140147.mp3,southern_africa,He often collaborated with directors Michael Wilson and Mark Lamos.,d73ae383a232641b9e1e0b4b77e9d236e5e101979c2b3aafb20e335137429696,spk_0479,"Southern African (South Africa, Zimbabwe, Namibia)",,,10,5.4,1
common_voice_en_20012503.mp3,southern_africa,"Like sparkling Champagne, most wines are non-vintage.",2ccd40d0070a709a9a0854367022ddc4ff074665782aec994742fe078244510c,spk_0481,"Southern African (South Africa, Zimbabwe, Namibia)",male_masculine,twenties,7,6.34,2
common_voice_en_17996537.mp3,southern_africa,We need grain to keep our mules healthy.,312e8b8c44bac7d6d9d69b87f8fc1d851db914250edcc0b6e91816bf20b9a7c1,spk_0488,"Southern African (South Africa, Zimbabwe, Namibia)",male_masculine,twenties,8,3.65,7
common_voice_en_17996539.mp3,southern_africa,The other bridge was for everyone else.,5bcae12a1b4a4375d6c5332be22d9719e4d0e8c4601b298e530f745e7b9d00ae,spk_0488,"Southern African (South Africa, Zimbabwe, Namibia)",male_masculine,twenties,7,3.36,7
common_voice_en_37757570.mp3,southern_africa,"Following this, writers began exhorting Congress to occupy the Oregon Territory.",d0c7d15928dbc62618db53d40117dedfbc0dcca1d572e222292403611122d06c,spk_0496,"Southern African (South Africa, Zimbabwe, Namibia)",male_masculine,thirties,11,6.66,1
common_voice_en_18014310.mp3,southern_africa,I always have to sneeze after eating grapes.,7dc82ca24b164412dd655e7142d58f25d55c157545798356655793d90558418f,spk_0503,"Southern African (South Africa, Zimbabwe, Namibia)",male_masculine,twenties,8,4.44,6
common_voice_en_126846.mp3,southern_africa,"In another year, maybe I can help.",892eba2f0c9289e422ee5eb1adeb3a345021ff86671d66255fd97ed36027567a,spk_0505,"Southern African (South Africa, Zimbabwe, Namibia)",male_masculine,twenties,7,4.22,6
common_voice_en_17926036.mp3,southern_africa,What joy there is in living?,c601ef359df60891efcd292c5876e9d224531b80ec32821c8c06dcd738642cdb,spk_0508,"Southern African (South Africa, Zimbabwe, Namibia)",male_masculine,thirties,6,2.74,8
common_voice_en_18008106.mp3,southern_africa,"Oh, you are, eh?",5039f73307189c07f32cc0be5882b59230eadffd3e637a26361c8e0320788ebd,spk_0508,"Southern African (South Africa, Zimbabwe, Namibia)",male_masculine,thirties,4,2.71,7
common_voice_en_37993596.mp3,southern_africa,"Directly after recording, Zao hit the road with In Flames, Trivium and DevilDriver.",d2f67fdf350866be964a81d86ae22898c6209129411c87e85770bf24622d5acc,spk_0511,"Southern African (South Africa, Zimbabwe, Namibia)",,,13,8.14,1
common_voice_en_38835262.mp3,southern_africa,Riders are secured by an over-the-shoulder harness.,df70f91b470238e853624e671e6cfe4e881c8074e14072a123af7248c49d20c9,spk_0529,"Southern African (South Africa, Zimbabwe, Namibia)",female_feminine,twenties,7,5.69,1
common_voice_en_1537594.mp3,southern_africa,Use a pencil to write the first draft.,8e85de13fa83ee02fad75ceb8b6329dd827626188cd5bc41fd73a9d68e8f73e3,spk_0548,"Southern African (South Africa, Zimbabwe, Namibia)",male_masculine,twenties,8,3.77,7
common_voice_en_17343605.mp3,southern_africa,Have you seen Hollie?,81d48a4077dd0d7aaf784656d05aafe71e802fbd978dbc683ca137e929165693,spk_0551,"Southern African (South Africa, Zimbabwe, Namibia)",male_masculine,thirties,4,3.46,8
common_voice_en_17343628.mp3,southern_africa,"Well, what is it?",d8df58d6c66a2988bc5148acc4bbb187520786b6cea3ae3f79eabd29e6de0e51,spk_0551,"Southern African (South Africa, Zimbabwe, Namibia)",male_masculine,thirties,4,3.74,8
common_voice_en_575335.mp3,southern_africa,But can we trust him?,3d415c7f84e2386c49123ee8f20759ac631d9a9f6d295640310672630a5e43c9,spk_0564,"Southern African (South Africa, Zimbabwe, Namibia)",male_masculine,fourties,5,2.42,7
common_voice_en_575357.mp3,southern_africa,"From the railway station in the distance came the sound of trains, ringing and rumbling.",ae40b2d7757abe783d554f4135042c03ab8e74dadea21559706f9dcfc7096f38,spk_0564,"Southern African (South Africa, Zimbabwe, Namibia)",male_masculine,fourties,15,6.34,7
common_voice_en_19534008.mp3,southern_africa,"The airline had its head office in Kaloum, Conakry.",182b553a4d498443d18eb6c9f04f94b9f005f801a3800a8b3681b363c633f961,spk_0568,"Southern African (South Africa, Zimbabwe, Namibia)",male_masculine,twenties,9,5.3,1
common_voice_en_40426223.mp3,southern_africa,The team had been undergoing poor performances in the subsequent years.,ec2482c06f802b6f023b58a86e62d63422c94456bc18468ecc92069c13ad8aa3,spk_0571,"Southern African (South Africa, Zimbabwe, Namibia)",,,11,8.03,1
common_voice_en_25170856.mp3,southern_africa,The area had been occupied by indigenous peoples for thousands of years.,8c5f95af4b4cc1be1b603fba2b3fa54ad37a2183981c1e6206ef4a6cb6f9a441,spk_0572,"Southern African (South Africa, Zimbabwe, Namibia)",male_masculine,thirties,12,5.26,2
common_voice_en_503989.mp3,southern_africa,"They walked in from the rain, all dishevelled and steaming.",aa04f571e97c3e11698b686c700dd17c9eb54dda96a0ada261badc04f50523e8,spk_0574,"Southern African (South Africa, Zimbabwe, Namibia)",male_masculine,sixties,10,6.07,7
common_voice_en_18118145.mp3,southern_africa,"I promise, I will be careful!",98107ffeec650271e9b30c425e55e63ef1cfb82e001f9c62e2f099e54eb9710b,spk_0589,"Southern African (South Africa, Zimbabwe, Namibia)",male_masculine,thirties,6,2.83,8
common_voice_en_18118151.mp3,southern_africa,"You know, he is an honest man.",1d7576a1c1ea24d09fe27f6fb957eceaaee9e2a0694d0f5d3d084e8b427c5000,spk_0589,"Southern African (South Africa, Zimbabwe, Namibia)",male_masculine,thirties,7,3.43,8
common_voice_en_29412880.mp3,southern_africa,It's a comfortable pair of jeans as a song.,c136499e83f42d3619e6f9ee94b7cf611edad22ebf643253ca11ec9e309bd1ce,spk_0594,"Southern African (South Africa, Zimbabwe, Namibia)",,,9,2.88,1
common_voice_en_41850675.mp3,southern_africa,It is owned by the Helena Regional Airport Authority.,f52b5bb7a38c8ebb56932d873b434b11b2c725c9daa9e432836fb5a4d978f257,spk_0597,"Southern African (South Africa, Zimbabwe, Namibia)",,sixties,9,5.62,1
common_voice_en_19540115.mp3,southern_africa,They were in flight!,18584436db6b1d3bc180ffbdab74e1ae654233c2f485197f37c94fe59182337d,spk_0611,"Southern African (South Africa, Zimbabwe, Namibia)",male_masculine,thirties,4,2.74,1
common_voice_en_579741.mp3,southern_africa,I had no idea it was so late.,61568336df842e580103cac51f2c0e75437cde758e11dde8d3d560eeb2cf1ad9,spk_0617,"Southern African (South Africa, Zimbabwe, Namibia)",female_feminine,thirties,8,6.24,7
common_voice_en_39914433.mp3,southern_africa,It has been worshiped as a sacred mountain from the time of antiquity.,e7748548f3ea1084a29ab70d8966c65c52d71cde74c3e4127f70f76cae752d18,spk_0625,Zambia,,,13,7.06,1
common_voice_en_569339.mp3,southern_africa,"When the sun sets, the men will once again surrender their arms to me.",050d7343fd41df139360eac2ffb2d0d362e36c4f76ef119cbc839ba3aacc18e6,spk_0641,"Southern African (South Africa, Zimbabwe, Namibia)",male_masculine,sixties,14,5.71,7
common_voice_en_569412.mp3,southern_africa,"But when the reign of Tiberius ended, his poems were forgotten.",e605a2c7db1289a92dfc3df2941ca90d5c5b5db5ed0852ec357f5b39f0988278,spk_0641,"Southern African (South Africa, Zimbabwe, Namibia)",male_masculine,sixties,11,5.11,7
common_voice_en_25383647.mp3,southern_africa,"He is also a clarinetist, saxophonist, sound artist, and video artist.",9108b86ac5dbace3dd3666495d8d176755032e912e25a24f0852fef9934c32c2,spk_0642,"Southern African (South Africa, Zimbabwe, Namibia)",male_masculine,fourties,11,6.41,1
common_voice_en_38023465.mp3,southern_africa,"""William R. Rush"" then set course for Bahrain.",d3d2b2bc6f879226fde7d96be7332ead77f47ee794d7a275de34c0cfceb7fc5e,spk_0643,"Southern African (South Africa, Zimbabwe, Namibia)",female_feminine,thirties,8,4.86,1
common_voice_en_18833171.mp3,southern_africa,This has protected the area from urban encroachment.,068a2e66976bd1943d6e0a510bc5fcae85003b142d1b0b69c32c5d4465347ff7,spk_0649,"Southern African (South Africa, Zimbabwe, Namibia)",male_masculine,sixties,8,5.78,1
common_voice_en_209199.mp3,southern_africa,"Maktub, thought the boy.",3c2a5f756eb6858546232f6cdab2339ea15e63345c1923107eed5e4e7d6b5020,spk_0654,"Southern African (South Africa, Zimbabwe, Namibia)",male_masculine,twenties,4,2.52,7
common_voice_en_37781141.mp3,southern_africa,"Grieg, reportedly, in defiance claimed that his next sonata would be even more Norwegian.",d0e82c976664fb4836cd2738530294590024c5d3e356939434594dc48b61d8c1,spk_0662,"Southern African (South Africa, Zimbabwe, Namibia)",,,14,8.64,1
common_voice_en_19524811.mp3,southern_africa,"Despite the tantalizing possibilities, Laws hedges his bets and never cuts loose.",17c6622447bb58c2796300f1c4a2ee3f7625f3fd177a87e01baed6a669c61d7d,spk_0663,"Southern African (South Africa, Zimbabwe, Namibia)",female_feminine,twenties,12,8.3,1
common_voice_en_19051085.mp3,southern_africa,The stadium is scheduled for major reconstruction over the next several years.,0d46fcae01ef83f64ba7013467ae8e65e430b2f907ff2fe4a93650ee63fbd14b,spk_0673,"Southern African (South Africa, Zimbabwe, Namibia)",male_masculine,thirties,12,5.93,2
common_voice_en_128217.mp3,southern_africa,"The horse reared again, raising a cloud of dust.",6688f9fdd4dc943390e3453c39344a51a7881bc11da7dee570276638cd16c39f,spk_0676,"Southern African (South Africa, Zimbabwe, Namibia)",male_masculine,thirties,9,4.8,6
common_voice_en_24164615.mp3,southern_africa,Speculation as to the cause of Zewditu's death continues today.,7eb1564cb89fedceb70d70f455ffe828e658baf8c32d7d4c6dc48fb743ba54ef,spk_0692,"Southern African (South Africa, Zimbabwe, Namibia)",female_feminine,teens,10,4.9,2
common_voice_en_39139.mp3,southern_africa,"Hundreds must have seen it, and taken it for a falling star.",56b4b23e494d8df0cb2836cc51a7734c6945cc8c4a39000da4733dae0ee78a2b,spk_0699,"Southern African (South Africa, Zimbabwe, Namibia)",,fifties,12,5.52,7
common_voice_en_39140.mp3,southern_africa,You can't believe it's not butter?,67bd7f45eabb951c741d6c9abcf2d24dc79249d05c9dce0dd8654623a3b4a7e5,spk_0699,"Southern African (South Africa, Zimbabwe, Namibia)",,fifties,6,3.24,7
common_voice_en_41830278.mp3,southern_africa,Message discipline is often practiced around wedge issues.,f5270583f3b42568f406e09a31c84b0d0e769d6a0235c83284e2557708c545f5,spk_0711,"Southern African (South Africa, Zimbabwe, Namibia)",,,8,9.47,1
common_voice_en_32810080.mp3,southern_africa,The vaccine is named after the Iranian nuclear scientist Mohsen Fakhrizadeh.,992a256f9ca125024fffffbc1f968a335257b942e5e1b5024878d16f4d7fa143,spk_0720,"Southern African (South Africa, Zimbabwe, Namibia)",,fifties,11,9.25,1
common_voice_en_19754598.mp3,southern_africa,All songs composed by Richard D. James.,22dd0679d401643731fe4134b33d7b2b07b8bd6bb2a652e04bd59000f4221107,spk_0723,"Southern African (South Africa, Zimbabwe, Namibia)",male_masculine,thirties,7,3.38,2
common_voice_en_37673672.mp3,southern_africa,Useful programs to illustrate a concept could be written in a dozen lines.,d0a0da3de08e3f9c1eb90e8de6950582f500141f4bfe5754896c23491b9859d8,spk_0734,"Southern African (South Africa, Zimbabwe, Namibia)",male_masculine,twenties,13,5.51,1
common_voice_en_698477.mp3,southern_africa,The secret is here in the present.,1ad7365e788a59522bf217e3b8774b4de396f86d836e26a50ca84efd0623b393,spk_0741,"Southern African (South Africa, Zimbabwe, Namibia)",male_masculine,sixties,7,3.94,6
common_voice_en_17271699.mp3,southern_africa,"Sine, cosine and tangent are three basic trigonometric equations you'll need to know.",d6386f8cae3fb56a70a97ea176d10374,spk_0751,"Southern African (South Africa, Zimbabwe, Namibia)",female_feminine,fifties,13,9.12,7
common_voice_en_38331329.mp3,southern_africa,Vakaga is known for its oil reserves.,d98e51248795c8dec2a6d726a83e328ace4246ffdc39b2f5459f408860e94027,spk_0767,"Southern African (South Africa, Zimbabwe, Namibia)",female_feminine,twenties,7,5.22,1
common_voice_en_19716450.mp3,southern_africa,"However, by the time of her arrival, hostilities had already ceased.",20c48edf3f04c118252e11546677c3fee04b49643a2e996029a6b1be6806a38c,spk_0770,"Southern African (South Africa, Zimbabwe, Namibia)",female_feminine,twenties,11,6.31,1
common_voice_en_27385233.mp3,southern_africa,It is located in the Arbuckle Mountains and is named after Mazeppa Turner.,aa70549540e872d67516aeadc2d8c369f03a8480d57bd96b6d3b21f3f361e12b,spk_0771,"Southern African (South Africa, Zimbabwe, Namibia)",,,13,5.58,1
common_voice_en_18248271.mp3,southern_africa,Dispense with a vest on a day like this.,7cad9199f97563a4d40c05546d3090f28c69d6322859393aaced65a89de9a227,spk_0789,"Southern African (South Africa, Zimbabwe, Namibia)",male_masculine,sixties,9,9.84,6
common_voice_en_17563862.mp3,southern_africa,"The hare springs out, when one thinks not of it.",ff2eb5a12d06afc990fedd4a4b2293501d57ba18d08c692424fa6dc7e98e9023,spk_0791,"Southern African (South Africa, Zimbabwe, Namibia)",male_masculine,twenties,10,3.1,8
common_voice_en_17731866.mp3,southern_africa,"She's sitting there on a pillow, wearing only pants and bra.",2551f837caf9c334e5dca6893cd55ee772510019a536ce50d393e2a6abb34311,spk_0791,"Southern African (South Africa, Zimbabwe, Namibia)",male_masculine,twenties,11,5.98,8
common_voice_en_20930832.mp3,southern_africa,The formation was formed by the weathering of the chalk by wind and water.,46132ab5a60b05430d5ca65539307b7a5b6fd19d3bb79417a5c6680e9ac175eb,spk_0807,"Southern African (South Africa, Zimbabwe, Namibia)",male_masculine,twenties,14,6.05,1
common_voice_en_144966.mp3,southern_africa,We lit the lantern and walked over to his house.,3630f826251dd27139e033e5db63730d2436e26019b7b235e13a6ae725b5a2fd,spk_0812,"Southern African (South Africa, Zimbabwe, Namibia)",male_masculine,twenties,10,2.93,7
common_voice_en_144972.mp3,southern_africa,"It was seen early in the morning, rushing over eastward.",c5f6f0b34bb640717b5580f654b6e6e2573820df7fe41a9d4826dee25fbafa25,spk_0812,"Southern African (South Africa, Zimbabwe, Namibia)",male_masculine,twenties,10,3.86,7
common_voice_en_18295870.mp3,southern_africa,That man is your brother?,8e37626d657d6411f27df36ea914742f02d6bb484f2ef166795fe6698bd02985,spk_0816,"Southern African (South Africa, Zimbabwe, Namibia)",female_feminine,twenties,5,2.62,7
common_voice_en_18295876.mp3,southern_africa,What is to be done?,eaad21afe73738d4824f2d427d0c8c0dfab7f44802999ec253ed926232182e28,spk_0816,"Southern African (South Africa, Zimbabwe, Namibia)",female_feminine,twenties,5,4.1,8
common_voice_en_19525231.mp3,southern_africa,Instead for the motorway a provisional route through the valley was constructed.,17df82e669d13a463a4bc422d21a3958a429c70fe440a208aa16dad44d3641e5,spk_0820,"Southern African (South Africa, Zimbabwe, Namibia)",male_masculine,twenties,12,7.22,1
common_voice_en_42751082.mp3,southern_africa,Its western and southwestern parts have many volcanic rocks.,f8d47f248b85b1701d26a8b024e0293f87e31f0e42875c203c5cad4c6d65e17f,spk_0847,"Southern African (South Africa, Zimbabwe, Namibia)",female_feminine,twenties,9,5.51,1
common_voice_en_23589878.mp3,southern_africa,The gas works closed and the land redeveloped into the Breakfast Point residential development.,6d1a8d5e018affd3b5733cacd36a47720e2e038e6410144af92b88b8c2584f46,spk_0853,"Southern African (South Africa, Zimbabwe, Namibia)",male_masculine,twenties,14,7.82,1
common_voice_en_23686301.mp3,southern_africa,"The Missing Adventures complemented the Virgin New Adventures range, which had proved successful.",70e3260ec034d1b66ea988113520eb1d26d056f6348fd575e734162e4bc21f1e,spk_0884,"Southern African (South Africa, Zimbabwe, Namibia)",male_masculine,teens,13,8.52,1
common_voice_en_17385156.mp3,southern_africa,Listen and silent are anagrams.,6690fa1f6edbda7e945d143484311a9f2cefaca94156b701a0cc1b729b1171f7,spk_0905,"Southern African (South Africa, Zimbabwe, Namibia)",male_masculine,thirties,5,2.78,7
common_voice_en_17391769.mp3,southern_africa,"Hey look, a flying pig!",7e08352873cf61f1b8387baa801a02f02b84c4aee19388fefe383aceb546e962,spk_0905,"Southern African (South Africa, Zimbabwe, Namibia)",male_masculine,thirties,5,2.62,7
common_voice_en_20077571.mp3,southern_africa,He also played four games for the England B team.,2d81d29032236b9861a663dfdfda03f28068d5fcfeb8affc29541af36af8bb7a,spk_0907,"Southern African (South Africa, Zimbabwe, Namibia)",female_feminine,twenties,10,4.68,2
common_voice_en_653588.mp3,southern_africa,All who went there were happy at having done so.,35f3bef7075d777608380d8022dd2d67706c06c1236465d5b9a5c8f2da7a2605,spk_0909,"Southern African (South Africa, Zimbabwe, Namibia)",male_masculine,fourties,10,5.06,7
common_voice_en_653611.mp3,southern_africa,"Everyone, when they are young, knows what their destiny is.",9d1dd995c3bbd3d6fc813b3c22e726fd1b6f7515579b7b4eecf03bd80154ac6d,spk_0909,"Southern African (South Africa, Zimbabwe, Namibia)",male_masculine,fourties,10,5.06,7
common_voice_en_27176774.mp3,southern_africa,"The Elimination Round was dropped altogether, and the team format went with it.",a427613cd24f63953c64bf271a9f8a530846957852d1989260dad23f76f0e198,spk_0920,"Southern African (South Africa, Zimbabwe, Namibia)",male_masculine,twenties,13,5.69,2
common_voice_en_28117368.mp3,southern_africa,The law does not specify the significance of this day as the national holiday.,b7870e358f10f68ff0bba905d4ee1772c0514f0cefaa1929427ea128c6687144,spk_0939,"Southern African (South Africa, Zimbabwe, Namibia)",,,14,5.94,1
common_voice_en_18541462.mp3,southern_africa,I was glad to see it.,768b806c1aa55adabfef6fcb8fc3dc0415ba1c26243d4c9381ec3362f4e8443f,spk_0946,"Southern African (South Africa, Zimbabwe, Namibia)",female_feminine,fifties,6,4.54,3
common_voice_en_25201727.mp3,southern_africa,Charoite occurs in association with tinaksite and canasite.,8d50fa8a700b469876df91979c67eb3a81202455dda7cadb16694cb7dccf067c,spk_0960,"Southern African (South Africa, Zimbabwe, Namibia)",,,8,6.7,2
common_voice_en_37937600.mp3,southern_africa,"He represented the ""Rolla Daily Record"" of Rolla, Missouri.",d263243f4621f5bb40f41a6970f67423c520602b43e4119bed37aea206314e66,spk_0963,"Southern African (South Africa, Zimbabwe, Namibia)",male_masculine,thirties,9,6.34,1
common_voice_en_26060760.mp3,southern_africa,"He wrote a number of works, many of them under the pseudonym of “Natura”.",089964e8e52de6b1b9d0736afbfafe999f63f507c4c4f27ae2b96b12e9435db3,spk_0966,"Southern African (South Africa, Zimbabwe, Namibia)",male_masculine,thirties,14,6.23,1
common_voice_en_17267861.mp3,southern_africa,"Due to the lack of a bug bounty program, Johanna decided to sell her exploit on the black market.",6d929c92a98f20912794281a8945196b,spk_0970,"Southern African (South Africa, Zimbabwe, Namibia)",male_masculine,twenties,19,7.44,6
common_voice_en_18422997.mp3,southern_africa,I'm convinced that she is related to me in some way.,24f118285399ef93ab981181f7e4ab55b6c73c2972a3621b9477eb249096fe46,spk_1032,"Southern African (South Africa, Zimbabwe, Namibia)",female_feminine,thirties,11,4.51,4
common_voice_en_37673549.mp3,southern_africa,He currently lives in Johannesburg.,d0956421aed5dd7e44c5e0c50f28efb53d87d6be2616733c066fcccf44d9ca91,spk_1045,"Southern African (South Africa, Zimbabwe, Namibia)",,,5,4.32,1
common_voice_en_18402433.mp3,southern_africa,Librarians always cite their sources.,880d1fff4e56626106ca0aef901420af074aaedbee55a8c25ea58a701b214131,spk_1056,"Southern African (South Africa, Zimbabwe, Namibia)",male_masculine,teens,5,4.08,5
common_voice_en_38001828.mp3,southern_africa,It had an ephemeral life as it disappeared the following year.,d355168fb89bf81ff26aa4acae7e88186589a1c60f7558f6c7e26290acf096f0,spk_1064,"Southern African (South Africa, Zimbabwe, Namibia)",male_masculine,teens,11,5.69,1
common_voice_en_20048665.mp3,southern_africa,Their sole purpose is to reduce accesses to the underlying slower storage.,2dd0380cfdaca292bcfccf5c85b414fd896aca97ad3a87863af27d9c9e8f641e,spk_1072,"Southern African (South Africa, Zimbabwe, Namibia)",male_masculine,thirties,12,5.18,2
common_voice_en_17343402.mp3,southern_africa,"The news was chilling, to say the least.",af6892a6f5ce2b5430945fb7862a56f263884260c5f00912a41ebf94f2d7c0ab,spk_1075,"Southern African (South Africa, Zimbabwe, Namibia)",male_masculine,twenties,8,3.94,7
common_voice_en_17343406.mp3,southern_africa,"What is it, dear?",aff6b8325373465b269dc9f51dc6273524190dfbadfa6bce5f07176d7f19a3d9,spk_1075,"Southern African (South Africa, Zimbabwe, Namibia)",male_masculine,twenties,4,2.57,7
common_voice_en_32918900.mp3,southern_africa,A promise of federal bailout only undermines the fiscal discipline of the states.,a0b6340d7fc849ed2b97f6c3e13f3eb2d05a278d3fea6ba2cb0487a7799c47dc,spk_1078,"Southern African (South Africa, Zimbabwe, Namibia)",,,13,8.32,1
common_voice_en_27399580.mp3,southern_africa,"Since ""Everybody Loves Raymond"", he has written for the television shows ""American Dad!",aaebfa5fea31baa2bcc60c5a98389da57ca3f402edbda7b93121d1f6601c9b07,spk_1086,"Southern African (South Africa, Zimbabwe, Namibia)",,sixties,13,8.46,1
common_voice_en_39586220.mp3,southern_africa,He also contested against the theology of both Jesuits and Protestants.,e393970396b96eb15d3278f41eced751180ab195d58975ba5c6f9b53aac6295e,spk_1111,"Southern African (South Africa, Zimbabwe, Namibia)",male_masculine,thirties,11,9.29,1
common_voice_en_33049532.mp3,southern_africa,Sadler began his career at Gainsborough Trinity.,a45e4d0c950a26ab4af8f30c26de6617bee58fd7c7e1bf31c2e29e8dc873c232,spk_1125,South African English,,,7,4.72,1
common_voice_en_27420523.mp3,southern_africa,These new disciplines brought with them new concerns.,ab8f459a294a72e30445d36eb2171ce2fda77818e31f38bd959b323f97a3784b,spk_1135,"Southern African (South Africa, Zimbabwe, Namibia)",,,8,5.15,1
common_voice_en_168686.mp3,southern_africa,"The boy was shaking with fear, but the alchemist helped him out of the tent.",15cd087d30a9efd135020a6b038fa868cbc6d77735515694827e2550927950c6,spk_1142,"Southern African (South Africa, Zimbabwe, Namibia)",male_masculine,twenties,15,6.48,7
common_voice_en_31192602.mp3,southern_africa,"These two camps thus were constantly engaged in ""sharp debate"" on the topic.",405b67d16b9d9e88151e9d6ed4e938fac1ac1ec37432356facd3c97eec1a091a,spk_1147,"Southern African (South Africa, Zimbabwe, Namibia)",male_masculine,fourties,13,7.45,1
common_voice_en_38000575.mp3,southern_africa,Dylan suggests that the group repair their crashed plane to escape.,d32985f4664dde8094898e82ea687e7cf08303806fb12e288f091d07bb44fccd,spk_1148,"Southern African (South Africa, Zimbabwe, Namibia)",male_masculine,thirties,11,5.4,1
common_voice_en_37937503.mp3,southern_africa,"The fate of the barony of ""Aston of Forfar"" is unclear.",d27928633c6aa37d4d1cfbfa69d548e23f643de588f4b9202f91762356c3c0bc,spk_1162,"Southern African (South Africa, Zimbabwe, Namibia)",,,11,8.93,1
common_voice_en_1906272.mp3,southern_africa,"""Don't know,"" was the reply.",cadf55ac6ca2325d55422d444812fd720def9d217258878d606ecd28d5318c9b,spk_1163,"Southern African (South Africa, Zimbabwe, Namibia)",male_masculine,sixties,5,3.38,7
common_voice_en_105512.mp3,southern_africa,"Some went away while I was there, and other people came.",5f65969ef2fb8d8317c9b2dcc3302163646a6e43fd2204b9ae33d7b05c6c9a84,spk_1167,"Southern African (South Africa, Zimbabwe, Namibia)",male_masculine,twenties,11,6.36,6
common_voice_en_17250124.mp3,southern_africa,Why didn't you phone me up?,265850c8925d2639c7fe7947c9aa53a7a40c7c65bbdc131f776d62d81b6cd724,spk_1169,"Southern African (South Africa, Zimbabwe, Namibia)",male_masculine,twenties,6,3.41,7
common_voice_en_20261314.mp3,southern_africa,His stage career was extensive and distinguished.,34f8c579ec76bc3082a90d9894f099d72fae74a7493ac4900a6f0e13e33cadb4,spk_1174,"Southern African (South Africa, Zimbabwe, Namibia)",male_masculine,,7,4.44,1
common_voice_en_37809690.mp3,southern_africa,"These were written by Ed Greenwood, the original creator of the Forgotten Realms line.",d0fa5855d55cd481acc6c674f325071758efddec959d5bd82e81f1353ae03c67,spk_1200,"Southern African (South Africa, Zimbabwe, Namibia)",male_masculine,thirties,14,6.95,1
common_voice_en_21798832.mp3,southern_africa,To the south of the town is the desert.,544bca4f34047e87172ecc3e645de4bf6c8ae4317241259e8bf6068e6494e897,spk_1205,"Southern African (South Africa, Zimbabwe, Namibia)",male_masculine,teens,9,3.98,2
common_voice_en_22134558.mp3,southern_africa,Mr. Figueroa currently resides in Maryland with his family.,59bda7053d08d5bf430c49f0174cce458f1f0b54b857b9eb10acf9f1421a7239,spk_1211,"Southern African (South Africa, Zimbabwe, Namibia)",male_masculine,twenties,9,5.9,1
common_voice_en_24681433.mp3,southern_africa,It featured more of a hard rock sound than their previous pop records.,8391d5543b0700b1e03d92210bedcaefaefb04667d6e6494694409d8957c55cf,spk_1220,"Southern African (South Africa, Zimbabwe, Namibia)",,,13,6.12,1
common_voice_en_20255188.mp3,southern_africa,The Archaeological Museum has many finds and the Municipal Library contains numerous editions.,34b9f03f974998a94be925d67104c2a4ac818569d55016cbf347ca938ac6d10a,spk_1228,"Southern African (South Africa, Zimbabwe, Namibia)",female_feminine,sixties,13,9.34,1
common_voice_en_220459.mp3,southern_africa,"Yet, it was a little too large for assurance.",8a3e835cfd4d51f180dd9c10091977f99e31890a2467f5c0244824437452a0a2,spk_1234,"Southern African (South Africa, Zimbabwe, Namibia)",male_masculine,twenties,9,4.39,7
common_voice_en_21049.mp3,southern_africa,Let me comb your hair.,739e9402bf2b8862fabc4ee180685372a8067723f645210a0d295b60182d5be6,spk_1236,"Southern African (South Africa, Zimbabwe, Namibia)",male_masculine,twenties,5,2.52,6
common_voice_en_23628622.mp3,southern_africa,Sanding is done every three to five years.,6ee84fe06fca02317fea900ae424a4821437e65f56764fde0d4464b75ae33245,spk_1238,"Southern African (South Africa, Zimbabwe, Namibia)",male_masculine,fourties,8,3.5,2
common_voice_en_37274253.mp3,southern_africa,While in London he met the Americans Benjamin Franklin and Thomas Jefferson of Virginia.,ce66a1dc55eca1be6c8318ae738e03b1a0dd1fab859ba4679f47b1d92c325626,spk_1239,"Southern African (South Africa, Zimbabwe, Namibia)",,,14,6.59,1
common_voice_en_186553.mp3,southern_africa,"This man looked exactly the same, except that now the roles were reversed.",47dd8255ab5d9de6302c9c04ae785cf0d0df2f5ca5e662a20e829eb9237b097b,spk_1249,"Southern African (South Africa, Zimbabwe, Namibia)",male_masculine,teens,13,5.09,7
common_voice_en_186590.mp3,southern_africa,But bakers are more important people than shepherds.,ae994c8308e38af8c6642c2d2b5e56211107eb027d5a5f138bfa793d85968a42,spk_1249,"Southern African (South Africa, Zimbabwe, Namibia)",male_masculine,teens,8,3.53,7
common_voice_en_22220934.mp3,southern_africa,The purpose of the earthwork is uncertain.,5b75b3611addd3b2e79689ace9ea4b38ea119b96905cead31841538426c8727e,spk_1261,"Southern African (South Africa, Zimbabwe, Namibia)",male_masculine,fourties,7,4.2,1
common_voice_en_29635405.mp3,southern_africa,"Patton plays the character of Sam Conroy in the film ""American Violet"".",c2768a1220d19de9a330aa9aa95f95aa75093ccd87a06130542cb22462b1df64,spk_1267,"Southern African (South Africa, Zimbabwe, Namibia)",,,12,6.19,1
common_voice_en_18431497.mp3,southern_africa,His speech ended with a standing ovation.,173f42317178ed6b393e8dc55d0d80ec9c2efcce49f6a728ae774d6eabfaa026,spk_1285,"Southern African (South Africa, Zimbabwe, Namibia)",male_masculine,thirties,7,4.25,6
common_voice_en_17455866.mp3,southern_africa,"Alice, who the fuck is Bob?",ba0e123aaf74cee7d23a9179f1f9653b49f9985fba2ec30135e43d3446c777e7,spk_1295,"Southern African (South Africa, Zimbabwe, Namibia)",female_feminine,thirties,6,3.31,7
common_voice_en_21342520.mp3,southern_africa,"Early in his career, the first one-man chainsaws became available.",4d07311f01928ef351a237e8332022f027c06f5cb7f1c563683687054f80fccc,spk_1307,"Southern African (South Africa, Zimbabwe, Namibia)",male_masculine,twenties,10,5.81,2
common_voice_en_26947896.mp3,southern_africa,"He died under mysterious circumstances, and the Bhutto family firmly believed he was poisoned.",9c6e01470bfd9a33c57a15d0faadd742e9b739327ce727fa66d6e7509a116762,spk_1310,"Southern African (South Africa, Zimbabwe, Namibia)",,,14,7.24,1
common_voice_en_19546045.mp3,southern_africa,Bata is also known for its nightlife and market.,187d17ada9fa08df6338be86f33312df56710eeb5c1233f45cea170d654fea51,spk_1317,"Southern African (South Africa, Zimbabwe, Namibia)",male_masculine,twenties,9,5.18,1
common_voice_en_23694469.mp3,southern_africa,The same year he was awarded the Collier Trophy for his work on Polaris.,712c978712184a5e93ad2710870c0b5851911ce2a391dfa1d5291486eab2878f,spk_1324,"Southern African (South Africa, Zimbabwe, Namibia)",male_masculine,fifties,14,6.86,1
common_voice_en_40098604.mp3,southern_africa,"Furnas County, Nebraska, is named in his honor.",e90ad9c9f5475c5fe19e0205a1e7582d9ac12393299ddf02dce78e5f1e52460b,spk_1325,"Southern African (South Africa, Zimbabwe, Namibia)",male_masculine,twenties,8,4.86,1
common_voice_en_38026608.mp3,southern_africa,"One of Gilbert's students, Bruce Bouillet, gained his attention.",d3ef2bef4e36563b5e61c29475d0680bef23d9a39da9a46b10a08b237b9da152,spk_1334,"Southern African (South Africa, Zimbabwe, Namibia)",female_feminine,teens,9,4.68,1
common_voice_en_19962419.mp3,southern_africa,The west town line is the border of Livingston County.,2a894efc08ecf2501f26ac4e325e9ec1fd3b6641d2f0164ab152a3ae9eb21d67,spk_1348,"Southern African (South Africa, Zimbabwe, Namibia)",male_masculine,twenties,10,4.9,1
common_voice_en_29286592.mp3,southern_africa,"The other European nation that is eligible to join, but has not, is Belarus.",c09bb523ab6a4da9ba6c2814be7b1f2d190d44e90a2d31273ded02b94d5e3e2d,spk_1357,"Southern African (South Africa, Zimbabwe, Namibia)",,,14,8.68,1
common_voice_en_168728.mp3,southern_africa,"Among these people were a couple of cyclists, a gardener I employed sometimes, and a girl carrying a baby.",efc5c6e0868be6056a7b5cf5bc139fc7a40552928746ae2efb9b7cbec2bb8c16,spk_1364,"Southern African (South Africa, Zimbabwe, Namibia)",male_masculine,thirties,19,7.13,7
common_voice_en_22234514.mp3,southern_africa,"They called this land ""Can-tuc-kee"".",5baf463d62f813b71c642a2b79928065ad1900e77c84defd0f732cdcc751b50c,spk_1367,"Southern African (South Africa, Zimbabwe, Namibia)",male_masculine,twenties,5,3.96,1
common_voice_en_45281.mp3,southern_africa,My mind ran on the possibilities of its content.,73ceb143cef75191967021e960a1e98327e62ced458bfa850d31a41d944ff2a9,spk_1378,"Southern African (South Africa, Zimbabwe, Namibia)",male_masculine,thirties,9,5.04,7
common_voice_en_45289.mp3,southern_africa,He just got a new kite for his birthday.,d2c63fe1aa0eb86b68ac4f03353ce223d0edba17a525b68bb1b97d7dfd4a92bb,spk_1378,"Southern African (South Africa, Zimbabwe, Namibia)",male_masculine,thirties,9,5.78,7
common_voice_en_17869004.mp3,southern_africa,"He could have sworn the shadow moved but he kept his eyes fixed on the table, his grip tightening on his cutlery.",14362d8a9da0bc60c0d5f37f7db30f26d6bd2374ae4ff68efb44d8155bd82b78,spk_1385,"Southern African (South Africa, Zimbabwe, Namibia)",male_masculine,fourties,22,9.74,7
common_voice_en_17869024.mp3,southern_africa,Did you hear anything?,384572a8af6d87e132f715e17be938b27ae1aae479270a247a1ce9975b8cceb3,spk_1385,"Southern African (South Africa, Zimbabwe, Namibia)",male_masculine,fourties,4,3.5,7
common_voice_en_37420360.mp3,southern_africa,"Upon reaching junior year, a student may attend either of these institutions.",cefd8088865bda9bf3895e27520204fd012cee09c03cb1361dc9d2caf0ddda01,spk_1386,"Southern African (South Africa, Zimbabwe, Namibia)",male_masculine,teens,12,6.7,1
common_voice_en_17860853.mp3,southern_africa,I'd add a separate subsection which deals with this aspect.,d2070f26c232eb0d146a7f05b65db63e35ed3e72b54ce87d7e76f6344b7dac5c,spk_1393,"Southern African (South Africa, Zimbabwe, Namibia)",male_masculine,fourties,10,4.82,7
common_voice_en_20120914.mp3,southern_africa,"Nonetheless, a lively panoply of domestic political parties, some even predating independence, exists.",306a5973d82a839c3efabb80840788a7870012568c74cdf3b8500c933e1e230c,spk_1402,"Southern African (South Africa, Zimbabwe, Namibia)",male_masculine,twenties,13,8.11,1
common_voice_en_488420.mp3,southern_africa,It spread through the planet's atmosphere and obscured its more familiar features.,70a5323da9a987e3de81f46d56a9573425d34fdccdb00c54402fdfdce45c87f4,spk_1405,"Southern African (South Africa, Zimbabwe, Namibia)",male_masculine,thirties,12,5.09,7
common_voice_en_32911.mp3,southern_africa,"The horseman was completely immobile, as was the boy.",32128bc7d6fe039a44e29b82f6e4e92a9c65cf74826aff2ccb67984cc71b4f6a,spk_1407,"Southern African (South Africa, Zimbabwe, Namibia)",male_masculine,fourties,9,3.58,7
common_voice_en_32921.mp3,southern_africa,"People talk a lot about omens, thought the shepherd.",889592acaab840ca49e995d88ef2531d6db4975e7d053512ec1cf66f380e9f1c,spk_1407,"Southern African (South Africa, Zimbabwe, Namibia)",male_masculine,fourties,9,3.38,7
common_voice_en_39147159.mp3,southern_africa,Both writers' styles include intricate changes in time and narration.,e12f7a660406ff2bfbe6251be647ebc1ea45099e77d4d579156d0ec0440b8ad9,spk_1421,"Southern African (South Africa, Zimbabwe, Namibia)",,,10,5.94,1
common_voice_en_38013823.mp3,southern_africa,"The premier presides over the Executive Yuan Council, which makes up the official cabinet.",d38dda61dc487b76243e7a9ad57f27a2c00920711b073236e9806e70deab53c4,spk_1427,"Southern African (South Africa, Zimbabwe, Namibia)",female_feminine,twenties,14,7.31,1
common_voice_en_518631.mp3,southern_africa,The greatest authority on meteorites stated that the height of its first appearance was about ninety or one hundred miles.,b7b7c6c8cb8fc37a20ed756962026e8b52831725c145a8726a24b4711defed27,spk_1434,"Southern African (South Africa, Zimbabwe, Namibia)",female_feminine,teens,20,9.02,7
common_voice_en_17569301.mp3,southern_africa,What would you say is the difference between a language and a dialect?,965924d2e8325a5844a2c0319bb3b35415095b2dc143ddf444e9079520a51d77,spk_1444,"Southern African (South Africa, Zimbabwe, Namibia)",male_masculine,thirties,13,6.24,7
common_voice_en_20854413.mp3,southern_africa,The book will be co-written with Margaret Lazarus Dean.,435889ce03e82c705bf2f5b33d2fe8e2835fc55592cc83182f37953cdc9c4fa6,spk_1452,"Southern African (South Africa, Zimbabwe, Namibia)",male_masculine,thirties,9,6.24,1
common_voice_en_32795757.mp3,southern_africa,Perth was the major centre.,97d9a370c5d138c32c34f37a65199a6a731f05c2b3c78891093fd23319a38ada,spk_1470,"Southern African (South Africa, Zimbabwe, Namibia)",,,5,2.63,1
common_voice_en_18482697.mp3,southern_africa,"Have you no delicacy, no proper feeling?",b8c041626a8269dfead7ea46d6132035e50f26f1c2d7ef7fcb277297b82349a1,spk_1477,"Southern African (South Africa, Zimbabwe, Namibia)",male_masculine,sixties,7,4.58,5
common_voice_en_2283786.mp3,southern_africa,What can I do?,7b71ac6887edcb9d412afac4c6740901b0f6098a7fc6e5646ace8c58e8b0e76b,spk_1488,"Southern African (South Africa, Zimbabwe, Namibia)",male_masculine,fourties,4,2.88,7
common_voice_en_418318.mp3,southern_africa,Leaves turn brown and yellow in the fall.,9eafd3e8ec7f17187f2329c93c035331950d3b7989f86a0facb8e0a7177675cf,spk_1488,"Southern African (South Africa, Zimbabwe, Namibia)",male_masculine,fourties,8,3.14,8
common_voice_en_20515064.mp3,southern_africa,Initially Moissac was part of the department of Lot.,3c2ec524c9997b06fbf3a4d1dcad0420a08721c12fb0768bca80dd6ee34cf2dd,spk_1500,"Southern African (South Africa, Zimbabwe, Namibia)",male_masculine,fourties,9,5.04,1
common_voice_en_19773722.mp3,southern_africa,The residents were pretty accurately portrayed in the novel.,23fdd0d5a7f5a1a454c719d17a6accf3bdea4ed0bae0643f67504cf58ee09117,spk_1502,"Southern African (South Africa, Zimbabwe, Namibia)",female_feminine,sixties,9,5.47,2
common_voice_en_19964357.mp3,southern_africa,New series of events would then originate which he called continuants.,2a94d8220416ac8ee1a171f605bdad3eb2a3633768d70bd96e0fda4a2b6738bd,spk_1513,"Southern African (South Africa, Zimbabwe, Namibia)",male_masculine,twenties,11,5.5,1
common_voice_en_26699357.mp3,southern_africa,Some defects do not need treatment.,9addaefc7216d801ef3809d124a339195a1edba3a9f84b28ebb7a8c99a945e68,spk_1523,"Southern African (South Africa, Zimbabwe, Namibia)",,,6,5.4,1
common_voice_en_22370728.mp3,southern_africa,"""Too Long in Exile"" received generally positive reviews.",5f9a4b3a24223b32be70dc3f7048031df59912f29134345b64b753e9b8c65709,spk_1531,"Southern African (South Africa, Zimbabwe, Namibia)",male_masculine,twenties,8,5.78,1
common_voice_en_23779956.mp3,southern_africa,"Bedford, the county seat, is to the south, and Altoona is to the north.",73d62d375957074324b2662760794fdcb0f3d5b205d6b8edbf032246dc673bab,spk_1539,"Southern African (South Africa, Zimbabwe, Namibia)",female_feminine,twenties,14,5.5,1
common_voice_en_39955855.mp3,southern_africa,Policies are increasingly targeting fatherhood as a tool of changing gender relations.,e7c4b6b7e9de8835d3c9a40167a209fb128eebaaa3e0aa872a1427c334805560,spk_1540,"Southern African (South Africa, Zimbabwe, Namibia)",male_masculine,thirties,12,6.88,1
common_voice_en_19658780.mp3,southern_africa,Boiled cornmeal is called polenta in Italy and mamalyga in Ukraine.,1d4486f7a87224ac22e4f452f1b82c7d473bc6574e01b8a21a083d2a52957338,spk_1543,"Southern African (South Africa, Zimbabwe, Namibia)",male_masculine,twenties,11,7.87,1
common_voice_en_85120.mp3,southern_africa,This sapling will once become a giant oak tree.,8241c9a8fc797e308925997c729a600b690ea4766eeeb5d36bcfb4b69b2c5b9e,spk_1546,"Southern African (South Africa, Zimbabwe, Namibia)",male_masculine,twenties,9,5.33,7
common_voice_en_17272298.mp3,southern_africa,What shall we do?,42b8c3a7c518730574ee325373da5e9c,spk_1549,"Southern African (South Africa, Zimbabwe, Namibia)",male_masculine,sixties,4,2.69,7
common_voice_en_19356004.mp3,southern_africa,He had only two children who left issue.,1359d58707fbc429a54127ea620aef2727ba17388f412a33aa045f4c24fea2c7,spk_1551,"Southern African (South Africa, Zimbabwe, Namibia)",male_masculine,twenties,8,5.98,1
common_voice_en_584270.mp3,southern_africa,The frog had no chance to escape.,726441ebb741d9cb83ec55e185c960ff2093f064a281c1f05b0253f25fe893c1,spk_1581,"Southern African (South Africa, Zimbabwe, Namibia)",male_masculine,twenties,7,3.67,6
common_voice_en_691472.mp3,southern_africa,He stood irresolute for a moment and then scrambled out of the pit.,21ab88c247c6a72eab8675717b0c89cbbede062cf4e9c5982de5922ca86d713c,spk_1582,"Southern African (South Africa, Zimbabwe, Namibia)",male_masculine,twenties,13,3.84,7
common_voice_en_691475.mp3,southern_africa,"Revenge is not my style, but obviously accidents will happen.",2e1bdbd9babc1eaf56f7f1c3fa59cba71b92f86299c3b6568559abab303df76a,spk_1582,"Southern African (South Africa, Zimbabwe, Namibia)",male_masculine,twenties,10,5.18,7
common_voice_en_618369.mp3,southern_africa,William ran down the street.,b98eef4436903bf9f8fd85e64ebddfb90fb815eea00d728f0002451808019410,spk_1583,"Southern African (South Africa, Zimbabwe, Namibia)",male_masculine,teens,5,2.38,7
common_voice_en_18341857.mp3,southern_africa,"To say the least, Captain Cook was a rather thorough going empiricist.",ceb9702ceff8744ec258d75c1f4316e5ede9cdce500806450adbe8394791afa2,spk_1590,"Southern African (South Africa, Zimbabwe, Namibia)",male_masculine,twenties,12,7.75,4
common_voice_en_19783951.mp3,southern_africa,Direct trains to Shivamogga from other parts of India are non-existent.,245ad086b6b3d7042bf47c9022e27baa984066ab618c92db66858a0c7571bcb2,spk_1599,"Southern African (South Africa, Zimbabwe, Namibia)",male_masculine,fifties,11,6.31,1
common_voice_en_30726494.mp3,southern_africa,She initiated and led the international research section.,387bacda6f3a63894c135f98a86550d27da8c79d4d69f91124731005acf55215,spk_1639,"Southern African (South Africa, Zimbabwe, Namibia)",male_masculine,teens,8,5.04,1
common_voice_en_23536856.mp3,southern_africa,New diseases may be introduced accidentally.,6c521e4bc0e4936e4d98ac9614e0105b7f8faebcc7f3dea96954fd086199e2e1,spk_1658,"Southern African (South Africa, Zimbabwe, Namibia)",male_masculine,thirties,6,4.54,1
common_voice_en_36993265.mp3,southern_africa,"However, it is not associated with an increase in appetite.",ccb12fece3f152fd07173bd9e941465a1f2742178dcbd1621b4c4a364aa11a13,spk_1670,"Southern African (South Africa, Zimbabwe, Namibia)",,,10,6.05,1
common_voice_en_16476120.mp3,southern_africa,Karl is over there.,524aa01b748e6e5978006fc07652cc89504a3393eb8447a1a4a0c1de3fef020d,spk_1676,"Southern African (South Africa, Zimbabwe, Namibia)",male_masculine,twenties,4,2.62,7
common_voice_en_17510075.mp3,southern_africa,Who has already arrived?,7687e9fc45a5d63f89c8cb7f0baeaee595d915023b6351378a0c199ebd9ec934,spk_1685,"Southern African (South Africa, Zimbabwe, Namibia)",male_masculine,twenties,4,2.95,7
common_voice_en_17880395.mp3,southern_africa,Thirteen totems were spread across this island.,482049a0947aadeb3f3745d6ba8b0fd61ec47eb1426089d80c23e9fa799b28da,spk_1686,"Southern African (South Africa, Zimbabwe, Namibia)",male_masculine,twenties,7,3.67,6
common_voice_en_37602305.mp3,southern_africa,The end result is that packets are multiplied more than they are lost.,d047ab1581de8fa35288287411ffd004cd58e722c5587479c130f61444f54ad5,spk_1688,"Southern African (South Africa, Zimbabwe, Namibia)",,,13,6.12,1
common_voice_en_41267069.mp3,southern_africa,"In Korea, carnations express admiration, love and gratitude.",f1438034e595d6dc628daf0a2c2612c4f499639d7c504824c68b39f4a7427634,spk_1702,"Southern African (South Africa, Zimbabwe, Namibia)",,,8,7.13,1
common_voice_en_76281.mp3,southern_africa,"""I want to see him do it,"" said the chief.",d69cb9c9c44e687b3a1c1ae2f86c02740122adadb08e0f3661a76ccb5e90a3af,spk_1707,"Southern African (South Africa, Zimbabwe, Namibia)",male_masculine,thirties,10,3.86,6
common_voice_en_19673856.mp3,southern_africa,The engine used in it was the Hunter engine also used in the Paykan.,1e2aa946a68ca71b21624ba30978584632bafe1a490454c96765ee25ddc3eea3,spk_1715,"Southern African (South Africa, Zimbabwe, Namibia)",female_feminine,thirties,14,6.1,1
common_voice_en_17147801.mp3,southern_africa,Emoticons are familiar to everyone nowadays.,558888a5b9f059272c68da1d9819183deb12b34a52d255013e624be412574898,spk_1724,"Southern African (South Africa, Zimbabwe, Namibia)",male_masculine,thirties,6,3.98,7
common_voice_en_17147815.mp3,southern_africa,It was of no use.,87912b99c486b041c94dd58ff6a1cdce42e47c42bda306f28f3323b57644010c,spk_1724,"Southern African (South Africa, Zimbabwe, Namibia)",male_masculine,thirties,5,2.78,7
common_voice_en_28006416.mp3,southern_africa,For a while the company maintained two design teams in separate offices.,b68044a509b9044ba91994fa169726398f12d0c178aaf6659a81f508806d2a71,spk_1727,"Southern African (South Africa, Zimbabwe, Namibia)",,,12,5.15,2
common_voice_en_548339.mp3,southern_africa,Promise you'll never lie the way Snoopy did.,c645485a0552bb8d8625d88af785c021d31d30fd4d79ddeac8a6cf6713e53659,spk_1729,"Southern African (South Africa, Zimbabwe, Namibia)",male_masculine,twenties,8,3.1,6
common_voice_en_35479158.mp3,southern_africa,Only one was built.,c78203aeba2e6703644beaf44701e264bcfa904e500b7d3b376f5c269ffbf6e8,spk_1730,"Southern African (South Africa, Zimbabwe, Namibia)",,,4,3.35,1
common_voice_en_32291229.mp3,southern_africa,Citizens held vigils at the gates of the computing centers of several departments.,7688df5c1806e4b0f7847730b7bd5d4157bdcd3738f6c1ec23fecfdfa26cd95f,spk_1735,"Southern African (South Africa, Zimbabwe, Namibia)",,,13,7.85,1
common_voice_en_187537.mp3,southern_africa,That's what alchemists do.,d1e09c45d92602c74a000355b71d6bef8782294dd77dabe0573600d9d30f9754,spk_1739,"Southern African (South Africa, Zimbabwe, Namibia)",male_masculine,twenties,4,3.29,7
common_voice_en_187540.mp3,southern_africa,The boy awoke before dawn.,e8caab5caf32f27c6c892aeb7e0666b1d557faad31a57039f949bb9e7677df4c,spk_1739,"Southern African (South Africa, Zimbabwe, Namibia)",male_masculine,twenties,5,3.82,7
common_voice_en_26211026.mp3,southern_africa,A slave came running to fan Cleopatra.,0a9e13739270564c637d9c2214aba28db79a67921ac9bee6c349019138754911,spk_1746,"Southern African (South Africa, Zimbabwe, Namibia)",,,7,5.26,2
common_voice_en_36993508.mp3,southern_africa,"Because the backup was dated, the website was now under construction.",cca1b2108305156e2adaf12227bcf60b218592c96be3f1b3322cc156f524542b,spk_1759,"Southern African (South Africa, Zimbabwe, Namibia)",female_feminine,thirties,11,5.94,1
common_voice_en_17302367.mp3,southern_africa,What does she say?,94b9a707ff1cf2f7998fc2027da942564fe109c33385df10fc3ea68b0096c9ab,spk_1770,"Southern African (South Africa, Zimbabwe, Namibia)",male_masculine,fourties,4,2.9,6
common_voice_en_25899910.mp3,southern_africa,They are glabrous bushy climbing plants.,00803d5312607f3c9ee99c7858c1d3a699f44b0d6448d8ed94408f197e2b2e34,spk_1774,"Southern African (South Africa, Zimbabwe, Namibia)",male_masculine,twenties,6,5.58,1
common_voice_en_23368778.mp3,southern_africa,Following their marriage the Brookes went to live at Colebrooke Park.,6a3b1f08928b7cdbcd15b4aeea4c1acb521ef15fedbfba2c6ab3e7d52c5b1b79,spk_1783,"Southern African (South Africa, Zimbabwe, Namibia)",male_masculine,twenties,11,6.77,1
common_voice_en_18698597.mp3,southern_africa,To the west is Yap State.,0107ba8258d6aabc74fa4ca409c6eac0fd1444a0e02c2e5fd8fa6aec0d09ca8f,spk_1804,"Southern African (South Africa, Zimbabwe, Namibia)",male_masculine,twenties,6,4.3,1
common_voice_en_86399.mp3,southern_africa,No category seems to fit.,05f7d27b41d7236d1fa3c250461d8c59ee4d5cc865a5911b21afc443f604cfd3,spk_1824,"Southern African (South Africa, Zimbabwe, Namibia)",male_masculine,fourties,5,3.1,7
common_voice_en_17336927.mp3,southern_africa,Overhead projectors were popular in the twentieth century.,78aefd12d2b45ca85234ed2bb04f8442bfea949a3e4d35043bd810e85583bf59,spk_1828,"Southern African (South Africa, Zimbabwe, Namibia)",male_masculine,twenties,8,4.68,7
common_voice_en_20955999.mp3,southern_africa,"His modest religious poetry is, nonetheless, not devoid of interest.",469586757af8e443d953e376b63e993b65144da7157d8e1ad67da7cb75521982,spk_1830,"Southern African (South Africa, Zimbabwe, Namibia)",male_masculine,twenties,10,6.24,2
common_voice_en_18715418.mp3,southern_africa,"Then, the provincial supervisor - who runs the board - axed busing.",0200e43e99567ba1875854a3cba77e9d40bb47e7d2955e10221ace98c7ac11eb,spk_1850,"Southern African (South Africa, Zimbabwe, Namibia)",male_masculine,twenties,12,8.35,1
common_voice_en_2747.mp3,southern_africa,The end of the cylinder was still as Ogilvy and Henderson had left it.,2b8be411397e45b623e13d97cd5fefd70250e95c471a3091934ef2f6f49c0e43,spk_1856,"Southern African (South Africa, Zimbabwe, Namibia)",female_feminine,fifties,14,7.1,7
common_voice_en_2753.mp3,southern_africa,The brass lamp had been disturbed.,7bfb6869890b11401dacc4bc28cc351ec7e710d5d5f0ab61c14da3ac8f8780da,spk_1856,"Southern African (South Africa, Zimbabwe, Namibia)",female_feminine,fifties,6,14.95,7
common_voice_en_37386457.mp3,southern_africa,Michigan has more lighthouses than any other state.,cf0d712d4acede0f466c91528258152acdb83e44702c84a224bd88f5928cfac4,spk_1860,"Southern African (South Africa, Zimbabwe, Namibia)",,,8,3.89,1
common_voice_en_20002029.mp3,southern_africa,"Her best known work however, brought music and emotion back into play.",2c3c7feb1c5a955226fa9e2b6e0d818f1da5e1a41af1bfbb850eda2d8baac0cc,spk_1865,"Southern African (South Africa, Zimbabwe, Namibia)",female_feminine,thirties,12,6.67,2
common_voice_en_10047.mp3,southern_africa,"In some places, the ground was covered with the salt of dried-up lakes.",0a9bf3e4e8af37f6fdbd9b9096bbdfc41fd615e875b62cbeb3d1b3cd4060ef3c,spk_1867,"Southern African (South Africa, Zimbabwe, Namibia)",female_feminine,fifties,13,7.22,7
common_voice_en_18602614.mp3,southern_africa,People don't like to reveal their anxieties.,50737ef5bad41b6be1ee8d978d9c1353364e396b6d7435273bf8c740097998fc,spk_1882,"Southern African (South Africa, Zimbabwe, Namibia)",male_masculine,twenties,7,4.18,2
common_voice_en_41721738.mp3,southern_africa,Simon sacrificed his personal life to move ahead in his career.,0601338c28cd1c72785e904292c080a8dd1f950f7f864bb43de166b4e90e0048,spk_1901,"Southern African (South Africa, Zimbabwe, Namibia)",,,11,7.06,1
common_voice_en_36549342.mp3,southern_africa,Sisko and Dax manage to transport Bashir and O'Brien to their runabout.,ca612d59f46b48f5ffb0632e60a909ae6f70f6249ca6624a30537b7f1273efe8,spk_1911,"Southern African (South Africa, Zimbabwe, Namibia)",male_masculine,thirties,12,6.98,1
common_voice_en_38969582.mp3,southern_africa,The two couples were to become good friends.,e01291d01ad2c5ea3619723a7de1b46fa00706810e89cf74b40f734fed303160,spk_1916,"Southern African (South Africa, Zimbabwe, Namibia)",female_feminine,twenties,8,4.54,2
common_voice_en_39578254.mp3,southern_africa,Then she continued her studies in London for another two years.,e32720d4f2124f4f5109cb233d14c852f21ec91458c7f7edb2711b6ca803c49f,spk_1922,"Southern African (South Africa, Zimbabwe, Namibia)",male_masculine,thirties,11,4.79,1
common_voice_en_39147139.mp3,southern_africa,Joiner had only seven weeks of formal schooling.,e11f0c211b120ca01a21365da19311a85479b5c93d09b1324d54880a885143f3,spk_1936,"Southern African (South Africa, Zimbabwe, Namibia)",,,8,3.56,1
common_voice_en_38025157.mp3,southern_africa,This meant in practice that nothing changed.,d9db033d7b1d3a66a320c256993358b998dff94d51cff3b11aebb3f70aabdd60,spk_1964,"Southern African (South Africa, Zimbabwe, Namibia)",female_feminine,thirties,7,4.18,1
common_voice_en_39911841.mp3,southern_africa,Royal Mail provide licensing advice on their website.,e7350d599292d3b3a9400055a6495775041f28c488fe2314306f0ea2c99d9083,spk_1966,"Southern African (South Africa, Zimbabwe, Namibia)",male_masculine,thirties,8,4.64,1
common_voice_en_26971625.mp3,southern_africa,"Nowadays, even the full stops are frequently discarded.",9e11f0d72e320473908a4fe7bad14b631c651997797324a5d5e4f2a2a87e7ce1,spk_1970,"Southern African (South Africa, Zimbabwe, Namibia)",male_masculine,seventies,8,6.3,1
common_voice_en_36859187.mp3,southern_africa,"Newspapers like ""Le Figaro"" felt her criminal charges ought to bar her from consideration.",cc141b46018336db0c6f2a00a55898037b26726a95435110a8c8bf3be7aee6a1,spk_1973,South African English,,,14,7.38,1
common_voice_en_37428237.mp3,southern_africa,These trees are attractive and easy to grow.,cf407f436fb922414391abce790086b5295af4f76e0034dc66a4ce35d7368a49,spk_1974,"Southern African (South Africa, Zimbabwe, Namibia)",,,8,4.43,1
common_voice_en_19730179.mp3,southern_africa,"Interests Section in Baghdad, Iraq.",21a01fd84def6f4f30bd83b968737fea36e48362d69a7ceb5d1d813caba8b327,spk_1978,"Southern African (South Africa, Zimbabwe, Namibia)",male_masculine,twenties,5,4.25,1
common_voice_en_19763796.mp3,southern_africa,Nakae merged with neighboring Tominaga and Eiraku to form the village of Chiyoda.,2344cd5427804a00e51a6b2e7662f00290f8548fa7a613d263ad5047478975f4,spk_2008,"Southern African (South Africa, Zimbabwe, Namibia)",female_feminine,twenties,13,6.14,1
common_voice_en_39578110.mp3,southern_africa,A lot of things have been done.,e32b2784773087835c0792dbf5d337b359783122ba583618c6a7a422c868ac8a,spk_2013,"Southern African (South Africa, Zimbabwe, Namibia)",,,7,2.84,1
common_voice_en_599419.mp3,southern_africa,"When I have read a million of these sentences, I am going to apply as a professional narrator.",df79f4690ed1ed0c74378db82e8fde8bf79c4155d19c66a4f83815aa518aebf6,spk_2018,"Southern African (South Africa, Zimbabwe, Namibia)",male_masculine,thirties,18,7.01,7
common_voice_en_26958379.mp3,southern_africa,"After the War he helped organize Scott Company, which were consultants in human resources.",9d3a588843a70b0f518d82575c09137c68ee2172c542968e820157ce20dd3f05,spk_2019,"Southern African (South Africa, Zimbabwe, Namibia)",,,14,6.84,1
common_voice_en_28299235.mp3,southern_africa,Only the more common endings are shown.,b8bd908867753e029940498036f5255a76595fe97c905229f99dd49d5a62d8ef,spk_2067,"Southern African (South Africa, Zimbabwe, Namibia)",,,7,4.25,1
common_voice_en_148544.mp3,southern_africa,Just what is the lowdown on Williams?,8fcbcd55b8e31153e878178a685d0244443bbb659bac159b260ba10820d8ef0a,spk_2071,"Southern African (South Africa, Zimbabwe, Namibia)",female_feminine,twenties,7,5.62,6
common_voice_en_32641664.mp3,southern_africa,It also connects border areas of Nepal near Sitamarhi and Madhubani districts of Bihar.,89a29812c55f1e3ab0485b566af8ff076eb9b350cc1ac3b3b1b87e116dfeab41,spk_2077,"Southern African (South Africa, Zimbabwe, Namibia)",,,14,9.9,1
common_voice_en_37564482.mp3,southern_africa,The ceremonies of new moon are probably in many cases magical rather than religious.,bb50a98f5d2220967d4691ec6ee90c65dea3c3f7f60332944f2d0318098c6eb0,spk_2088,"Southern African (South Africa, Zimbabwe, Namibia)",female_feminine,fifties,14,9.47,1
common_voice_en_507108.mp3,southern_africa,But that was simply because my eye was tired.,dd26f93c2701750c6d3fd3f49bf7276781f7d663e8c0bc0a4fdf315a99a07874,spk_2101,"Southern African (South Africa, Zimbabwe, Namibia)",male_masculine,teens,9,3.72,7
common_voice_en_507111.mp3,southern_africa,"But before I go, I want to tell you a little story.",f911c54ac46d866b98aae227369ec89b0194f051a6cc1c8a203d85eea6fe404f,spk_2101,"Southern African (South Africa, Zimbabwe, Namibia)",male_masculine,teens,12,3.38,7
common_voice_en_555759.mp3,southern_africa,And I guarantee that they'll graduate with highest honors!,62c724290b2309d5f046f88307f55a09defe3523952cf128de9cee9ed459e604,spk_2103,"Southern African (South Africa, Zimbabwe, Namibia)",male_masculine,twenties,9,3.82,7
common_voice_en_37906902.mp3,southern_africa,"Hayward sang lead vocal on his song ""It's Cold Outside Of Your Heart"".",d212f05ef250036952988cc4a365e08254394378fa0459fb5dfaee15a359440b,spk_2113,"Southern African (South Africa, Zimbabwe, Namibia)",,,13,8.21,1
common_voice_en_26341302.mp3,southern_africa,"In his early years, Escher sketched landscapes and nature.",979ef5a097bac0e4f91f153da70a5d0abaa0fe6713d75e52bbf61fe9d42fbfda,spk_2118,"Southern African (South Africa, Zimbabwe, Namibia)",male_masculine,teens,9,4.64,2
common_voice_en_35302874.mp3,southern_africa,They are figural variations of the simplest kind.,c66fbb9b42bdf938a816667ad1afea519630ab3006f5e50652e7bcf1d223c21f,spk_2129,"Southern African (South Africa, Zimbabwe, Namibia)",,,8,5.69,1
common_voice_en_48835.mp3,southern_africa,"""An alchemist,"" said the alchemist.",d4403d4e24649b868056b96effc45eccd80725e11b56e0dc909573870d4dc782,spk_2155,"Southern African (South Africa, Zimbabwe, Namibia)",female_feminine,sixties,5,3.38,7
common_voice_en_48861.mp3,southern_africa,"Today, I understand something I didn't see before: every blessing ignored becomes a curse.",f98564ec885ed77830dedd6326b8d0aa2f82ac483422e77ac871b25f378973fd,spk_2155,"Southern African (South Africa, Zimbabwe, Namibia)",female_feminine,sixties,14,7.82,7
common_voice_en_37457259.mp3,southern_africa,"The report said that ""Freedom"" was ""not expected to be survivable"" in combat.",cf510d723f46226b1007f265f50368a318e3ea4cad47cfc7a2618bfe072eea9c,spk_2161,"Southern African (South Africa, Zimbabwe, Namibia)",,,13,8.46,1
common_voice_en_26451827.mp3,southern_africa,His career began as a song plugger for Irving Berlin and then Benny Goodman.,9860da908ed2e71255b2adfa05cfb3c3a7c74db885b08001e5ebe2f5c6b6c109,spk_2165,"Southern African (South Africa, Zimbabwe, Namibia)",male_masculine,twenties,14,9.18,1
common_voice_en_38358378.mp3,southern_africa,"He is interred at Oakdale Cemetery, Oakdale, Nebraska.",d93595b2b4444e8d88ee5db11d047fe78f51399f5c429ab27e0fcb07dce16a16,spk_2177,"Southern African (South Africa, Zimbabwe, Namibia)|South African accent",female_feminine,twenties,8,7.2,2
common_voice_en_17729247.mp3,southern_africa,"As a workaround, we could use application specific profiles.",5c3925317cf6c91ba7d2e80224aeffaae59969bae294dfd7463c9de4cc780a5a,spk_2203,"Southern African (South Africa, Zimbabwe, Namibia)",male_masculine,twenties,9,5.42,8
common_voice_en_32679265.mp3,southern_africa,She was formerly the chair of the department.,902454d3ccaf501fc407af561941d4c2002e23a4fa50839d70eea8333c00b8e1,spk_2225,"Southern African (South Africa, Zimbabwe, Namibia)",,,8,5.11,1
common_voice_en_28247984.mp3,southern_africa,This was only the third facility swap in American television history.,b87e5055e95ea1ffb18126d8efaadaa3a2f17a5cb13cc829b94554d139d8b0db,spk_2231,"Southern African (South Africa, Zimbabwe, Namibia)",,,11,7.06,1
common_voice_en_22179180.mp3,southern_africa,Driveshafts are sometimes also used for other vehicles and machinery.,5a99a5d25f10ba360522d791af7f5d4136f72a8361a02764ff4d714b7b6672ed,spk_2246,"Southern African (South Africa, Zimbabwe, Namibia)",male_masculine,twenties,10,8.02,1
common_voice_en_10424182.mp3,southern_africa,I wandered lonely as a cloud.,6cc918c8362bae7d6da25ed19ad3ef65025b7a34ccd25b4f017f8527f779908d,spk_2257,"Southern African (South Africa, Zimbabwe, Namibia)",male_masculine,fifties,6,3.38,7
common_voice_en_43555608.mp3,southern_africa,These have layers of shells several feet thick.,fd7351e51018a12faa4a06535343b3af00265337e683b27691e5042ebd859c5e,spk_2262,"Southern African (South Africa, Zimbabwe, Namibia)",,thirties,8,6.34,1
common_voice_en_26137750.mp3,southern_africa,There was also a plan to improve the armor of the Churchill tank.,0a12720379a965cd409789992b630b2eb74dbd546779592d8641c5e9c01c5b16,spk_2276,"Southern African (South Africa, Zimbabwe, Namibia)",,,13,5.44,1
common_voice_en_19700341.mp3,southern_africa,"An older name for the haircut is ""whitewall"".",1fd7a1f75a895509e6e87b063570435e4e1559e2a2c067bbb6fa32ad8950b0d1,spk_2278,"Southern African (South Africa, Zimbabwe, Namibia)",male_masculine,twenties,8,4.32,1
common_voice_en_32442109.mp3,southern_africa,The control animals died and the treated animals all survived.,82e03ef13a6aa84ffd64a611a499c6b52f0fffe3fa713bccd9bc476eceaeacd6,spk_2283,Afrikaans English,,,10,7.49,1
common_voice_en_37533590.mp3,southern_africa,The individual listings note the subject's nationality and main occupation.,cfe30ccc3c1d94abf397c462e915d348ba13e2f60537e55edbaf2bb5a76a1883,spk_2286,"Southern African (South Africa, Zimbabwe, Namibia)",female_feminine,thirties,10,5.4,1
common_voice_en_17377158.mp3,southern_africa,That's not exactly a widely used piece of software.,4ba9f5934a73c81f9c3a251ce58f8cebad06c4abb99c49b3a6cd381f2f89d757,spk_2305,"Southern African (South Africa, Zimbabwe, Namibia)",male_masculine,twenties,9,4.82,7
common_voice_en_596846.mp3,southern_africa,Wait a minute here.,94b661c13947ebd7088de267b95e59d823bd177549b4de19496df2d89d5a8d72,spk_2327,"Southern African (South Africa, Zimbabwe, Namibia)",female_feminine,fifties,4,4.94,6
common_voice_en_43456604.mp3,southern_africa,"It was known by locals as the ""Greenie"".",fc826583ceb71143d5c166a446c33581ad547792976c7ae8603309b115835e8f,spk_2329,"Southern African (South Africa, Zimbabwe, Namibia)",,twenties,8,3.53,1
common_voice_en_37912594.mp3,southern_africa,It is full and fair in the pouch of the padded glove of Snodgrass.,d1fb24bd2f843652fd7ca6d710755fca39996888490c0557eed48af70bf51332,spk_2335,"Southern African (South Africa, Zimbabwe, Namibia)",,,14,6.23,1
common_voice_en_625564.mp3,southern_africa,"No, that's not what I mean.",7ec85161440207256c1772653498948ac218a488bcc971e109d56e302da3bcc7,spk_2342,"Southern African (South Africa, Zimbabwe, Namibia)",male_masculine,fifties,6,4.78,7
common_voice_en_27135337.mp3,southern_africa,"James was not a great fan of ""Washington Square"" itself.",a2c2e804303f5eb4fb4f5be9a86bdb101e6cfa45e0e7903a11d72e6a953059bf,spk_2343,"Southern African (South Africa, Zimbabwe, Namibia)",male_masculine,thirties,10,5.58,1
common_voice_en_44577301.mp3,southern_africa,"""The New Deal"" stuck shortly afterwards.",feffe997d18fc352e632c478f66d75f8ad7f62c891666e1e0fbebd6654f6698d,spk_2354,"Southern African (South Africa, Zimbabwe, Namibia)",female_feminine,thirties,6,3.71,1
common_voice_en_26972470.mp3,southern_africa,"Over the next century, a number of mergers followed.",9e1fda5c824c4e3ebe62e231e216d395ac81d4627c5c052ea4000ddbd5e0b28b,spk_2362,"Southern African (South Africa, Zimbabwe, Namibia)",,,9,9.4,1
common_voice_en_26890865.mp3,southern_africa,This list enumerates people who record and perform in the traditional singer-songwriter approach.,9ba19d540e6fbe82096409a24cb2bc46a1699f639e98f4986bc4bf731dc10132,spk_2364,"Southern African (South Africa, Zimbabwe, Namibia)",,,13,7.31,1
common_voice_en_22070077.mp3,southern_africa,Originally the bells were intended for change ringing.,58c3bf8e84dc2e9253e563215c5637c2481e7ffaeb3a47d44d58a252248ec031,spk_2367,"Southern African (South Africa, Zimbabwe, Namibia)",male_masculine,thirties,8,6.22,1
common_voice_en_38404718.mp3,southern_africa,It was amended using UnBlinking dot com.,daac2f0e74e4907fe6b571bc9199cf1a46afe665aa9052b2b3f8433d70d6f4c6,spk_2369,"Southern African (South Africa, Zimbabwe, Namibia)",female_feminine,twenties,7,5.08,1
common_voice_en_20532704.mp3,southern_africa,High school students are zoned to Holmes County Central High School.,3cee2ef5c4d5b7cbd1c926132b592b725e10a8544ac37164416907ae410980a7,spk_2373,"Southern African (South Africa, Zimbabwe, Namibia)",male_masculine,thirties,11,5.83,1
common_voice_en_27174643.mp3,southern_africa,It was a hit and featured George C. Scott.,a4258703d86e86b4e0a023163ef095dc2bca908d20210b11e2b25aa705d293c4,spk_2384,"Southern African (South Africa, Zimbabwe, Namibia)",male_masculine,twenties,9,4.64,2
common_voice_en_32383746.mp3,southern_africa,The film score was produced by Prashant Pillai.,7e3851236b2b92abdfcf14cd157ab6224988082d99cb426ed929b04290c03a7a,spk_2385,"Southern African (South Africa, Zimbabwe, Namibia)",,,8,4.32,2
common_voice_en_543675.mp3,southern_africa,Elena will be late.,f3f8992e596bc23f88176aaf17cceb0dded85bdd775ffcd4e4ccb676130414f4,spk_2388,"Southern African (South Africa, Zimbabwe, Namibia)",male_masculine,sixties,4,2.4,6
common_voice_en_26030979.mp3,southern_africa,"Very creamy, it can be eaten more or less spicy.",07f1ea1ddd5f173300053c03bf0f1118a0e0dfbc06c491e2bb72a63dbf0f41fe,spk_2393,"Southern African (South Africa, Zimbabwe, Namibia)",male_masculine,thirties,10,4.61,1
common_voice_en_18303199.mp3,southern_africa,Do you still remember your old account's password?,03a2163edbc8f65ed3efd58364352df4e2fd8d993697ff744d751c76d92cbea6,spk_2405,"Southern African (South Africa, Zimbabwe, Namibia)",male_masculine,twenties,8,3.58,8
common_voice_en_18325316.mp3,southern_africa,What does she look like?,1235d3b29a1233a4b8b21c18341ab9428b5633cb0aae69798d8e61d83112fe75,spk_2405,"Southern African (South Africa, Zimbabwe, Namibia)",male_masculine,twenties,5,2.5,8
common_voice_en_19562080.mp3,southern_africa,"This was the centre of Karachi in the colonial era, and still is today.",18e24a3f7e4079f06c80f1a8b01b9aa6aa2d261258cd71983f872e2dd88dfae6,spk_2417,"Southern African (South Africa, Zimbabwe, Namibia)",male_masculine,twenties,14,6.82,1
common_voice_en_41037572.mp3,southern_africa,He is noted for his studies of plants in the south of Africa.,f0345913255ccc2ce2b9bffbf40891adbf027e671fe09e1058d05ab59018ef21,spk_2418,"Southern African (South Africa, Zimbabwe, Namibia)",,,13,5.98,1
common_voice_en_37981752.mp3,southern_africa,The closest limited access road is the Atlantic City Expressway in neighboring Winslow Township.,d309550c30fe726f7269e37cec5af9d487fa0cca5d205ffc5d4232a3a2b02f4e,spk_2432,"Southern African (South Africa, Zimbabwe, Namibia)",,,14,6.23,1
common_voice_en_17252555.mp3,southern_africa,"When there's a loss of cabin pressure, oxygen masks will automatically drop down.",7dfd53f7c8475c56cbdf9a4cbc1ead62e41bdddbb923a28aa41847417d2f62e4,spk_2442,"Southern African (South Africa, Zimbabwe, Namibia)",male_masculine,thirties,13,6.17,7
common_voice_en_17252937.mp3,southern_africa,"Although everything should be under the state's control, there is a lot of violence in prisons.",3d88ca44a68b5e6cecb1e0ba017c0f551735568487ca098746f33cb0778ffb86,spk_2444,"Southern African (South Africa, Zimbabwe, Namibia)",male_masculine,twenties,16,7.03,7
common_voice_en_17252941.mp3,southern_africa,"I didn't find the blow-dryer, so I just used the vacuum-cleaner.",d5f867d87a06db9e8c35f7a37690d9739982ad6d91bf39598bea70f08960d492,spk_2444,"Southern African (South Africa, Zimbabwe, Namibia)",male_masculine,twenties,11,5.11,7
common_voice_en_35075140.mp3,southern_africa,"The song depicts a girl, Katyusha, longing for her absent love.",c4fd2830cee2caf18d04dbc542567f6fade7f3eeac91a8a62eea943a79bbc057,spk_2457,"Southern African (South Africa, Zimbabwe, Namibia)",,,11,5.83,1
common_voice_en_245383.mp3,southern_africa,The petals fall with the next puff of wind.,3a24a9d24874d59c3b22546de736f77d171c6d0aa62701af798b4ef085b2de83,spk_2458,"Southern African (South Africa, Zimbabwe, Namibia)",male_masculine,thirties,9,3.77,7
common_voice_en_39590318.mp3,southern_africa,"Since then, Lover has risen to prominence in Australia and internationally.",e3f54f1ba363d88330773d38e701c77bfb188ad53abe8a076b8d918583e57954,spk_2459,"Southern African (South Africa, Zimbabwe, Namibia)",,,11,6.77,1
common_voice_en_37976074.mp3,southern_africa,The county is named after Civil War general and Mississippi Senator Edward C. Walthall.,d2cf7ba7330207cd7e9bcec07c4df1d4b410ccbe960353c4cabdda3ae9eeba07,spk_2462,"Southern African (South Africa, Zimbabwe, Namibia)",,,14,7.13,1
common_voice_en_7989.mp3,southern_africa,"He did find it, soon after dawn, and not far from the sand pits.",1250c3f96ba2682010560f4ccb9828fed2bda85ff64d0ef5d9d5f7816c89dfef,spk_2466,"Southern African (South Africa, Zimbabwe, Namibia)",male_masculine,thirties,14,5.54,7
common_voice_en_17637604.mp3,southern_africa,"Glass eel is on the menu today, but it's too expensive.",35e3e598d1b30f62ffa7db535048fd62236f4b5c2666af049bbb471eb1eb931d,spk_2468,"Southern African (South Africa, Zimbabwe, Namibia)",male_masculine,fourties,11,5.11,7
common_voice_en_17637612.mp3,southern_africa,"Moreover, I won't be needed for the next two days.",d9d112372b1509a14ca126a2b8a8edc9ce8657362e7252aeb99d988b10b85630,spk_2468,"Southern African (South Africa, Zimbabwe, Namibia)",male_masculine,fourties,10,4.94,7
common_voice_en_20180464.mp3,southern_africa,"As a result, Bargnani became the focal point of Toronto's offense.",3205a61e3bebb23458ff7cf521a446e760a5b06b3b6021d8cf19392798ab28c0,spk_2473,"Southern African (South Africa, Zimbabwe, Namibia)",male_masculine,fourties,11,6.98,1
common_voice_en_37850582.mp3,southern_africa,He also had six concubines but did not have children with them.,d1363b50947f5ff5e509cb3e06ec56922fb4e9af382c9c23487635c4e43b9b05,spk_2475,"Southern African (South Africa, Zimbabwe, Namibia)",male_masculine,fourties,12,5.08,1
common_voice_en_23622679.mp3,southern_africa,"The cause of his death was given as ""organic brain disease"".",6e654c3a4c8953dc5e4304303272dcf32375a506e23d0420c7963f5cdc5c1020,spk_2499,"Southern African (South Africa, Zimbabwe, Namibia)",female_feminine,fourties,11,6.07,2
common_voice_en_21061119.mp3,southern_africa,The tourist season stretches from May to early September.,48659efdadff443411db4570bded27122fc58b11998e67cb0398451a6a094179,spk_2524,"Southern African (South Africa, Zimbabwe, Namibia)",male_masculine,twenties,9,5.33,1
common_voice_en_642783.mp3,southern_africa,"""You gave them everything I had!"" the boy said.",6c935d6661c9e2c759572514ff5dc5fa37a186d62921e07ae896ee6f7b793c13,spk_2528,"Southern African (South Africa, Zimbabwe, Namibia)",male_masculine,twenties,9,3.46,7
common_voice_en_642800.mp3,southern_africa,The crowd swayed a little as I elbowed my way through.,cecb266d94f1bef4ac52f130b7383c196b1027f7427fdf9f0a6a328297c68c5b,spk_2528,"Southern African (South Africa, Zimbabwe, Namibia)",male_masculine,twenties,11,3.5,7
common_voice_en_19604249.mp3,southern_africa,The principle behind all acoustic networks is the same.,1a8b63d1ede3269c4f56a63bfed019bf55c4ac5b0117ad472e9e47fc960d57e8,spk_2538,"Southern African (South Africa, Zimbabwe, Namibia)",male_masculine,twenties,9,5.52,2
common_voice_en_20109648.mp3,southern_africa,A survey was published in Descent magazine.,2ff4c9cd5b541f582da61e59c26459ed1e64a879edc67b1e5089fb3bb7ad77a9,spk_2539,"Southern African (South Africa, Zimbabwe, Namibia)",male_masculine,fourties,7,4.25,2
common_voice_en_23757269.mp3,southern_africa,Heindorf was a friend and admirer of jazz pianist Art Tatum.,734ab162361da14ea0ede4407994f73ac59b446bb37bfd2864589cafa9c406a1,spk_2540,"Southern African (South Africa, Zimbabwe, Namibia)",male_masculine,twenties,11,4.57,1
common_voice_en_19999298.mp3,southern_africa,The dimensions in which the kissing number is known are listed in boldface.,2c3b73833e49f72e2621fae678e3324ee08a1a394ea1559c853baf6f55ed8821,spk_2546,"Southern African (South Africa, Zimbabwe, Namibia)",male_masculine,fourties,13,5.74,1
common_voice_en_23989293.mp3,southern_africa,Many of these kings are considered to be legendary.,7c13df2f768c25bba6c0ff8e08404d97876880b8a74aca11fd71ba9958ca40d6,spk_2548,"Southern African (South Africa, Zimbabwe, Namibia)",,,9,5.26,1
common_voice_en_18512224.mp3,southern_africa,"Three weeks later, he was feeling a lot better.",bbe6990f751535197cf6da68ee79e71c77b8c891825b0747f9c02c223de9a846,spk_2553,"Southern African (South Africa, Zimbabwe, Namibia)",male_masculine,twenties,9,4.37,8
common_voice_en_18512328.mp3,southern_africa,Have I offended you?,8c88ae166d1abd3420da14e9f3df427344444c24edc8f74363fab4f69f13111d,spk_2553,"Southern African (South Africa, Zimbabwe, Namibia)",male_masculine,twenties,4,3.17,7
common_voice_en_528761.mp3,southern_africa,"But, just before lunchtime, a boy stopped in front of the shop.",d0d1a7b6588cfdfebac8941241bab9bbef827345150609a5bd8aa72700550aaf,spk_2556,"Southern African (South Africa, Zimbabwe, Namibia)",male_masculine,teens,12,3.82,7
common_voice_en_528766.mp3,southern_africa,You have been a real blessing to me.,e1db0444cea9368a231d480668932c65c968309bff5cb12615df0a365fdbaaec,spk_2556,"Southern African (South Africa, Zimbabwe, Namibia)",male_masculine,teens,8,2.5,7
common_voice_en_521534.mp3,southern_africa,"""Well, I'd like to see their land, and see how they live,"" said his son.",fdda5ac34b007ce06edd4518b8f64f66cb0f5631be25d4b489eaece8f6998099,spk_2574,"Southern African (South Africa, Zimbabwe, Namibia)",male_masculine,twenties,15,6.26,7
common_voice_en_23843448.mp3,southern_africa,"In theory, colonial Attorneys General represented the British Attorney General, who represented the Crown.",770eae1fd4309388a2d5d3b65b11c7e91fb27700bc5c62dca8c044e39d73c666,spk_2581,"Southern African (South Africa, Zimbabwe, Namibia)",male_masculine,twenties,14,10.34,1
common_voice_en_20262138.mp3,southern_africa,This basic design has remained the pattern for Marker bindings to this day.,34f903bf3aeb8fd9022e80cdc9f6d5b7ac54a8fdd7b31464cf21b6b0a2542590,spk_2591,"Southern African (South Africa, Zimbabwe, Namibia)",male_masculine,fifties,13,6.14,2
common_voice_en_214431.mp3,southern_africa,"On the third day, the chief met with his officers.",18c9512484029f01f1efbd80d856381de4c6f028167d34db66a06d67b91bd4f0,spk_2596,"Southern African (South Africa, Zimbabwe, Namibia)",male_masculine,twenties,10,3.89,7
common_voice_en_214475.mp3,southern_africa,It must have fallen while I was sitting over there.,834b8492265abdcf7f0479d7f8813181599edea5b4633f9ecc2ab2834deb0186,spk_2596,"Southern African (South Africa, Zimbabwe, Namibia)",male_masculine,twenties,10,5.83,7
common_voice_en_27107995.mp3,southern_africa,Moorebank Shopping Village is a small shopping centre.,a1d4b5d9f120fbea750fd04cdb88df250b448d70af800a6a8ac65b7859beabcb,spk_2602,"Southern African (South Africa, Zimbabwe, Namibia)",,,8,4.0,2
common_voice_en_575134.mp3,southern_africa,"""What's the world's greatest lie?"" the boy asked, completely surprised.",ea2c59f9817d38591c1d8e2bbcbd7638a3872388f1cbf81270704e743a9ab722,spk_2603,"Southern African (South Africa, Zimbabwe, Namibia)",male_masculine,twenties,10,4.37,7
common_voice_en_575135.mp3,southern_africa,"Besides that, there was a heap of bicycles.",efd828b07bc69a5bb6cee62165a648989c9177629cb1058177a66e2de2e4e18a,spk_2603,"Southern African (South Africa, Zimbabwe, Namibia)",male_masculine,twenties,8,3.82,7
common_voice_en_71623.mp3,southern_africa,And I'm going to build things.,92146c871f6a27790b3e309afb3cebdd3380de6b972955d3723c04b8e8851a86,spk_2610,"Southern African (South Africa, Zimbabwe, Namibia)",male_masculine,fifties,6,3.6,6
common_voice_en_25207562.mp3,southern_africa,Orfila is grandfather to Martin's three children and Linda's two children.,8d6d7a825f5b30014f75b75ac0cb5c352fae5a09ae12ef6ae91eabc90fdf1a26,spk_2612,"Southern African (South Africa, Zimbabwe, Namibia)",,,11,7.09,1
common_voice_en_19507.mp3,southern_africa,All that time the Martians must have been getting ready.,41598cb84264d50332763f1f3bb0bfa40e50a18425919586b836d4fe54f2a60a,spk_2619,"Southern African (South Africa, Zimbabwe, Namibia)",male_masculine,thirties,10,4.3,7
common_voice_en_19578.mp3,southern_africa,"You'll watch them as they grow, demonstrating how the world is always changing.",d8658d6ddffd735ab39e2e4ebc2c7560ac4d90efd03c79f50f247bb9d79dcecf,spk_2619,"Southern African (South Africa, Zimbabwe, Namibia)",male_masculine,thirties,13,7.18,7
common_voice_en_17586923.mp3,southern_africa,However did you manage that?,3bbf975e12ecf6af452c2b0fb3573bb7da71514262099293eaec5da319d4c72b,spk_2627,"Southern African (South Africa, Zimbabwe, Namibia)",male_masculine,thirties,5,3.91,8
common_voice_en_17586968.mp3,southern_africa,"That is one possibility, but we would both prefer it did not happen.",7e12b6c10a5b7fe745797187c30b3d3e5b1cd8d6271111bf6033730360b9582f,spk_2627,"Southern African (South Africa, Zimbabwe, Namibia)",male_masculine,thirties,13,5.16,7
common_voice_en_43957881.mp3,southern_africa,I don't wanna make anything more complicated than it already is.,fe590e9251efae65cce5397f6f66549e8e37968830cb2500dd009f87553b4016,spk_2634,"Southern African (South Africa, Zimbabwe, Namibia)",,,11,4.43,1
common_voice_en_646343.mp3,southern_africa,He needed someone to talk to so as to avoid thinking about the possibility of war.,594946716cd4b5e79c057917bd4542a19b576f7973dfd0ffe4dae7f23f05a497,spk_2647,"Southern African (South Africa, Zimbabwe, Namibia)",male_masculine,fifties,16,7.63,7
common_voice_en_19713527.mp3,southern_africa,It is actively imported into the endoplasmic reticulum of cells via glucose transporters.,20486cac4088fee0dbf72978316fdac9a7a0d03d4d5bbcdcdd7bd582b7642ee2,spk_2649,"Southern African (South Africa, Zimbabwe, Namibia)",male_masculine,fourties,13,6.82,2
common_voice_en_38127415.mp3,southern_africa,The Bahing also worship in Nature.,d6b5280f3cba647e30e83e8b2f002e82caec35b45d765d44cf70760b71c97774,spk_2661,"Southern African (South Africa, Zimbabwe, Namibia)",female_feminine,twenties,6,3.71,2
common_voice_en_41847121.mp3,southern_africa,This airport is a general aviation airport with no landing fees.,f4e491ff7bbe476f74f2f19b771db1cc181bd08e860c70bf42a7849831bcc365,spk_2674,"Southern African (South Africa, Zimbabwe, Namibia)",,,11,6.7,1
common_voice_en_18823633.mp3,southern_africa,Holmes Chapel is about north of Crewe and south of Manchester.,05fcd49ec1f8f161140da3533ec287f2fddd48646519559ba4b52327de6ef96a,spk_2695,"Southern African (South Africa, Zimbabwe, Namibia)",male_masculine,fifties,11,5.45,1
common_voice_en_17640985.mp3,southern_africa,I assume this was your doing?,e04a151ea51eb36da8fec047695a30b79b11fbbde73e4f5526afef65a65fa34a,spk_2699,"Southern African (South Africa, Zimbabwe, Namibia)",male_masculine,fourties,6,3.22,7
common_voice_en_28844346.mp3,southern_africa,They rejected any philosophical or legal naturalism and furthered Jeremy Bentham's utilitarian philosophy.,bdde4b2a3ca6dea2ded2516189b1540652f896d5758a16dab2edcbe9167905c6,spk_2702,"Southern African (South Africa, Zimbabwe, Namibia)",,thirties,13,7.67,1
common_voice_en_18976492.mp3,southern_africa,This is not always the case.,0b3d867ad76e4ffe6ae458cb2592e3747772f9b9890f515e78e65ef1610a9993,spk_2703,"Southern African (South Africa, Zimbabwe, Namibia)",male_masculine,thirties,6,2.86,1
common_voice_en_46115.mp3,southern_africa,The process of encrypting the hash value of a message is called digital signature.,bce6d7491aabc43b7a5357411b6055f6ffb4fefa69b3c436e8ddf032f63c0991,spk_2720,"Southern African (South Africa, Zimbabwe, Namibia)",male_masculine,twenties,14,6.24,7
common_voice_en_38021907.mp3,southern_africa,She manages to crawl up to the house and remove the worm.,d39962d847cd2e54479cab2793bc16f579b75f4732ff05f52521e3e0e2b4a1c0,spk_2726,South African English Accent,female_feminine,twenties,12,5.22,1
common_voice_en_219106.mp3,southern_africa,"The shop folks were taking down their shutters, and people were opening their bedroom windows.",ade0989a4d24ecbf85172bc9c6c03136398d2c440aec48a0f13be83de9a33bf4,spk_2734,"Southern African (South Africa, Zimbabwe, Namibia)",male_masculine,fourties,15,8.14,7
common_voice_en_219112.mp3,southern_africa,"I need you to be spontaneous. He asked me out to ""din din.""",f453893670e82454b66652af19dda95fcae97e1f30206a7a21afcf5aa79499d0,spk_2734,"Southern African (South Africa, Zimbabwe, Namibia)",male_masculine,fourties,13,11.35,7
common_voice_en_17402864.mp3,southern_africa,What do you want me to say?,a7f3afa10ae6d5322e53245596b26991d6a250af9dc14e95413f0b2a5efb4c88,spk_2741,"Southern African (South Africa, Zimbabwe, Namibia)",female_feminine,fourties,7,4.42,7
common_voice_en_17402867.mp3,southern_africa,"Hey Lucy, have you remembered the lyrics for the anthem yet?",f830eec767dedbf184edea7205ff4706692fc0b5ad4a667d1a21c00759a1e105,spk_2741,"Southern African (South Africa, Zimbabwe, Namibia)",female_feminine,fourties,11,3.7,7
common_voice_en_22168242.mp3,southern_africa,There is no guarantee an award will be made in each category every year.,5a0c0fc24fd13a4311c96dfe3154d6ffd1268fd7be1282c2479ae349da8d4bcd,spk_2765,"Southern African (South Africa, Zimbabwe, Namibia)",male_masculine,thirties,14,5.23,2
common_voice_en_19019406.mp3,southern_africa,All the seven shrines have gold plated spires.,0c993c95ce5d168726fcc0faf841436999652efcedaa00309de3d19a2acab993,spk_2773,"Southern African (South Africa, Zimbabwe, Namibia)",female_feminine,thirties,8,4.8,1
common_voice_en_18718987.mp3,southern_africa,So it was kind of tough.,0200ed402eead9e8ddeb4a461bcf52690211bd64b41a481b6dd5855857cf7f8a,spk_2775,"Southern African (South Africa, Zimbabwe, Namibia)",male_masculine,fifties,6,3.12,2
common_voice_en_45527.mp3,southern_africa,My review of the sun: one star.,0126407f34103cd72d511de00e0de327af8f31bf6c4e1a2c65a588e07590bb7b,spk_2788,"Southern African (South Africa, Zimbabwe, Namibia)",male_masculine,thirties,7,5.3,7
common_voice_en_17256504.mp3,southern_africa,"The gallant noble, good man thinks of himself last.",51938c9366b8364794184ce6e6a81cf2,spk_2789,"Southern African (South Africa, Zimbabwe, Namibia)",female_feminine,twenties,9,4.8,7
common_voice_en_42832565.mp3,southern_africa,The album contained songs for children and was sung in Swedish.,f9a392ac54084561b33ff10b39aa14d86f0d604c8bd7d0403cc9a8b4add63d07,spk_2790,"Southern African (South Africa, Zimbabwe, Namibia)",,thirties,11,5.0,1
common_voice_en_18518271.mp3,southern_africa,Don’t you understand me?,43b0bef6379733135ffff90bce909405985609e9f89295567be2962daab807a2,spk_2793,"Southern African (South Africa, Zimbabwe, Namibia)",male_masculine,thirties,4,3.89,7
common_voice_en_18518341.mp3,southern_africa,"Curses, like chickens come home to roost.",75e3d129803f34ed9c778ea99bb7d14829841ba5e96450c80558b68aa58e22c6,spk_2793,"Southern African (South Africa, Zimbabwe, Namibia)",male_masculine,thirties,7,4.15,7
common_voice_en_19490517.mp3,southern_africa,"Consequently, heart muscle cells are damaged; some die or become scar tissue.",16a1c63bb80103f2dabd29583366253662d2ee2135a403bde7d0cd1bd0177e0e,spk_2795,"Southern African (South Africa, Zimbabwe, Namibia)",male_masculine,fourties,12,5.47,1
common_voice_en_139681.mp3,southern_africa,I heard a peculiar humming sound from the pit.,9b6b4ecf78b2f72ac4881a684b90fa856f66685aa04f2969c927bd9855effe19,spk_2796,"Southern African (South Africa, Zimbabwe, Namibia)",male_masculine,twenties,9,5.06,7
common_voice_en_139684.mp3,southern_africa,"When I returned to the common, the sun was setting.",e61eb2f8e5d7dbf06767d2ac12b68e07a33119b05f9cabebb5f8a9d73dfbd673,spk_2796,"Southern African (South Africa, Zimbabwe, Namibia)",male_masculine,twenties,10,3.86,7
common_voice_en_36704156.mp3,southern_africa,Line of sight is not necessarily required for a location fix.,cad1209dade345b9a9bc8ee832acd9c34335a649fd0832b432a591ef8297af53,spk_2799,"Southern African (South Africa, Zimbabwe, Namibia)",,,11,5.08,1
common_voice_en_37103233.mp3,southern_africa,Many sludge bands compose slow and heavy songs that contain brief hardcore passages.,cd1ddf3963e4dcc4fa6c418e128ac511f187c208d00847a889dea2481520c322,spk_2800,"Southern African (South Africa, Zimbabwe, Namibia)",,,13,7.27,1
common_voice_en_606488.mp3,southern_africa,It doesn't have to rhyme!,095e083d24d3809244452e1ac8eeb4fe0d487dd29b22ec56d18bd3a1200d4898,spk_2807,"Southern African (South Africa, Zimbabwe, Namibia)",female_feminine,teens,5,2.42,6
common_voice_en_18947090.mp3,southern_africa,"After the election, Wachtel passed the chairmanship to Ohad Shem-Tov.",0a365058b188c95c34bf9f281d28bf94e32c7ce493bacdf7ab2dc840f507e757,spk_2815,"Southern African (South Africa, Zimbabwe, Namibia)",male_masculine,twenties,10,7.3,2
common_voice_en_22371391.mp3,southern_africa,"Arsenault was educated at Saint Dunstan's College, Charlottetown, and Saint Joseph University, New Brunswick.",5f85cf1bd96811301aff880a6590abc18038d39cd13c6b1ff237456b4e6147fc,spk_2817,"Southern African (South Africa, Zimbabwe, Namibia)",male_masculine,twenties,14,10.1,1
common_voice_en_28344702.mp3,southern_africa,"At each character position numbers precede letters and ""vowels are never used"".",b957ef8059262f9cbc609f6ac4671e2649d75190d6660f44c24506eab96db056,spk_2818,"Southern African (South Africa, Zimbabwe, Namibia)",,,12,6.12,1
common_voice_en_32514915.mp3,southern_africa,The cortex is undifferentiated.,848660e080fbe151611f9fd6944fd184d80f5e47ea155b10e9d2f2441f838aae,spk_2829,"Southern African (South Africa, Zimbabwe, Namibia)",,,4,4.9,1
common_voice_en_54412.mp3,southern_africa,And he gave the boy his blessing.,2a9c3da5cbfc3a73bca6ee9c28976e502cb45384e30358f03b898fcc467b50d0,spk_2831,"Southern African (South Africa, Zimbabwe, Namibia)",female_feminine,fifties,7,2.59,7
common_voice_en_54437.mp3,southern_africa,"""No,"" the alchemist answered.",a47886574acebc2aca2810349172419ba556a0d936588811b4ce2be0adda3bf2,spk_2831,"Southern African (South Africa, Zimbabwe, Namibia)",female_feminine,fifties,4,2.95,7
common_voice_en_23637218.mp3,southern_africa,The terminal has Tianjin Airlines headquarters.,6ee49f1ddb7ad750a0b5100f204037d71ae3a137a20774add1c993ef1a4822c6,spk_2841,"Southern African (South Africa, Zimbabwe, Namibia)",male_masculine,thirties,6,4.3,1
common_voice_en_20031835.mp3,southern_africa,The papers of William Miller are preserved in the archives at Aurora University.,2d87761832074442a9807f03d9dfc98a3b763e54af077518fe136384529de690,spk_2845,"Southern African (South Africa, Zimbabwe, Namibia)",male_masculine,thirties,13,5.62,2
common_voice_en_17258936.mp3,southern_africa,Will you come with me?,2085a4fff44e1485e9186dea04de2184,spk_2855,"Southern African (South Africa, Zimbabwe, Namibia)",male_masculine,twenties,5,2.74,5
common_voice_en_28432560.mp3,southern_africa,The output of this command typically contains the messages produced by the device drivers.,b9e0cfe80c2eb0f65a813907ae2af2df74406e821e3d93115bc2d9a35ac76681,spk_2857,"Southern African (South Africa, Zimbabwe, Namibia)",male_masculine,twenties,14,6.84,1
common_voice_en_4752134.mp3,southern_africa,"Quench your thirst, then eat the crackers.",1603ad0d406d4791bc81df169ac8d5282c492b8f8d1bca436bc48aa50fb01eac,spk_2858,"Southern African (South Africa, Zimbabwe, Namibia)",male_masculine,twenties,7,4.01,6
common_voice_en_40366587.mp3,southern_africa,Potter died in Amsterdam.,ebc467b3cd384bc58c07fe6411e24740253ed942b5d39fda31d68d6c1efdeb18,spk_2861,"Southern African (South Africa, Zimbabwe, Namibia)",,,4,4.25,1
common_voice_en_42807916.mp3,southern_africa,This provides an opportunity for Bill to spend more time with his curmudgeonly grandfather.,f97395e055f923e372c82d32015d1e2dd13c13416f2b5089eaa3ad64fcbaeb65,spk_2878,"Southern African (South Africa, Zimbabwe, Namibia)",female_feminine,thirties,14,12.1,1
common_voice_en_28457143.mp3,southern_africa,"Rowett agreed to finance the entire expedition, which became known as the Shackleton-Rowett Expedition.",ba1e5755c81da708f4a3b819ca280a2163cb403baed8f64fa3585549531521d1,spk_2886,"Southern African (South Africa, Zimbabwe, Namibia)",female_feminine,thirties,14,8.1,1
common_voice_en_25192446.mp3,southern_africa,It may need updates or revisions.,8d1223a8ce979abe79c23f4bb55c4cbf4833fd02f2d665e97a8da70f91dba7a3,spk_2891,"Southern African (South Africa, Zimbabwe, Namibia)",,,6,4.43,1
common_voice_en_65626.mp3,southern_africa,I thought about the difficulties in translation that might arise.,e75e723be8e2b4161986f7af47672aeddfec5f8e2817ff6047aab179942ad28b,spk_2895,"Southern African (South Africa, Zimbabwe, Namibia)",male_masculine,thirties,10,4.46,7
common_voice_en_32638734.mp3,southern_africa,Incumbent Republican Mike Enzi is not running for reelection.,86d9c00d9f4ca99b79b5cf9ca762e5ba7f2e40b2bef1a510f76e9725864b0584,spk_2900,"Southern African (South Africa, Zimbabwe, Namibia)",,,9,6.37,2
common_voice_en_498097.mp3,southern_africa,It would help the reader to understand your method better.,42c2f26a56e50041ba46d4506e2f814c6fcdd7ea384619bf6f264910954e46a5,spk_2910,"Southern African (South Africa, Zimbabwe, Namibia)",male_masculine,twenties,10,3.41,6
common_voice_en_37467937.mp3,southern_africa,Crude oil is also extracted.,cf651ddbf8b59d1a7238e03af6e94ba4de022aec56239ec46db11b863b477866,spk_2913,"Southern African (South Africa, Zimbabwe, Namibia)",female_feminine,thirties,5,4.14,1
common_voice_en_17822095.mp3,southern_africa,Do you like contemporary paintings?,bd6085e36f2daa7429d15bf930ff10de2194b2f9a9d9b63d4462fb864408b019,spk_2922,"Southern African (South Africa, Zimbabwe, Namibia)",female_feminine,twenties,5,4.27,8
common_voice_en_17822160.mp3,southern_africa,"I'm not hungry, I'm starving.",e4906012d71efac8ee673349f4b233ae2c684460174b42ad277b1c6cfb3d1b30,spk_2922,"Southern African (South Africa, Zimbabwe, Namibia)",female_feminine,twenties,5,3.12,8
common_voice_en_19703743.mp3,southern_africa,The friendship between the two was fairly close.,2016313e046cc693d3702965c7822c3f4c02ad828a0048c23ad73a397855c1de,spk_2927,"Southern African (South Africa, Zimbabwe, Namibia)",male_masculine,thirties,8,4.18,2
common_voice_en_43623642.mp3,southern_africa,A permanent central executive committee of the party was formed.,fe41c8642cfdca922392ab8f3ee294a5fd6f2bd105c145b416b257495b9dbec1,spk_2931,"Southern African (South Africa, Zimbabwe, Namibia)",,,10,8.82,1
common_voice_en_128326.mp3,southern_africa,"""What is it that I still need to know?"" the boy asked.",7a3224f79c5d1c2a6e9bf443dff8655cb66d4c5cf995d73dfc55c0afedcf286b,spk_2937,"Southern African (South Africa, Zimbabwe, Namibia)",male_masculine,fifties,12,4.9,7
common_voice_en_17340940.mp3,us,"The more you read, the better you will be understood.",7b5b2eb0a50e1f553ac726e9be677d5043b6ed55e2a0f8bf483056a61710175b,spk_0010,United States English,female_feminine,thirties,10,5.21,7
common_voice_en_17731460.mp3,us,What on earth do you mean?,365637fe6215993e1a580fb8cdaae242eef90b076f494771ab7fc4fa7d1e69be,spk_0015,United States English,male_masculine,twenties,6,3.14,7
common_voice_en_679510.mp3,us,"The horseman was completely immobile, as was the boy.",32128bc7d6fe039a44e29b82f6e4e92a9c65cf74826aff2ccb67984cc71b4f6a,spk_0023,United States English,male_masculine,thirties,9,4.37,7
common_voice_en_18066721.mp3,us,What is it that you want?,476e688e75bb7e85856d63775dece7fbd4bdb56d1213689e0825ccdfc3816331,spk_0036,United States English,male_masculine,fourties,6,3.19,7
common_voice_en_684525.mp3,us,The people were also praying to heaven for protection.,9a5a73042eb8bfd1eac99ea7a1d57ae1b6bf49e6a963ed67db6e3c859ad5bbd4,spk_0041,United States English,male_masculine,twenties,9,3.62,7
common_voice_en_18242404.mp3,us,Tell me what it is.,b24c99b8492ae4137aa4a2b8372c9f0e04e7b9da2bff581020510c7cf75bb906,spk_0045,United States English,male_masculine,twenties,5,2.62,7
common_voice_en_18071597.mp3,us,Leaves turn brown and yellow in the fall.,9eafd3e8ec7f17187f2329c93c035331950d3b7989f86a0facb8e0a7177675cf,spk_0048,United States English,female_feminine,,8,3.91,8
common_voice_en_18199684.mp3,us,Mrs. wife lady Miss,b7ffa7fb2627031faa03077bf84bab914aa3f8f0e5de635af0225f5b5896b192,spk_0055,United States English,male_masculine,twenties,4,3.65,7
common_voice_en_17387052.mp3,us,What are we to do?,afed34d5b2cc964cca55e3331238ac278cee5ce9644a064988b080b344a66cf2,spk_0064,United States English,male_masculine,thirties,5,2.42,7
common_voice_en_542746.mp3,us,He won't leave the circle.,5d72597880ca8e250fb7221b8ebc1c5342e8910173d540fa6c5d60b953cc2607,spk_0070,United States English,female_feminine,thirties,5,3.1,7
common_voice_en_596206.mp3,us,"But, just before lunchtime, a boy stopped in front of the shop.",d0d1a7b6588cfdfebac8941241bab9bbef827345150609a5bd8aa72700550aaf,spk_0075,United States English,male_masculine,twenties,12,5.54,7
common_voice_en_18341019.mp3,us,"What is it, dear?",aff6b8325373465b269dc9f51dc6273524190dfbadfa6bce5f07176d7f19a3d9,spk_0082,United States English,male_masculine,thirties,4,2.42,7
common_voice_en_17651969.mp3,us,Do male kangaroos have a pouch?,886d03cff9c2ec585f1304bd0c66d85e1008a7b2601a56a65cacb172fd9559c5,spk_0088,United States English,male_masculine,twenties,6,2.4,7
common_voice_en_17493419.mp3,us,Don’t you understand me?,43b0bef6379733135ffff90bce909405985609e9f89295567be2962daab807a2,spk_0089,United States English,female_feminine,fourties,4,3.22,7
common_voice_en_18044790.mp3,us,"The crow tilted its head, as if it was thinking.",3377d41fc0c3045d8ca151a47a84322c418f53cc39f4f6584e5adbc25735378c,spk_0091,United States English,male_masculine,twenties,10,5.23,7
common_voice_en_680155.mp3,us,I was disappointed at this inanimate bulk.,5818e1a7b5974a81d93ce53dbfb2f4a5b88dd251c932c72fee1b51353b5b4665,spk_0092,United States English,female_feminine,thirties,7,4.54,7
common_voice_en_17503500.mp3,us,"He kept driving at full speed, totally unfazed by the flap, flap, flap of the burst tyre.",4f1a478aeb93f711e4262ef1e5f5c1e8f362f63e69e7b4006df1a986cf8d8892,spk_0110,United States English,male_masculine,twenties,17,8.26,7
common_voice_en_17877701.mp3,us,The other bridge was for everyone else.,5bcae12a1b4a4375d6c5332be22d9719e4d0e8c4601b298e530f745e7b9d00ae,spk_0116,United States English,male_masculine,fourties,7,2.38,7
common_voice_en_555912.mp3,us,"Maktub, thought the boy.",3c2a5f756eb6858546232f6cdab2339ea15e63345c1923107eed5e4e7d6b5020,spk_0117,United States English,male_masculine,thirties,4,3.62,7
common_voice_en_17561694.mp3,us,That's not exactly a widely used piece of software.,4ba9f5934a73c81f9c3a251ce58f8cebad06c4abb99c49b3a6cd381f2f89d757,spk_0119,United States English,male_masculine,thirties,9,5.26,7
common_voice_en_563089.mp3,us,"""No,"" the alchemist answered.",a47886574acebc2aca2810349172419ba556a0d936588811b4ce2be0adda3bf2,spk_0127,United States English,male_masculine,fourties,4,2.93,7
common_voice_en_17390867.mp3,us,"Oh, that will be fun!",8ea310f3a9f612c273a36042dc2d857324768a6f5d7db62909cd2c1c09b3f21a,spk_0129,United States English,male_masculine,thirties,5,1.7,7
common_voice_en_18124676.mp3,us,What is to be done?,eaad21afe73738d4824f2d427d0c8c0dfab7f44802999ec253ed926232182e28,spk_0135,United States English,male_masculine,twenties,5,2.71,8
common_voice_en_17442726.mp3,us,But what is the use of talking?,8fd8f8bad94e4e3292863f2a78760ce4df15758a3358b9d870dabd18557f7e0b,spk_0149,United States English,female_feminine,fourties,7,4.2,7
common_voice_en_17653232.mp3,us,"If I knew it, I would have told you.",e16b5d7de8afd8fa5e99bd540ada59b3c51d49d7fb4308f2e93ab7ee22c56e0e,spk_0154,United States English,female_feminine,twenties,9,3.24,7
common_voice_en_17328901.mp3,us,"Oh, you are, eh?",5039f73307189c07f32cc0be5882b59230eadffd3e637a26361c8e0320788ebd,spk_0158,United States English,male_masculine,thirties,4,2.3,7
common_voice_en_17181.mp3,us,And he gave the boy his blessing.,2a9c3da5cbfc3a73bca6ee9c28976e502cb45384e30358f03b898fcc467b50d0,spk_0166,United States English,male_masculine,fifties,7,2.86,7
common_voice_en_18018453.mp3,us,Where can I apply for the job of a millionaire?,5b5193a0dcfc46a3c95d8a70fee85fb2e92a28dea6cb01a34f18df5c3670f43c,spk_0167,United States English,male_masculine,twenties,10,3.22,7
common_voice_en_523991.mp3,us,I thought about the difficulties in translation that might arise.,e75e723be8e2b4161986f7af47672aeddfec5f8e2817ff6047aab179942ad28b,spk_0171,United States English,male_masculine,thirties,10,5.06,7
common_voice_en_154964.mp3,us,He stood irresolute for a moment and then scrambled out of the pit.,21ab88c247c6a72eab8675717b0c89cbbede062cf4e9c5982de5922ca86d713c,spk_0175,United States English,male_masculine,twenties,13,7.06,7
common_voice_en_134777.mp3,us,The boy said nothing.,c690c5a2a79fdf3e7e26e9605fe1907a8d5f6cecfbcbd214c325bdb3bc067063,spk_0178,United States English,male_masculine,thirties,4,7.66,7
common_voice_en_1858053.mp3,us,"They walked in from the rain, all dishevelled and steaming.",aa04f571e97c3e11698b686c700dd17c9eb54dda96a0ada261badc04f50523e8,spk_0183,United States English,male_masculine,twenties,10,2.86,7
common_voice_en_491222.mp3,us,The boy knew a lot of people in the city.,599e48064475b039465b0eee15a2968a780ff7e8af83e359bfdb91d1c44e4cfe,spk_0184,United States English,male_masculine,fourties,10,2.9,7
common_voice_en_186352.mp3,us,I heard a peculiar humming sound from the pit.,9b6b4ecf78b2f72ac4881a684b90fa856f66685aa04f2969c927bd9855effe19,spk_0189,United States English,female_feminine,twenties,9,4.73,7
common_voice_en_619665.mp3,us,The boy mumbled an answer that allowed him to avoid responding to her question.,5658f851f4895cd7a0bb28846da0427c84757b66bea8db625f35b077cfae12d0,spk_0192,United States English,male_masculine,twenties,14,4.58,7
common_voice_en_17489073.mp3,us,How do you make that out?,dff293130c43da88bbe67232a067348c29e2ce1441bd7f4d7a108858363929f5,spk_0200,United States English,male_masculine,twenties,6,2.18,7
common_voice_en_617668.mp3,us,"""Don't know,"" was the reply.",cadf55ac6ca2325d55422d444812fd720def9d217258878d606ecd28d5318c9b,spk_0202,United States English,female_feminine,thirties,5,3.77,7
common_voice_en_17545037.mp3,us,"Roll the dice, please.",f8effbf83e5bbfd9b097be5d751f2a898ae3c165c5cb24962a225adbff59ac73,spk_0208,United States English,male_masculine,twenties,4,2.86,7
common_voice_en_17794400.mp3,us,Don’t you like it?,1186513d9b16ca566b96ed796672f6cdc928980a98b74b46592c5b1b0509a1c7,spk_0211,United States English,female_feminine,fifties,4,1.8,7
common_voice_en_17566769.mp3,us,"I promise, I will be careful!",98107ffeec650271e9b30c425e55e63ef1cfb82e001f9c62e2f099e54eb9710b,spk_0212,United States English,male_masculine,teens,6,2.21,8
common_voice_en_17725548.mp3,us,At least twelve scripts were found in this chest.,82a991ecec47a14ba42ec9d3e847ee92e20754f1ef0560ddb8177ae732060a98,spk_0221,United States English,male_masculine,twenties,9,3.36,7
common_voice_en_17514110.mp3,us,"Yeah, I was in a wheel chair for months.",fc16416b3aab0a0244f1e12ebacd63e6f6fd858b6903944f06ad0807e95da4c4,spk_0231,United States English,male_masculine,thirties,9,3.67,7
common_voice_en_17730004.mp3,us,Have you ever been to Singapore?,87cabae0f39470a2b5663d598e8b703f5872bbd9aad247f5658259d27a4a3c16,spk_0239,United States English,male_masculine,teens,6,1.92,7
common_voice_en_207742.mp3,us,"Pink foam floated gently through the air, landing on the parked vehicles.",af5e32315ee7897c4a49b6aa21481289732f65c328a8cf056b19daa9de00696a,spk_0243,United States English,male_masculine,fourties,12,5.18,7
common_voice_en_608125.mp3,us,He just got a new kite for his birthday.,d2c63fe1aa0eb86b68ac4f03353ce223d0edba17a525b68bb1b97d7dfd4a92bb,spk_0257,United States English,female_feminine,teens,9,3.46,7
common_voice_en_688381.mp3,us,"It's almost as if he had been here and left his mark, he thought.",6f82413eb70cd542fa5b5f43d0b3da3ad271c26be2e0eed574096c38df5a44bd,spk_0263,United States English,male_masculine,teens,14,4.66,7
common_voice_en_17563892.mp3,us,Is it raining right now?,d13c4bee3e7dfaf9f2e5d8aa4d27f584910a2aa9a3a0622507a23f3908980c7f,spk_0265,United States English,male_masculine,fifties,5,3.17,7
common_voice_en_17573090.mp3,us,"Never advertise razors by shaving a monkey, it's cruel and results in lawsuits.",6f4467c00e9475ae51df2147a6f407a2c78b773d2a4786476de40c5c8d691a8d,spk_0266,United States English,male_masculine,teens,13,4.46,7
common_voice_en_18075394.mp3,us,"She looked skeptical when leaning against the wall, observing the celebrities.",6350f6f304794e711f153ca02688fa9422bdf1fb1fabfab839f61084bc1e9752,spk_0275,United States English,male_masculine,twenties,11,5.95,7
common_voice_en_678724.mp3,us,The turf and gravel around it seemed charred as if by a sudden explosion.,a9b943abe9e0605ab6d8a070a8febd4b3937129b7a373d59b709f73d45687ea4,spk_0287,United States English,male_masculine,fifties,14,6.05,7
common_voice_en_17402226.mp3,us,"It's a long way to Tipperary, it's a long way to go!",8d7f09c46c87df28a8d0fdb56a3bc98b1de9f7cf3935c3d17092365389b5c6c6,spk_0293,United States English,male_masculine,teens,12,4.34,7
common_voice_en_66921.mp3,us,"""I'm leaving today,"" said the boy.",576af28baeb1c0dd58ca3a908dcff078b500d4188b891c35498fdc325b986539,spk_0296,United States English,,,6,2.78,7
common_voice_en_638908.mp3,us,Absolutely despicable that gingerbread men are forced to live in houses made of their own flesh.,b47a7ed9ae7d6389db2e471ff466ca22b4fd3d135bfad0097176f520f0f6047b,spk_0299,United States English,male_masculine,teens,16,7.46,7
common_voice_en_365400.mp3,us,The brass lamp had been disturbed.,7bfb6869890b11401dacc4bc28cc351ec7e710d5d5f0ab61c14da3ac8f8780da,spk_0304,United States English,female_feminine,teens,6,3.14,7
common_voice_en_17569753.mp3,us,"Read some books, won't you?",71731b66a89325c53fe594ad3ca9d03bd7ef37d8918226f87db29cd203de0873,spk_0316,United States English,male_masculine,fourties,5,1.7,7
common_voice_en_17919882.mp3,us,"Good-day to you, sir.",9db3859f65bec9c117e422398b9c0764bad21978c543e7a6ad5ce0e8fc37b4be,spk_0324,United States English,female_feminine,teens,4,2.28,7
common_voice_en_660137.mp3,us,"Among these people were a couple of cyclists, a gardener I employed sometimes, and a girl carrying a baby.",efc5c6e0868be6056a7b5cf5bc139fc7a40552928746ae2efb9b7cbec2bb8c16,spk_0327,United States English,female_feminine,twenties,19,9.55,7
common_voice_en_17269906.mp3,us,"Speedbird niner, turn left heading two seven zero, climb and maintain flight level three five.",04c4f546e9345eb8adc1624a0ff4ba15,spk_0358,United States English,female_feminine,twenties,15,7.3,7
common_voice_en_17400036.mp3,us,"This pepperoni tastes off, she said.",33819cd8aca89eaae42608285299b08cc573faba0893ffe1ace59a2db159cc2c,spk_0377,United States English,male_masculine,twenties,6,3.14,7
common_voice_en_18234255.mp3,us,"Without haste, yet without rest unhasting, yet unresting.",7c15085c69648d88883495fd709671a332258e5f3551fe19b53eda876be3bcd1,spk_0387,United States English,male_masculine,thirties,8,5.35,8
common_voice_en_623712.mp3,us,"On the first day he returned with a rabbit, and on the second with two birds.",34c53567fea56ba5e040cd80c04a4538bcade37dbf5d96474127e21203d14f5a,spk_0392,United States English,male_masculine,twenties,16,5.3,7
common_voice_en_18361219.mp3,us,"However I am dressed, I shall still be Sancho Panza.",3c686e0c2e7e72c5df171e430fece3e241957a39ff06f3990ed9a3b96acfc5fd,spk_0398,United States English,male_masculine,twenties,10,4.32,7
common_voice_en_69214.mp3,us,An huge hole had been made by the impact of the projectile.,df8a77dd6f414b3f114992652c255ba37430301240f99d0c492bc3aee51283c9,spk_0401,United States English,male_masculine,twenties,12,5.14,7
common_voice_en_18162723.mp3,us,Do you still remember your old account's password?,03a2163edbc8f65ed3efd58364352df4e2fd8d993697ff744d751c76d92cbea6,spk_0404,United States English,male_masculine,twenties,8,4.94,8
common_voice_en_17562104.mp3,us,"Sorry, I'll explain more when I actually understand what's going on.",522f7b7b88cf0e7e6de2a2b8ba3dd6e0dd88fc32d2c65475c463afa510ef76ef,spk_0410,United States English,male_masculine,thirties,11,3.7,7
common_voice_en_694388.mp3,us,It's called the principle of favorability.,9c02188486a44d9b1406f5f04ac4fd45f49533c3f62e9ffd3df30fe1294d0483,spk_0413,United States English,male_masculine,twenties,6,2.86,7
common_voice_en_17459058.mp3,us,This was your plan?,6f7aaf9f4873cf776029944e6858a3a73e444717f5b8672f3ce7c8bb89b22c14,spk_0421,United States English,female_feminine,twenties,4,2.21,7
common_voice_en_17363891.mp3,us,But what could he do?,305a232b0c5c85a1a915b4549262416d9eedc575b63d7d6d11cd44bc57697a3c,spk_0429,United States English,male_masculine,thirties,5,2.3,7
common_voice_en_18237089.mp3,us,"The irrational number Pi, which represents the ratio between a circle's circumference and its diameter, approximately equals three point one four one five.",a98586b7af7424922ebde92060bedda53ff1d85ce677e30d32e67c5f849faa2b,spk_0440,United States English,female_feminine,fourties,23,10.06,7
common_voice_en_155318.mp3,us,"It was as if it quivered, but really this was the telescope vibrating.",f90145debfa3e9be60935070897641f058b7a0c22375292388c2285a685b2425,spk_0441,United States English,male_masculine,teens,13,5.35,7
common_voice_en_193939.mp3,us,But the crystal merchant had no choice.,d24ea002f6f97e2839c61028ad7a473348f38de4b5869ceb16d02984d8b0caf1,spk_0459,United States English,male_masculine,sixties,7,3.82,7
common_voice_en_17301418.mp3,us,Will you go with me?,286144a75d7256bfaab9c50d5e865664653692d83b65e421e6cae12decded4e5,spk_0469,United States English,female_feminine,sixties,5,8.33,7
common_voice_en_17808693.mp3,us,The police arrived at the scene thirty minutes later.,a46208ee1ebea00b5acd33e39ad04db1f6c2c54f6a9a0d9cf7ebed243784d12f,spk_0480,United States English,male_masculine,twenties,9,3.46,7
common_voice_en_15904657.mp3,us,What can I do?,7b71ac6887edcb9d412afac4c6740901b0f6098a7fc6e5646ace8c58e8b0e76b,spk_0483,United States English,male_masculine,thirties,4,2.76,7
common_voice_en_17920125.mp3,us,"""That homicide case is giving me headaches"", the police officer said.",56846b48dfb7ad2534aba044b900cba99b07b0e0ec929815571d274fc6481388,spk_0493,United States English,male_masculine,twenties,11,5.66,7
common_voice_en_493106.mp3,us,Because you will never again be able to keep it quiet.,2acb4feea413e31c750a8ec26c6cbbe28b37c698fa80ea827cba8ed6c81925b9,spk_0502,United States English,male_masculine,thirties,11,4.18,7
common_voice_en_220386.mp3,us,That's what alchemists do.,d1e09c45d92602c74a000355b71d6bef8782294dd77dabe0573600d9d30f9754,spk_0504,United States English,male_masculine,thirties,4,1.8,7
common_voice_en_17543346.mp3,us,"Glass eel is on the menu today, but it's too expensive.",35e3e598d1b30f62ffa7db535048fd62236f4b5c2666af049bbb471eb1eb931d,spk_0516,United States English,female_feminine,teens,11,4.22,7
common_voice_en_94750.mp3,us,"When I have read a million of these sentences, I am going to apply as a professional narrator.",df79f4690ed1ed0c74378db82e8fde8bf79c4155d19c66a4f83815aa518aebf6,spk_0525,United States English,male_masculine,thirties,18,5.14,7
common_voice_en_17295754.mp3,us,"Although searching in binary search trees is efficient, you won't find any fruits in there.",90764efc4186f2e1168e180c60d84ff56fc7c0b0e3ba6e067290af6e13c23374,spk_0526,United States English,male_masculine,fourties,15,6.5,7
common_voice_en_18138895.mp3,us,"As you sow, so shall you reap.",56b51ba1296818af6c98227332e42e70215122118253f06ff781a0dde3000f4e,spk_0536,United States English,male_masculine,twenties,7,5.14,7
common_voice_en_678659.mp3,us,"But before I go, I want to tell you a little story.",f911c54ac46d866b98aae227369ec89b0194f051a6cc1c8a203d85eea6fe404f,spk_0547,United States English,female_feminine,fifties,12,3.46,7
common_voice_en_604333.mp3,us,The end of the cylinder was still as Ogilvy and Henderson had left it.,2b8be411397e45b623e13d97cd5fefd70250e95c471a3091934ef2f6f49c0e43,spk_0553,United States English,female_feminine,twenties,14,5.83,7
common_voice_en_18385787.mp3,us,Do you know what kind of package it was?,9431c036e9a494ac17a63b78adac001c8a6d93767475444ba8c6cfb8ed1e4248,spk_0554,United States English,male_masculine,thirties,9,4.46,7
common_voice_en_18255751.mp3,us,Overhead projectors were popular in the twentieth century.,78aefd12d2b45ca85234ed2bb04f8442bfea949a3e4d35043bd810e85583bf59,spk_0567,United States English,male_masculine,twenties,8,4.13,7
common_voice_en_18069409.mp3,us,Do you understand that?,1138f030349920eda8eba067dec6708878f19a7019c3a601788e2b9a275c54e6,spk_0570,United States English,male_masculine,fifties,4,2.78,7
common_voice_en_202766.mp3,us,You can't believe it's not butter?,67bd7f45eabb951c741d6c9abcf2d24dc79249d05c9dce0dd8654623a3b4a7e5,spk_0577,United States English,female_feminine,twenties,6,3.43,7
common_voice_en_17255141.mp3,us,"I heard the land where the hobbits live, the Shire, has actually been filmed in New Zealand.",8bae1a65d6f2f8a53bc390228f7cf72e7e0ccb6265f687602f943f977cc1e319,spk_0578,United States English,male_masculine,thirties,17,5.88,7
common_voice_en_17731316.mp3,us,Council of the empire.,9ecfd1d87f4faea052371b481e8bae0509e726923f44ed836265897f817e92d0,spk_0584,United States English,male_masculine,twenties,4,1.68,7
common_voice_en_17452507.mp3,us,"Curses, like chickens come home to roost.",75e3d129803f34ed9c778ea99bb7d14829841ba5e96450c80558b68aa58e22c6,spk_0591,United States English,male_masculine,twenties,7,5.02,7
common_voice_en_209630.mp3,us,"People talk a lot about omens, thought the shepherd.",889592acaab840ca49e995d88ef2531d6db4975e7d053512ec1cf66f380e9f1c,spk_0592,United States English,female_feminine,fourties,9,6.02,7
common_voice_en_17488618.mp3,us,"If you release the clutch too quickly, the engine will stall.",4e3d6f8c849a4e64092d2f51c6910fd7031a8657e640882b99a12c7c1bb68744,spk_0598,United States English,female_feminine,fifties,11,3.7,7
common_voice_en_494105.mp3,us,The newspaper articles had prepared everyone for the reception of the idea.,31d4125b8febdaf8f29569d7d3cf3aca5c12b55fdc3c0814b644eca728a8cb86,spk_0609,United States English,male_masculine,fourties,12,4.9,7
common_voice_en_607151.mp3,us,The top of the cylinder was rotating on its body.,d7ccd1b522cdf177a2a09876335d3c8bcefad2c8e86e169d552dd55d7de49e4a,spk_0616,United States English,female_feminine,sixties,10,4.58,7
common_voice_en_17422776.mp3,us,"Kenneth reacted badly to the steroids, he's under observation for the next hour.",c294676d99a22914f6265632ebad2fe6386fec85ff3d626bae38c89f4fa50a33,spk_0622,United States English,male_masculine,twenties,13,5.74,8
common_voice_en_13340.mp3,us,My mind ran on the possibilities of its content.,73ceb143cef75191967021e960a1e98327e62ced458bfa850d31a41d944ff2a9,spk_0626,United States English,male_masculine,twenties,9,4.34,7
common_voice_en_24287.mp3,us,They never found the secret.,574b323c39c4a9d9336b2148884afda6b337d3e975325e2e4dd3d5602e9c9557,spk_0634,United States English,male_masculine,,5,2.42,7
common_voice_en_18041.mp3,us,"Then he dropped his spade, picked up his jacket, and came out into the road.",2b2d5f09de608c6f90d1986563f836e819575367b26ecf46f7aacddc4ee5d1cc,spk_0635,United States English,male_masculine,twenties,15,5.57,7
common_voice_en_17381137.mp3,us,Do you like contemporary paintings?,bd6085e36f2daa7429d15bf930ff10de2194b2f9a9d9b63d4462fb864408b019,spk_0647,United States English,male_masculine,twenties,5,2.3,8
common_voice_en_17786558.mp3,us,What was she to do?,573e850d9a61fe7b17ef362d680f7f0d3097c50c8b0b4bc6fbc5561cbe0ad345,spk_0650,United States English,male_masculine,teens,5,2.28,7
common_voice_en_18201666.mp3,us,Before you meet the handsome prince you have to kiss a lot of toads.,cc48a811f85a95a36bdfb472b4cd1d7b07f2a6cd8af1b54483098df08289355b,spk_0657,United States English,female_feminine,thirties,14,4.66,7
common_voice_en_126081.mp3,us,This is for you.,8ae344c5f2ca5adfbdc1345025af9743af9286f8d34dc4cea24dc27c9bd0773a,spk_0671,United States English,female_feminine,fourties,4,2.54,7
common_voice_en_631803.mp3,us,"You'll watch them as they grow, demonstrating how the world is always changing.",d8658d6ddffd735ab39e2e4ebc2c7560ac4d90efd03c79f50f247bb9d79dcecf,spk_0695,United States English,female_feminine,twenties,13,5.28,7
common_voice_en_17771680.mp3,us,There's no accounting for tastes.,ccbbb0c3a6bbb2ce8cb69245d1308aaa858c5c7ce608f80c55e5090cadd772ae,spk_0700,United States English,male_masculine,sixties,5,2.35,8
common_voice_en_694859.mp3,us,"""Be careful with your prognostications,"" said the stranger.",606d9e19ea467a869ff629f928092c0150222673887810c561ebc74ad5e24d42,spk_0715,United States English,male_masculine,thirties,8,3.5,7
common_voice_en_17558573.mp3,us,And who hired you for this?,7e8bb310e7a8ad3901a33c535e0d43680fe3b88c2235439991ff97ec2241c25b,spk_0719,United States English,male_masculine,twenties,6,2.98,7
common_voice_en_17700452.mp3,us,It is so very good that it's good for nothing.,7c383256c406ea1115d4cc62eddf9a89454e4552db6e59ed853260435da999d4,spk_0725,United States English,,teens,10,4.1,7
common_voice_en_69485.mp3,us,"As he did so, he talked with the monk about the tribal wars.",e79303fa6b7aa107c57699c194fe4226ce738a414d0c5f0c05d7b6cf34ff2446,spk_0753,United States English,male_masculine,fourties,13,4.94,7
common_voice_en_18188987.mp3,us,Can I pay in cash?,bf4dd4a18d937351e936b3f8ec2f812542fef7710ed46dac6672864343a786e2,spk_0764,United States English,male_masculine,twenties,5,2.64,7
common_voice_en_17869782.mp3,us,Listen and silent are anagrams.,6690fa1f6edbda7e945d143484311a9f2cefaca94156b701a0cc1b729b1171f7,spk_0766,United States English,male_masculine,twenties,5,2.66,7
common_voice_en_104075.mp3,us,The camel driver understood what the boy was saying.,e27f6edb7785b658e0097681a9b9d5d27868c0dc8ff31852d5affc513f3f6971,spk_0775,United States English,male_masculine,twenties,9,4.22,7
common_voice_en_530488.mp3,us,The first rule of don't fight club is let's talk about it.,6546d90a97c6a46a1d2c7013f0e8497132c5389ce3c5f8835b21e948f6d229c6,spk_0779,United States English,male_masculine,thirties,12,4.22,7
common_voice_en_18057002.mp3,us,"She's gonna like it, isn't she.",d798f528b8a57ec02575e6d6121af07340f64fd6b264adfe3eb53290de75fad0,spk_0783,United States English,male_masculine,thirties,6,2.66,7
common_voice_en_576037.mp3,us,"I need you to be spontaneous. He asked me out to ""din din.""",f453893670e82454b66652af19dda95fcae97e1f30206a7a21afcf5aa79499d0,spk_0800,United States English,male_masculine,twenties,13,6.24,7
common_voice_en_428308.mp3,us,Try to have the court decide the case.,eb2fab9b4c8ddababab41cb12a1e9a97be426c3c87abe1472db31d877a5aeb54,spk_0803,United States English,female_feminine,sixties,8,3.96,7
common_voice_en_70902.mp3,us,"At most, they thought that another meteorite had descended.",11a9c98bcd11be1a989817dfda7ad8d69aad98f4d91f7a134c2f5e8be85ac590,spk_0809,United States English,female_feminine,fourties,9,6.77,7
common_voice_en_86897.mp3,us,He paused for a moment to see if the woman knew what the Egyptian pyramids were.,b78ea47db00ee54d98b55cf9c55dc3f3c66fb10668c7ab14841e6d802f5e48ea,spk_0810,United States English,male_masculine,fourties,16,6.98,7
common_voice_en_17334536.mp3,us,"Ladies and gentlemen, this is your captain speaking.",bf0d475b89df9ec633b3eb1368f63ea418eea4c06190e8c27711f395a9015297,spk_0824,United States English,male_masculine,twenties,8,3.0,7
common_voice_en_41672.mp3,us,"""What's the world's greatest lie?"" the boy asked, completely surprised.",ea2c59f9817d38591c1d8e2bbcbd7638a3872388f1cbf81270704e743a9ab722,spk_0827,United States English,male_masculine,twenties,10,6.12,7
common_voice_en_17400981.mp3,us,"Good wine ruins the purse, and bad wine ruins the stomach.",b221ff0c795fc8cd38cb61623705d9e133a0e69dc47e294d43f13f18c5b42fd4,spk_0831,United States English,male_masculine,twenties,11,5.09,7
common_voice_en_18201067.mp3,us,The Beatles were a famous English rock band.,0f541c52c1975887e7c03b605f8e4416f02774eef76fdb864699565170471acb,spk_0833,United States English,male_masculine,twenties,8,3.58,7
common_voice_en_17344116.mp3,us,"It shouldn't be displayed on any book pages, or should it?",8738ccd186f1a9c20aee9dfc7a9959adad01ef643922bf8355f9d197e82ba5c6,spk_0848,United States English,female_feminine,thirties,11,5.45,8
common_voice_en_17445113.mp3,us,"At first, studying correlation in graphs is tough for me.",426b1baca2b9191317128a083be930357f226debf8b75c3cc5b7a684a555a571,spk_0851,United States English,female_feminine,fifties,10,5.98,7
common_voice_en_17585534.mp3,us,"The hare springs out, when one thinks not of it.",ff2eb5a12d06afc990fedd4a4b2293501d57ba18d08c692424fa6dc7e98e9023,spk_0873,United States English,male_masculine,teens,10,3.77,8
common_voice_en_557416.mp3,us,Everyone seemed very excited.,a9c77060e8132fc8060f6a14b8279f3908cdd94875458163ec245748c814804f,spk_0878,United States English,female_feminine,fifties,4,3.6,7
common_voice_en_18310167.mp3,us,Why are you doing this?,c15df2f330a438e2bcedf10794856e2808ffc41e00deaf7635a2823aa19288e7,spk_0880,United States English,,teens,5,3.38,7
common_voice_en_627721.mp3,us,It had told him to dig where his tears fell.,c185ca8aada21dd24b640493ca6f8863778e3c75362e05fad6cd45f46884ed19,spk_0885,United States English,female_feminine,twenties,10,3.77,7
common_voice_en_612678.mp3,us,You can create bookmarks in you web browser to make browsing more convenient.,15d98fdf31777fb04591285b7553a737936399c5d8e5fac3f21331f4ce3e72ad,spk_0889,United States English,male_masculine,twenties,13,3.5,7
common_voice_en_17679172.mp3,us,What could he do?,2397ee13e0e30d5172bbb2f693d12da02bfe721603cad64b826ea28c70342ac4,spk_0896,United States English,male_masculine,thirties,4,2.23,7
common_voice_en_17541596.mp3,us,"A musical note sustained to its full length, with no break between it and the next note.",763223cc84a8702032ba0f3da5050b9291f7acc0bde19775f00c3b5f0eafb031,spk_0899,United States English,male_masculine,twenties,17,6.26,7
common_voice_en_155436.mp3,us,The boy observed in silence the progress of the animals and people across the desert.,3a56b6227977b0d50d35ec11c098e3a5c3f201249816543b63885bce0fa695cd,spk_0906,United States English,female_feminine,fourties,15,6.53,7
common_voice_en_1063722.mp3,us,The petals fall with the next puff of wind.,3a24a9d24874d59c3b22546de736f77d171c6d0aa62701af798b4ef085b2de83,spk_0923,United States English,male_masculine,seventies,9,5.06,7
common_voice_en_696201.mp3,us,Never let the sun set on angry heart.,1a31d708898a02059a1cab29d80d8c0add0761e2c4aafa6eb74d90923b44af14,spk_0924,United States English,male_masculine,twenties,8,4.82,7
common_voice_en_17384944.mp3,us,"Work as if everything depends on me, but pray as if everything depends on God.",c269ed4d1e8783799c44b582a830237ec6dd4f2a0b161633bbd30602eb05dcf8,spk_0935,United States English,female_feminine,thirties,15,5.42,7
common_voice_en_18277441.mp3,us,Do you know how long I have been waiting for?,219e493cffaceac0c004217484e1d6cde13b93051142130e3d2edfe4b40503ee,spk_0938,United States English,male_masculine,thirties,10,3.34,7
common_voice_en_18337388.mp3,us,How do you know that?,0734abba236e36359ae2306c4165a70f85836f50305c980fab4f9e275f58074b,spk_0953,United States English,male_masculine,twenties,5,2.5,7
common_voice_en_17251650.mp3,us,"I didn't find the blow-dryer, so I just used the vacuum-cleaner.",d5f867d87a06db9e8c35f7a37690d9739982ad6d91bf39598bea70f08960d492,spk_0955,United States English,male_masculine,,11,5.09,7
common_voice_en_17459303.mp3,us,"Alice, who the fuck is Bob?",ba0e123aaf74cee7d23a9179f1f9653b49f9985fba2ec30135e43d3446c777e7,spk_0986,United States English,male_masculine,thirties,6,3.14,7
common_voice_en_24008.mp3,us,Please don't be lazy.,cf8f8471b06450d7f55f817565e81b87247ada2a9fa61751689687d7279a217b,spk_1018,United States English,male_masculine,twenties,4,1.9,7
common_voice_en_613912.mp3,us,"Why the shots stopped after the tenth, no one on earth has tried to explain.",481e098b19bdd2e8e449d1fc9a9b2badfe636eadaaf27f1b04f42f4352f59660,spk_1023,United States English,male_masculine,thirties,15,6.46,7
common_voice_en_17298904.mp3,us,Where did they come from?,287a2c05bd57146ad187d267e8e20ae1e47f4de2d744adcd3e52b7137bee34bf,spk_1034,United States English,male_masculine,teens,5,2.26,7
common_voice_en_17503433.mp3,us,"After playing tennis in virtual reality, he felt dizzy.",7bfe0040472ced9dec22efdd139b9d224e9f3ca15884278cbb47b038b1e6a8eb,spk_1043,United States English,male_masculine,twenties,9,4.97,7
common_voice_en_17352205.mp3,us,How did you know that?,09aa8cc0126cda88b37aabb838a199c0d513721537d3ba021d9d71882971df9c,spk_1047,United States English,female_feminine,twenties,5,3.58,7
common_voice_en_17401213.mp3,us,Do you understand me?,386d2492c85df5b327556db78e16c2a7b25e2f27425ac606998730625d2effaa,spk_1049,United States English,male_masculine,teens,4,3.7,7
common_voice_en_682819.mp3,us,"The boy was shaking with fear, but the alchemist helped him out of the tent.",15cd087d30a9efd135020a6b038fa868cbc6d77735515694827e2550927950c6,spk_1065,United States English,female_feminine,fifties,15,5.26,7
common_voice_en_18398776.mp3,us,Brian is leaving today.,d577af80f18f9e3f295f7772dbcf349cb719413e67b2bde5f44a808c6bd9acbd,spk_1067,United States English,male_masculine,thirties,4,2.93,7
common_voice_en_17274606.mp3,us,"The gallant noble, good man thinks of himself last.",51938c9366b8364794184ce6e6a81cf2,spk_1070,United States English,male_masculine,twenties,9,4.46,7
common_voice_en_17393720.mp3,us,"Perhaps, you should just grow sea monkeys.",2902f7dc68b955aab38d6df9db01340b1460bfa30794557b446560b6a32ecf54,spk_1076,United States English,male_masculine,twenties,7,3.14,7
common_voice_en_587130.mp3,us,Fatima appeared at the entrance to the tent.,2dba5804fab5626d33ce5f1e02e98aadf6c0ce623ce027dd448c8f78ced4c191,spk_1095,United States English,male_masculine,twenties,8,2.59,7
common_voice_en_86327.mp3,us,"Everyone, when they are young, knows what their destiny is.",9d1dd995c3bbd3d6fc813b3c22e726fd1b6f7515579b7b4eecf03bd80154ac6d,spk_1106,United States English,male_masculine,fourties,10,3.94,7
common_voice_en_17390883.mp3,us,What does he look like?,76c7feffd583cf5552d8109377409f3cbbc05cb779b02b9fbcac946f9c76a608,spk_1108,United States English,male_masculine,twenties,5,1.9,8
common_voice_en_17297514.mp3,us,"""I don't know,"" she said.",3c40f3cb8f67afa648449bcdf0df68001d47ca7ba91302bfd24e4ac8c596a687,spk_1133,United States English,male_masculine,twenties,5,2.04,7
common_voice_en_655975.mp3,us,The process of encrypting the hash value of a message is called digital signature.,bce6d7491aabc43b7a5357411b6055f6ffb4fefa69b3c436e8ddf032f63c0991,spk_1134,United States English,female_feminine,thirties,14,4.82,7
common_voice_en_17310425.mp3,us,"She danced like a swan, tall and graceful.",e25f1235d1370b09e43d172e14887787279ddff3ee6e75818577d9d08e5672d8,spk_1145,United States English,male_masculine,teens,8,3.62,7
common_voice_en_17551667.mp3,us,"For example, Colombia, Chile, Argentina and Venezuela.",522cab11b2e2db7bd0ef65499631c77abc0ea9c0eedec50c5662359c7979b2e8,spk_1149,United States English,male_masculine,fourties,7,7.78,7
common_voice_en_9564.mp3,us,"The boy smiled, and continued digging.",639932d7911970d4d867fa53804892acd9a43e3c94a9dbc1074e15286723489d,spk_1175,United States English,male_masculine,teens,6,3.43,7
common_voice_en_17877884.mp3,us,"Let what must be, happen.",d6001c25fd97f107622d3c11b209c3cfba2374cf99da1d95926a65977608f3a2,spk_1183,United States English,male_masculine,twenties,5,3.14,7
common_voice_en_81193.mp3,us,"He got up, adjusted his clothing, and picked up his pouch.",7a6238be88d1a6ffc5cd6fe3b2e8215363aaa10f071ca377696c509b449f2a6c,spk_1184,United States English,male_masculine,thirties,11,4.78,7
common_voice_en_17932477.mp3,us,"Don't believe the lies they are telling you, invent your own instead.",b672f8ddba3c8a697a683642b515c7ff9f1b66e4c8816eb36a6f58ccb81c63ef,spk_1186,United States English,male_masculine,fifties,12,3.7,7
common_voice_en_70866.mp3,us,The burning fire had been extinguished.,d02aebf2953e417f7d6870a5f6f9ae58cafa4c712fda887e6a90388d57a3df42,spk_1192,United States English,female_feminine,teens,6,3.05,7
common_voice_en_17338072.mp3,us,"In other words, it's not an open platform.",241854ad104482594533212187290a2328faa2400dedff423bdaeb23135c216f,spk_1201,United States English,male_masculine,teens,8,4.63,7
common_voice_en_157652.mp3,us,"On the third day, the chief met with his officers.",18c9512484029f01f1efbd80d856381de4c6f028167d34db66a06d67b91bd4f0,spk_1209,United States English,male_masculine,twenties,10,3.24,7
common_voice_en_86119.mp3,us,"""Exactly,"" answered the alchemist.",4c18e7e0fa6e7a0fc155f0f2c846b3583936e296af025aa1e0dbd0658d9e5869,spk_1210,United States English,female_feminine,twenties,4,2.9,7
common_voice_en_553426.mp3,us,"In those days, very few of the people had any idea about astronomy.",6893a75dcf5a21b6369413469a037d9e1dfe05e161d14eb0e181ef8557a6620e,spk_1214,United States English,male_masculine,twenties,13,4.58,7
common_voice_en_213042.mp3,us,Everything has been written by the same hand.,40b427ca729e2f69930dbb32fadc3168212510e585bba0ccb7eeb139e5049ab8,spk_1215,United States English,male_masculine,twenties,8,5.04,7
common_voice_en_17797273.mp3,us,"No, but it is nice to meet you.",34a9f7f9a69b3d25e52f937a9ba47d24ecc68e179b9555473dc58516169eebbb,spk_1229,United States English,male_masculine,twenties,8,2.98,7
common_voice_en_17435962.mp3,us,Where is my wife?,cb1309190bab66e2ec950aa5f8ad1ba8504039de833c66f5165eb38f21ed3b3b,spk_1244,United States English,male_masculine,twenties,4,1.7,7
common_voice_en_500369.mp3,us,He knew nothing about the customs of the strange land he was in.,6cb0abcceed4b83d6a90866461b83c6255395e7c2b9d7f63d8fbf989b1286acb,spk_1252,United States English,male_masculine,twenties,13,3.77,7
common_voice_en_693886.mp3,us,I SHALL MAKE US SOME ICE CUBES.,0f6dc3736b36defa01fe539f2615f859dd332146153361b1bebc690e5b2499b6,spk_1260,United States English,female_feminine,fourties,7,3.91,7
common_voice_en_17890499.mp3,us,What’s his other name?,002d9ce9b23f703382a0e01b478bf7092b10b5df791688b2150c53d8cf2549b5,spk_1273,United States English,male_masculine,teens,4,1.87,7
common_voice_en_6923158.mp3,us,I had no idea it was so late.,61568336df842e580103cac51f2c0e75437cde758e11dde8d3d560eeb2cf1ad9,spk_1276,United States English,female_feminine,fifties,8,3.5,7
common_voice_en_85709.mp3,us,The houses were squashed together like sardines.,cdcc1fc262caa2aefdb12e92f04b061acfdb3e9826c6b845ba2340ba5132cf01,spk_1281,United States English,male_masculine,fourties,7,5.04,7
common_voice_en_563579.mp3,us,"When I returned to the common, the sun was setting.",e61eb2f8e5d7dbf06767d2ac12b68e07a33119b05f9cabebb5f8a9d73dfbd673,spk_1294,United States English,male_masculine,fifties,10,4.03,7
common_voice_en_18101172.mp3,us,This time we know it is correct.,324941a2367d9b459a068f2beb6dc8b6ba14fb4d562a9bd25a691b06afd675b9,spk_1311,United States English,male_masculine,twenties,7,2.86,7
common_voice_en_17881260.mp3,us,"With her index finger, the little girl pointed to her mum.",b17b5183c2008d026e903d053a49459f0c215492d7db31990c7fe4d34515e9bc,spk_1316,United States English,male_masculine,thirties,11,5.4,7
common_voice_en_17297233.mp3,us,"If you want a discount, you'll have to provide a ID.",a1f6d6b422dc36cbbe3fbaffa6c52179cc1ce0f8b584cd1f12393eb278e7217d,spk_1338,United States English,male_masculine,twenties,11,5.4,7
common_voice_en_18148848.mp3,us,"Even the weak, when united, become powerful.",4c0ba81fc78a6b0cacc2a2d47fc19508136db851f9bbaa7b18f57487d84a9d9d,spk_1346,United States English,female_feminine,sixties,7,4.63,8
common_voice_en_573584.mp3,us,"When there's a loss of cabin pressure, oxygen masks will automatically drop down.",7dfd53f7c8475c56cbdf9a4cbc1ead62e41bdddbb923a28aa41847417d2f62e4,spk_1351,United States English,male_masculine,thirties,13,6.34,7
common_voice_en_639964.mp3,us,"I had the ""everyone has Gary Busey's teeth"" dream again.",951bba749dccaafb9c827290fcd77e733e626bfbac4b382d2983b761e768d8ba,spk_1359,United States English,male_masculine,teens,10,5.66,7
common_voice_en_123145.mp3,us,You have been a real blessing to me.,e1db0444cea9368a231d480668932c65c968309bff5cb12615df0a365fdbaaec,spk_1371,United States English,male_masculine,twenties,8,4.1,7
common_voice_en_17366824.mp3,us,"Great, can you show them to me?",876c288390f11108d78393f852aa0c34a3784156d5ee3cf4e689e7ed933c12fd,spk_1374,United States English,male_masculine,thirties,7,2.74,7
common_voice_en_18910.mp3,us,I found a little crowd of about twenty people surrounding the huge hole.,3bc45fc5762049fc35459b7bf2b70ab36b9622237a88f7b9b105e0a778341446,spk_1387,United States English,male_masculine,fifties,13,5.02,7
common_voice_en_17297909.mp3,us,"Look John, I just cannot support that.",111fabddc94979b5d47cc618386b4032af03b6817a459d2e1a22eaebb62199e7,spk_1396,United States English,male_masculine,fifties,7,4.61,7
common_voice_en_17353891.mp3,us,"The python wasn't a snake, it was a programming language.",c59e0d18a702d659247fee8094d2131af7f5021df4ae8a47532395a344f87977,spk_1403,United States English,male_masculine,thirties,10,4.42,7
common_voice_en_17251078.mp3,us,Why didn't you phone me up?,265850c8925d2639c7fe7947c9aa53a7a40c7c65bbdc131f776d62d81b6cd724,spk_1406,United States English,male_masculine,thirties,6,2.71,7
common_voice_en_594066.mp3,us,"This man looked exactly the same, except that now the roles were reversed.",47dd8255ab5d9de6302c9c04ae785cf0d0df2f5ca5e662a20e829eb9237b097b,spk_1408,United States English,male_masculine,teens,13,5.81,7
common_voice_en_17680121.mp3,us,"Hey, don't go there!",707caf611c1149dd72405138dcfca5e3db09847d210397ae5a1ebfdd9e579ddf,spk_1418,United States English,male_masculine,twenties,4,1.94,7
common_voice_en_171429.mp3,us,It was as if the world had fallen silent because the boy's soul had.,3dd6adea111ccb3a580e200d1051d59127d8420bb4f49936f70d429e0b41ccef,spk_1424,United States English,female_feminine,sixties,14,6.53,7
common_voice_en_699454.mp3,us,"From the railway station in the distance came the sound of trains, ringing and rumbling.",ae40b2d7757abe783d554f4135042c03ab8e74dadea21559706f9dcfc7096f38,spk_1429,United States English,male_masculine,twenties,15,5.16,7
common_voice_en_16665830.mp3,us,The foot of the owner is the best manure for his land.,20ab53083317686e5e7c7627d0c7a48f9b0ccbf343c956d148ac7402171ef881,spk_1436,United States English,male_masculine,thirties,12,4.1,7
common_voice_en_17666454.mp3,us,"After the dictator's rule of forty three years was over, the country was devastated.",3102c759e00e865c3b356de375cc2a08bf95f162a32e03feb5c92635a16f9ece,spk_1458,United States English,male_masculine,twenties,14,5.3,7
common_voice_en_17808417.mp3,us,"Before we begin with the actual baptism, let's renew our creed.",3c4c96ebd70245d29953f863baca5712079b97e0d260a39716bc9325bfe1e54c,spk_1459,United States English,male_masculine,twenties,11,5.35,7
common_voice_en_17432762.mp3,us,"Considering the growth of human population, insects might be the food of the future.",4c60d074c5a83bb8f5f0183d341cdc7397e61fc2cf0f856ee0b841516cc0f579,spk_1464,United States English,female_feminine,sixties,14,6.5,8
common_voice_en_678944.mp3,us,But can we trust him?,3d415c7f84e2386c49123ee8f20759ac631d9a9f6d295640310672630a5e43c9,spk_1469,United States English,male_masculine,twenties,5,3.34,7
common_voice_en_169602.mp3,us,He needed someone to talk to so as to avoid thinking about the possibility of war.,594946716cd4b5e79c057917bd4542a19b576f7973dfd0ffe4dae7f23f05a497,spk_1478,United States English,male_masculine,teens,16,5.28,7
common_voice_en_17519816.mp3,us,What is the matter with you?,ea6b12bc04be73a02461624ec460430f53849b0b31e126b4fa8a7ee5e3bb0afe,spk_1496,United States English,male_masculine,twenties,6,2.38,7
common_voice_en_601643.mp3,us,They shouted consolation and promises and went off back to the town again to get help.,435f83b0d17a87376da6d2b1439da69d3bede9c611a61e15718d55eadf149e1a,spk_1498,United States English,male_masculine,thirties,16,5.28,7
common_voice_en_210525.mp3,us,or a man into the wind.,92f7ffd7665e5e85ecb05b967bea17b40f0253f44059224edf65f2de07d291aa,spk_1503,United States English,male_masculine,teens,6,2.9,7
common_voice_en_60600.mp3,us,"His heart was heavy, and he had been melancholy since the previous night.",7f946993a434bc9cbed7f1910dbbb55b88124a115d8f67e20dda27b387e4e8eb,spk_1511,United States English,male_masculine,teens,13,3.96,7
common_voice_en_83732.mp3,us,It seemed to him that it fell to earth about one hundred miles east of here.,e6f6cd0374f5236f15d55671f6c9b89485754f5d3323ef1d86f7cfe942c992e6,spk_1512,United States English,female_feminine,teens,16,3.55,7
common_voice_en_17999287.mp3,us,And what did you do then?,0083d29df653c2b7288b6599e952bb87da589fdefd0646a471f6ab44252c3876,spk_1515,United States English,female_feminine,fifties,6,3.86,7
common_voice_en_17388632.mp3,us,"""Jellyfish can cause serious injuries"", the physician explained to the patient.",93ef481c001bca092389425e8f5e042095865344c93877da09207092318629a5,spk_1519,United States English,male_masculine,thirties,11,5.02,7
common_voice_en_17319341.mp3,us,"The news was chilling, to say the least.",af6892a6f5ce2b5430945fb7862a56f263884260c5f00912a41ebf94f2d7c0ab,spk_1522,United States English,female_feminine,thirties,8,3.29,7
common_voice_en_565990.mp3,us,Not even the tribal chieftains are able to see him when they want to.,e2ff2a7cdf7cf2cf9c86b43a7ac434ed6aef83819f69d861f76ae306f39a5606,spk_1529,United States English,female_feminine,fifties,14,6.1,7
common_voice_en_17388266.mp3,us,"No, I have a single mattress and my office floor.",c0994b9d41dbeb20c7c82a9134f2fcbf6a0310a33535593b4a0c97dacc7e30b3,spk_1550,United States English,male_masculine,fourties,10,3.94,7
common_voice_en_156652.mp3,us,"But when the reign of Tiberius ended, his poems were forgotten.",e605a2c7db1289a92dfc3df2941ca90d5c5b5db5ed0852ec357f5b39f0988278,spk_1558,United States English,female_feminine,thirties,11,4.06,7
common_voice_en_17390609.mp3,us,"Bananas contain a lot of sugar, even though they are fruits.",4f9d85329192361d93469621282f67b68e7f450866bd2c73f1fc854b289e1d56,spk_1559,United States English,male_masculine,thirties,11,4.06,7
common_voice_en_515863.mp3,us,Emoticons are familiar to everyone nowadays.,558888a5b9f059272c68da1d9819183deb12b34a52d255013e624be412574898,spk_1565,United States English,male_masculine,thirties,6,6.46,7
common_voice_en_18007832.mp3,us,"She's sitting there on a pillow, wearing only pants and bra.",2551f837caf9c334e5dca6893cd55ee772510019a536ce50d393e2a6abb34311,spk_1572,United States English,male_masculine,thirties,11,4.22,8
common_voice_en_691227.mp3,us,The greatest authority on meteorites stated that the height of its first appearance was about ninety or one hundred miles.,b7b7c6c8cb8fc37a20ed756962026e8b52831725c145a8726a24b4711defed27,spk_1580,United States English,male_masculine,teens,20,7.34,7
common_voice_en_589499.mp3,us,"""All things are one,"" the old man had said.",18b4ebbda89ae04963338f91888665af6be13227acb0ef670b981a7793b96444,spk_1614,United States English,female_feminine,thirties,9,4.13,7
common_voice_en_17698761.mp3,us,"Sooner or later Three brothers, three castles.",a4f981c9751cb49726a1d6f5c062c3afaba8a4d98812e0a8d7d9da25da5be119,spk_1616,United States English,male_masculine,twenties,7,4.58,7
common_voice_en_17697101.mp3,us,"No, nothing at all.",3232fab0eb42ac524a3a4b249eed0ffd6440d1b38ae0b8de4b3a63034610b3f9,spk_1618,United States English,female_feminine,twenties,4,2.38,7
common_voice_en_17831829.mp3,us,No category seems to fit.,05f7d27b41d7236d1fa3c250461d8c59ee4d5cc865a5911b21afc443f604cfd3,spk_1619,United States English,female_feminine,twenties,5,2.81,7
common_voice_en_17370709.mp3,us,"If you still don't know what recursion is, read this sentence again.",b0378b29360fa912d109c3c9489a7a138dfc6cf1d975c7c6268909dba9ed40f5,spk_1621,United States English,male_masculine,thirties,12,5.66,7
common_voice_en_17451150.mp3,us,"The beer was more than just refreshing, it was delicious.",da26033fcc49da44a83f4e607326159163752b382cbd5cef77b98bc44b2b20eb,spk_1627,United States English,male_masculine,twenties,10,5.02,7
common_voice_en_18385577.mp3,us,To be liberal at another's expense.,113eb102b14777d1626eb91f8408d913a4a7ec505830a521a16c22233b48430c,spk_1642,United States English,male_masculine,thirties,6,4.66,7
common_voice_en_17411557.mp3,us,What is the weather in Brazil during the summer?,b3e343e59ca9cddec4bbe221547ba1d8f0bfe2c18a8c487e6736288fdc509c7b,spk_1643,United States English,male_masculine,teens,9,2.9,7
common_voice_en_17406735.mp3,us,"When you're at a party and somebody says ""banana bread"", a sniper might be near you.",35267fe53f44b3dc606c91d09de75d8ee0661f5a83ddfa1e38c3153849fe671b,spk_1644,United States English,female_feminine,twenties,16,7.94,7
common_voice_en_17558203.mp3,us,What does she look like?,1235d3b29a1233a4b8b21c18341ab9428b5633cb0aae69798d8e61d83112fe75,spk_1648,United States English,male_masculine,twenties,5,1.99,8
common_voice_en_17391744.mp3,us,"It was sprayed in red, with yellow edges.",b338e4a5fbd9f15dd5c10e38ea2e331bbdf64a333a7e2a76731ac3884cd87e80,spk_1653,United States English,,twenties,8,2.5,7
common_voice_en_17589093.mp3,us,"At the same time, they cannot find an exact definition of what a feeling is.",66697d05b4fe5dfb124010517b32ab1e8d114a5e030f539caf8a8b8a050bde44,spk_1657,United States English,male_masculine,thirties,15,6.6,7
common_voice_en_207994.mp3,us,"If you start your emails with ""Greetings"" let me be the first to welcome you to Earth.",1c15a091c1bd41f279cadffd0e9a96d88664321f9b51425e620c5206d54827c5,spk_1665,United States English,male_masculine,twenties,17,6.46,7
common_voice_en_17882346.mp3,us,"Many teens make videos these days, inspired by their role models.",0cae62816a9574eeff4315e0018692f6f22e4fb657129f34bd01ce179d7e88e3,spk_1668,United States English,female_feminine,teens,11,6.5,7
common_voice_en_17951536.mp3,us,"As a workaround, we could use application specific profiles.",5c3925317cf6c91ba7d2e80224aeffaae59969bae294dfd7463c9de4cc780a5a,spk_1726,United States English,female_feminine,fourties,9,4.94,8
common_voice_en_18057101.mp3,us,Writing makes the exact man.,94fe3e9560ea28ffe67cf395db02f1a1a98275df72580104cb33af4f789ee3db,spk_1733,United States English,male_masculine,thirties,5,4.01,7
common_voice_en_17318999.mp3,us,"Well, what of it?",9969cf1930c25d761e210b6611cd657f1e3444c9682317f1d55bdd55abb152a4,spk_1734,United States English,male_masculine,twenties,4,2.66,7
common_voice_en_17445629.mp3,us,What do you want me to say?,a7f3afa10ae6d5322e53245596b26991d6a250af9dc14e95413f0b2a5efb4c88,spk_1742,United States English,male_masculine,fourties,7,3.24,7
common_voice_en_603196.mp3,us,But I found it difficult to get to work because of the investigations.,60ab06b88dfbc17eb2d0011abb70c0efaf7a207204771edb3e44c1932af26020,spk_1758,United States English,male_masculine,twenties,13,4.34,7
common_voice_en_18379422.mp3,us,"If you do not have your ticket, I cannot let you in.",eebcb6c31ebcef5548aa87f9be4636b8bcf1ea5ff449ba1d1993cb955803e9e5,spk_1771,United States English,male_masculine,thirties,12,4.08,7
common_voice_en_17881847.mp3,us,Have you seen it?,49ae01bfdefb5b9a779ac43ed5d85ca2857aab5d1ae6d1cbec1e2048e101c4ef,spk_1776,United States English,female_feminine,thirties,4,2.57,7
common_voice_en_17330706.mp3,us,Experts of geology agree: Yesterday's tsunami was just a herald of the imminent apocalypse.,ef0ccf1769c124c1b1a36826cae03cf93825b5e2233ddb2ee972f81c5320240a,spk_1777,United States English,female_feminine,twenties,14,6.65,7
common_voice_en_494562.mp3,us,"I pointed out Mars, a bright dot of light.",440213073d379c888c504faa4f3e1348365c7b4be74923763cdeac9d2a201757,spk_1784,United States English,male_masculine,fourties,9,2.86,7
common_voice_en_54972.mp3,us,"It was sprayed in red, with yellow edges.",43cad5d01e9b2a06e24ff8ce8a2f30a8dc239514030956cd0e09f90444198c5b,spk_1787,United States English,female_feminine,twenties,8,4.03,7
common_voice_en_17931181.mp3,us,"Grime, rust and residual particles polluted the air.",63d38a38725d8a27ecb68bbbdaafbc8a97168fcc7d5af4d4da0c1949280707d0,spk_1791,United States English,male_masculine,fourties,8,4.46,7
common_voice_en_17331629.mp3,us,Did you check your laser?,dd62bd1ddc7c0762d5811992b680aebd8e664761a923906855e5c548231f98bd,spk_1801,United States English,male_masculine,thirties,5,2.26,8
common_voice_en_17861729.mp3,us,"Moreover, I won't be needed for the next two days.",d9d112372b1509a14ca126a2b8a8edc9ce8657362e7252aeb99d988b10b85630,spk_1807,United States English,female_feminine,twenties,10,4.13,7
common_voice_en_630449.mp3,us,My tax dollars pay for those public school proms.,6209ba3b08410a2d52f0063ff6ab4a49326e17115d2e95d4ba6bc1ee6bbadb7e,spk_1825,United States English,female_feminine,twenties,9,3.77,7
common_voice_en_115660.mp3,us,But that was simply because my eye was tired.,dd26f93c2701750c6d3fd3f49bf7276781f7d663e8c0bc0a4fdf315a99a07874,spk_1833,United States English,male_masculine,twenties,9,3.12,7
common_voice_en_17354084.mp3,us,Have you seen Hollie?,81d48a4077dd0d7aaf784656d05aafe71e802fbd978dbc683ca137e929165693,spk_1838,United States English,male_masculine,teens,4,2.59,8
common_voice_en_659728.mp3,us,"It was seen early in the morning, rushing over eastward.",c5f6f0b34bb640717b5580f654b6e6e2573820df7fe41a9d4826dee25fbafa25,spk_1841,United States English,male_masculine,sixties,10,5.38,7
common_voice_en_17479112.mp3,us,"He could have sworn the shadow moved but he kept his eyes fixed on the table, his grip tightening on his cutlery.",14362d8a9da0bc60c0d5f37f7db30f26d6bd2374ae4ff68efb44d8155bd82b78,spk_1857,United States English,male_masculine,thirties,22,8.5,7
common_voice_en_559209.mp3,us,Be sure to set that lamp firmly in the hole.,5b9a968daf2861f68c4a57101520e0e43c77f8a37a53b38c0c364876d0192cbc,spk_1869,United States English,male_masculine,fourties,10,3.22,7
common_voice_en_17461372.mp3,us,Please send log information using the standard system module.,a6d3bc2aae50820290b28cbd6b2e181975e3ebd6b19d9b229e7194bb0c21d35e,spk_1878,United States English,,,9,4.92,7
common_voice_en_598520.mp3,us,All who went there were happy at having done so.,35f3bef7075d777608380d8022dd2d67706c06c1236465d5b9a5c8f2da7a2605,spk_1880,United States English,female_feminine,thirties,10,5.57,7
common_voice_en_17903915.mp3,us,A lame back kept his score low.,2c145ead2c6fa7469877fa8546b966d36f8f8a6bde17efe4309161660b611b57,spk_1884,United States English,male_masculine,twenties,7,2.78,7
common_voice_en_17295515.mp3,us,"No offense, but your agility leaves a lot to be desired.",a6c61ab116f4dea19f5d32d99b220d4ecce292984841f8e78eb38e2e13ccf344,spk_1890,United States English,male_masculine,twenties,11,4.49,7
common_voice_en_17290875.mp3,us,Who would have thought that?,a9abe43e4108e690d15bdb732173ec8c467b0cd4bf0ba5233da20169e90af1d0,spk_1892,United States English,male_masculine,twenties,5,2.21,7
common_voice_en_616683.mp3,us,"From then on, he would make his own decisions.",9177c0246e525829dd3a4d299dbfeaf5325d2e7129b7a190be314262e7bb6558,spk_1893,United States English,female_feminine,teens,9,3.98,7
common_voice_en_18512374.mp3,us,Not everything that is faced can be changed; but nothing can be changed until it is faced.,924fb047d3eab54bc11352479f38614a428981da71d86d6441e6be3f440ebe30,spk_1894,United States English,male_masculine,thirties,17,7.2,7
common_voice_en_17393960.mp3,us,What do you make of that?,4ee1d83103e8a1a0e91c0070571f593a091278f1b8bd985b52c3dfcde1d1d41b,spk_1896,United States English,male_masculine,fourties,6,2.26,7
common_voice_en_510036.mp3,us,I only interpret dreams.,8b4ad404215f0bb48c266b5685bd78d4ae7e22d8e4a62d953eff3fed647ed484,spk_1900,United States English,male_masculine,fourties,4,3.34,7
common_voice_en_17743165.mp3,us,You need more evidence than that.,21456f5ef4734abc5d0c87ff5ba8ecdbd8f8a0168cc4e241e0b901db5c0cacbd,spk_1902,United States English,male_masculine,teens,6,1.68,7
common_voice_en_18367249.mp3,us,"""Here, let me show you,"" said Ann.",df87f67c534ef15870d155e3faa63e49f1240c9e496fa4dbff12d5e842895341,spk_1932,United States English,male_masculine,thirties,7,4.34,7
common_voice_en_17354845.mp3,us,Are you sure that is exactly what happened?,64e285b839ae3a776916779e999ca0ba464d098f43723071078e49ea368a38aa,spk_1935,United States English,male_masculine,thirties,8,3.38,7
common_voice_en_17387250.mp3,us,"Guys, homophobia isn't tolerated in this office.",527b10447e304d3f160dda66850c1d89be49cd671359ecb199663bda63d17102,spk_1940,United States English,male_masculine,thirties,7,3.34,7
common_voice_en_18315880.mp3,us,"In general, people have difficulties estimating risks correctly.",8bc8aa77bc4f46241a49d7c2f04bfd4bc0f8ae8734e433df4bf7ac61145af776,spk_1942,United States English,male_masculine,twenties,8,5.47,7
common_voice_en_18184595.mp3,us,"Oh my god, they killed Kenny!",e2e03243aada68b757ec6ab6d6e171eb3abb71c0898ce01e857c3616d4aeee6b,spk_1943,United States English,male_masculine,teens,6,3.58,7
common_voice_en_17565322.mp3,us,"He's an idol, but he's not a saint.",76a6a3ce549df99f2a6f6c270da03b6e2b728b3b6acc78e7c7439f16f9c3fb32,spk_1947,United States English,male_masculine,twenties,8,2.66,7
common_voice_en_17445054.mp3,us,"Three weeks later, he was feeling a lot better.",bbe6990f751535197cf6da68ee79e71c77b8c891825b0747f9c02c223de9a846,spk_1951,United States English,female_feminine,fourties,9,3.41,8
common_voice_en_17736143.mp3,us,"Oh okay, I see.",6203cbb40ff49b3b9e6908e181f2a526a68e911ad2cd98b58bc437b9f022c38c,spk_1971,United States English,male_masculine,thirties,4,2.54,7
common_voice_en_18076146.mp3,us,"Out of sight, out of mind.",37d484a913d9e4f82298c238f479ff190dbe029313744caedc5d8d7c187ee783,spk_1975,United States English,male_masculine,twenties,6,3.29,7
common_voice_en_18245505.mp3,us,"""Before you go, I want to hug you"", she said.",6fef8e2052718cbe2aac7fe7f24799a0292a9f099fcc5879016912b3f9efc498,spk_1979,United States English,male_masculine,thirties,10,3.22,7
common_voice_en_17637482.mp3,us,Have I offended you?,8c88ae166d1abd3420da14e9f3df427344444c24edc8f74363fab4f69f13111d,spk_1981,United States English,male_masculine,twenties,4,2.3,7
common_voice_en_64743.mp3,us,It spread through the planet's atmosphere and obscured its more familiar features.,70a5323da9a987e3de81f46d56a9573425d34fdccdb00c54402fdfdce45c87f4,spk_1991,United States English,male_masculine,twenties,12,7.58,7
common_voice_en_520720.mp3,us,"When the sun sets, the men will once again surrender their arms to me.",050d7343fd41df139360eac2ffb2d0d362e36c4f76ef119cbc839ba3aacc18e6,spk_2000,United States English,female_feminine,fourties,14,5.06,7
common_voice_en_16596.mp3,us,Dense clouds of smoke or dust can be seen through a powerful telescope.,17629260fec2835a5361d88596bb88468362fc2d235416b01a59b436cfb7c3c2,spk_2001,United States English,male_masculine,fifties,13,4.85,7
common_voice_en_17582659.mp3,us,Is it not so?,0ee5c0434a3462bcb1eef3883e4342b4820ef90fb25156621db967a38ee6fffa,spk_2005,United States English,male_masculine,teens,4,1.94,7
common_voice_en_17369443.mp3,us,"At the airport, the woman threw herself into revision for college so she could experience university.",72afb9ee43b711d3f403546ec76decf5d166d5de227a9aecdcef047c8d421542,spk_2007,United States English,male_masculine,thirties,16,9.74,7
common_voice_en_18140021.mp3,us,"For better physical understanding, let's first recap where the pivot point is.",077b18bf626da7e2fc7635bb1e7388a4f0f6eeaca4ba204cbb3395c671cd7330,spk_2012,United States English,female_feminine,twenties,12,6.46,8
common_voice_en_17417288.mp3,us,"A true friend is someone who reaches for your hand, but touches your heart.",2333e24eec81b88fa0b1a8acbf6d15410ae03c10292023c5a4385e44486b4d74,spk_2024,United States English,male_masculine,thirties,14,5.88,7
common_voice_en_38634.mp3,us,But bakers are more important people than shepherds.,ae994c8308e38af8c6642c2d2b5e56211107eb027d5a5f138bfa793d85968a42,spk_2029,United States English,female_feminine,teens,8,3.91,7
common_voice_en_486817.mp3,us,I thought you were going to teach me some of the things you know.,2bb4c47532710dc167c1e521530111b8096cb0bb159ed1c66ff79ebfed680cbb,spk_2041,United States English,male_masculine,twenties,14,3.41,7
common_voice_en_18107682.mp3,us,"Hey look, a flying pig!",7e08352873cf61f1b8387baa801a02f02b84c4aee19388fefe383aceb546e962,spk_2043,United States English,male_masculine,fourties,5,4.7,7
common_voice_en_18139215.mp3,us,Do unto others as you would have them do to you.,164d56c318bbae35b7b1589291d1b744298dc480ed075011c7d82317873fc18b,spk_2044,United States English,female_feminine,twenties,11,4.46,7
common_voice_en_74041.mp3,us,It may be the gases of the firing that caused the Martians inconvenience.,c446b5903aa0780f41c2de996916b83805e01ead4c96d099f367ff6d7d21d450,spk_2046,United States English,male_masculine,twenties,13,4.82,7
common_voice_en_536376.mp3,us,"The shop folks were taking down their shutters, and people were opening their bedroom windows.",ade0989a4d24ecbf85172bc9c6c03136398d2c440aec48a0f13be83de9a33bf4,spk_2047,United States English,male_masculine,sixties,15,7.9,7
common_voice_en_487266.mp3,us,"They began to ride out over the sands, with the moon lighting their way.",e6bd88efcc8aca73dd09e182b14ee5fe89e6fd5ac679242a18a1860127325438,spk_2050,United States English,female_feminine,thirties,14,3.82,7
common_voice_en_16150.mp3,us,All that time the Martians must have been getting ready.,41598cb84264d50332763f1f3bb0bfa40e50a18425919586b836d4fe54f2a60a,spk_2058,United States English,male_masculine,twenties,10,4.58,7
common_voice_en_17529872.mp3,us,I assume this was your doing?,e04a151ea51eb36da8fec047695a30b79b11fbbde73e4f5526afef65a65fa34a,spk_2065,United States English,male_masculine,thirties,6,2.21,7
common_voice_en_17389671.mp3,us,What did it matter?,ed8b4ab5f65a90af681857e1e79769696309c6d5fb4db414d81e9d160520085a,spk_2068,United States English,male_masculine,twenties,4,2.62,7
common_voice_en_18229783.mp3,us,But you are joking.,e76cde88378846ae235824f8792c6ed4af784ec2aa8d8f70cb4a3d57f069e7a8,spk_2074,United States English,,twenties,4,2.21,7
common_voice_en_18073182.mp3,us,"I'm not hungry, I'm starving.",e4906012d71efac8ee673349f4b233ae2c684460174b42ad277b1c6cfb3d1b30,spk_2081,United States English,male_masculine,thirties,5,3.12,8
common_voice_en_18245470.mp3,us,Who is responsible for these parrots?,59204ee5b27621e2895e22dc5c5a32951a09646c59313d0068bb3ebe2c0d5665,spk_2089,United States English,,twenties,6,4.54,7
common_voice_en_17433577.mp3,us,What joy there is in living?,c601ef359df60891efcd292c5876e9d224531b80ec32821c8c06dcd738642cdb,spk_2097,United States English,male_masculine,teens,6,2.16,8
common_voice_en_93359.mp3,us,"There were raised voices,and some sort of struggle appeared to be going on. .",65b2e488b007187a974e6f7f36182e76a5c82d1a8c2fade06da66dee5c20e446,spk_2100,United States English,male_masculine,sixties,14,4.66,7
common_voice_en_212671.mp3,us,The boy's name was Santiago.,c6cbe7582afb4785d64053ab44f9eae244c417cb4721f959773320385ad8985c,spk_2104,United States English,male_masculine,twenties,5,2.9,7
common_voice_en_156689.mp3,us,"Hundreds must have seen it, and taken it for a falling star.",56b4b23e494d8df0cb2836cc51a7734c6945cc8c4a39000da4733dae0ee78a2b,spk_2105,United States English,male_masculine,thirties,12,5.64,7
common_voice_en_17969322.mp3,us,"Right, well let's poke around his lab a little.",6bd09d3a777ebe067f11954f89da98c0a17ff59f24660b5db49a49eff0692a7c,spk_2111,United States English,male_masculine,thirties,9,2.66,7
common_voice_en_18366212.mp3,us,Where is my dress?,0ae0ce4e53cc7d9ca150c2dc7d1869058af6b61bc156d61b6d1adabb882a520e,spk_2117,United States English,female_feminine,thirties,4,3.72,7
common_voice_en_17428564.mp3,us,Is there anything I can do for you?,f89fa371401cb36c9a6bbc9d70c813fed7e33c041b553c98ff72d3219fee6c0c,spk_2134,United States English,male_masculine,teens,8,3.31,8
common_voice_en_10586923.mp3,us,What a dreadful rash you have on your legs!,66a3450c06dd1cfc3267429fc6d2e388a8ba64d9ca7310e0564af9d2fba42e24,spk_2139,United States English,male_masculine,thirties,9,4.7,7
common_voice_en_17392225.mp3,us,"Ladies and gentlemen, this wagon is going to be detached.",8adb62562eec1b28ccaee9522e04be4961f47b0d112d4c04eb99840f1394e18b,spk_2145,United States English,male_masculine,thirties,10,3.82,8
common_voice_en_122505.mp3,us,She refilled her vessel and left.,04a7efb93f4b1ae286c87f09b512a851754ac8498c558272174dd18ecf59b3a1,spk_2163,United States English,female_feminine,twenties,6,3.94,7
common_voice_en_17519997.mp3,us,Is that how your niece began?,8ee69c94ac3c9776fdb0259edd028db7e7f93c7a85ddb10e7ec66da0889aac72,spk_2170,United States English,female_feminine,thirties,6,3.34,7
common_voice_en_60034.mp3,us,The boy awoke before dawn.,e8caab5caf32f27c6c892aeb7e0666b1d557faad31a57039f949bb9e7677df4c,spk_2183,United States English,male_masculine,fifties,5,2.5,7
common_voice_en_561569.mp3,us,"He was older, and was carrying a small bucket.",6ec5e8aa195ac8181a5b5c38bcadc01d1c495b1a5818834800ddb944964f59d8,spk_2186,United States English,male_masculine,thirties,9,4.01,7
common_voice_en_520696.mp3,us,He was immensely excited at the news.,46d7285108e85168254c6f5d3c530bda1da3915ad05a4ffa4cfbfe66d72ab1bf,spk_2196,United States English,male_masculine,teens,7,2.98,7
common_voice_en_113861.mp3,us,They tell their incredible stories at the time when you want to hear them.,4584e313ce42fa42a0e3b872ad068efb90c6bebb9525cf527b0bf627a5ded985,spk_2198,United States English,,twenties,14,4.9,7
common_voice_en_17632248.mp3,us,Joy shared is double joy; grief shared is only half grief.,d5381f53d7ce432e8345be0677e1354f0ad8ecf65cad8f74295a8482377a613f,spk_2221,United States English,male_masculine,thirties,11,6.5,7
common_voice_en_17358377.mp3,us,"The director has a crush on the actress, I think.",80b5eda18fa0f4f6018586204958c2f65f7a4a1a7532c5319e7acdce4cf38b02,spk_2223,United States English,male_masculine,twenties,10,3.24,7
common_voice_en_667655.mp3,us,The boy awoke as the sun rose.,e8979934162b0e1e5e1312b1b4b16ddc6ce28187142c156b3480833e537e8fe8,spk_2228,United States English,male_masculine,teens,7,2.88,7
common_voice_en_622160.mp3,us,He heard a muffled grating sound and saw the black mark jerk forward an inch or so.,af1bade7770d20ff14a840631553758ab4282855a1233a66a58f0577b68e5eec,spk_2236,United States English,male_masculine,seventies,17,8.47,7
common_voice_en_173604.mp3,us,But what are we to do?,8021156880005e7946d6c5d3ae95c3dbe191c2356fb6f0720c3133fc80fa8ee9,spk_2241,United States English,male_masculine,fourties,6,1.66,7
common_voice_en_17637418.mp3,us,"A comet came within miles of the Earth, it almost obliterated the moon.",7ce0c77dc57ce7d9474bf84ae52533c64fe16a66b16d91fca2d354f4d20e7b5b,spk_2242,United States English,female_feminine,fourties,13,6.55,7
common_voice_en_536684.mp3,us,It must have fallen while I was sitting over there.,834b8492265abdcf7f0479d7f8813181599edea5b4633f9ecc2ab2834deb0186,spk_2252,United States English,male_masculine,twenties,10,3.67,7
common_voice_en_579688.mp3,us,"Today, I understand something I didn't see before: every blessing ignored becomes a curse.",f98564ec885ed77830dedd6326b8d0aa2f82ac483422e77ac871b25f378973fd,spk_2253,United States English,male_masculine,fourties,14,10.46,7
common_voice_en_17388022.mp3,us,"I'm sorry, I can't help you.",e8177fc65d0bb50bde7abf9149fe8f9a70855df93cc779e689aedabfa6bfe37e,spk_2255,United States English,male_masculine,twenties,6,1.78,7
common_voice_en_17840554.mp3,us,Matthew McConaughey is an American actor.,c27b8133b987efc3644b398eec22ccf13605cd8b4483ede8abcbcfea628031ae,spk_2264,United States English,male_masculine,twenties,6,3.84,7
common_voice_en_18246157.mp3,us,"What is always becoming, never is.",fa586c70ac118d6d80c284d081fe8db65693bc6e65c71cf76475490a627d5852,spk_2270,United States English,male_masculine,fifties,6,4.68,7
common_voice_en_221384.mp3,us,"Revenge is not my style, but obviously accidents will happen.",2e1bdbd9babc1eaf56f7f1c3fa59cba71b92f86299c3b6568559abab303df76a,spk_2302,United States English,male_masculine,thirties,10,4.68,7
common_voice_en_17844244.mp3,us,We need grain to keep our mules healthy.,312e8b8c44bac7d6d9d69b87f8fc1d851db914250edcc0b6e91816bf20b9a7c1,spk_2338,United States English,,thirties,8,2.52,7
common_voice_en_3497.mp3,us,"Half an hour later, his shovel hit something solid.",18802b8221a1c925c099a4073acbefefa1b211c5b0fed2707179f24414a4e923,spk_2341,United States English,male_masculine,sixties,9,4.63,7
common_voice_en_17651597.mp3,us,This plank was made for walking on.,7856c140a2b9e831e46ed8ec2c824027dfb038a592bc696332bd2c8d2bb002da,spk_2345,United States English,male_masculine,fourties,7,3.74,7
common_voice_en_559848.mp3,us,The crowd swayed a little as I elbowed my way through.,cecb266d94f1bef4ac52f130b7383c196b1027f7427fdf9f0a6a328297c68c5b,spk_2359,United States English,female_feminine,twenties,11,3.86,7
common_voice_en_17799768.mp3,us,What are you up to?,cee1b8dfd7ac846fc575925014e62cc8d2d2904d4880bfd46c6c5fc911481655,spk_2361,United States English|western united states,male_masculine,fourties,5,2.28,7
common_voice_en_17390303.mp3,us,"Oxygen is important for us, but some bacteria don't need it at all.",5199c177f8e1a642057fb7a418f8465da9cbbffb0316e888dfc6b01b3311a717,spk_2365,United States English,male_masculine,thirties,13,4.82,7
common_voice_en_546546.mp3,us,"Besides that, there was a heap of bicycles.",efd828b07bc69a5bb6cee62165a648989c9177629cb1058177a66e2de2e4e18a,spk_2376,United States English,male_masculine,twenties,8,2.42,7
common_voice_en_18222389.mp3,us,It weighs five kilograms.,db19859d27833ac88f97917b0a3414348b1ccc802bbe9b5bf2082d8082512a33,spk_2382,United States English,male_masculine,twenties,4,3.0,7
common_voice_en_18366552.mp3,us,"No matter how much he offered, Scott would not accept the deal.",0f275ad700b816ff3e9c1211af4a62e1f9a8a97512ffa174479324fc468b555b,spk_2383,United States English,,,12,6.12,8
common_voice_en_17386807.mp3,us,"Paper is scarce, so write with much care.",30b7ee8993fa05b3113e2450b80b42c529ca5b1f0b7aa9ea46f7427f2e757ce1,spk_2395,United States English,male_masculine,thirties,8,3.86,7
common_voice_en_17415412.mp3,us,"He sent the figs, but kept the ripe cherries.",491f276007ac405bd20c1c65bec2abad4b794bb39bd8e259fe71936cf0a9dedf,spk_2396,United States English,male_masculine,twenties,9,4.56,7
common_voice_en_146034.mp3,us,Vanessa cannot undo her mistake.,99796091e182e4b4c989075e5e3c5ace14404c28bcf8e79bd3ab07568f729b89,spk_2397,United States English,male_masculine,twenties,5,3.02,7
common_voice_en_557213.mp3,us,My review of the sun: one star.,0126407f34103cd72d511de00e0de327af8f31bf6c4e1a2c65a588e07590bb7b,spk_2401,United States English,female_feminine,twenties,7,4.15,7
common_voice_en_17294314.mp3,us,How do you do?,968256cde5c9544f3677abba3be76d69ece8a9b91bfbc25742634426895e6887,spk_2414,United States English,male_masculine,fourties,4,1.82,7
common_voice_en_17279723.mp3,us,Where is my dress?,566a6c92aa3bfac05703b4bdcfb29195,spk_2430,United States English,male_masculine,twenties,4,2.21,7
common_voice_en_691973.mp3,us,We lit the lantern and walked over to his house.,3630f826251dd27139e033e5db63730d2436e26019b7b235e13a6ae725b5a2fd,spk_2434,United States English,male_masculine,thirties,10,4.1,7
common_voice_en_18188021.mp3,us,Do you know me?,b5b69a172f9ab7c4b432758dbc50a2e3b108686788c00e7fa70b253bb8489640,spk_2439,United States English,male_masculine,fifties,4,3.58,7
common_voice_en_17388673.mp3,us,Was it a good idea?,716bf4174a2f3a6684e55e852525acf546484d753756011d689faa01d3ccb7e5,spk_2454,United States English,male_masculine,thirties,5,2.18,8
common_voice_en_17420274.mp3,us,How is Mozilla going to handle ambiguities like queue and cue?,affbf329ec70d5261578ec7e63e30e350d28158d4807e6f5536720aca946de07,spk_2463,United States English,male_masculine,twenties,11,5.26,7
common_voice_en_17389503.mp3,us,"Lions hunt their prey with sprints, whereas wolves take advantage of their stamina.",9cf9a181091e23f4b49e4a05b790ac5fc95f76ab2f8bb3d3dc0a337fffcf6782,spk_2465,United States English,male_masculine,thirties,13,5.88,7
common_voice_en_17803013.mp3,us,But we never even got close to it?,708726dbfbf157462af962464762b33a4c1defce5c6449f2c1ab6e39b1ac0593,spk_2491,United States English,male_masculine,sixties,8,3.38,7
common_voice_en_17621686.mp3,us,"Buy at a market, but sell at home.",37812c7e1aeaae2211dcc974f021e2ec8fe95ada279f40de52a622c177c078a9,spk_2494,United States English,male_masculine,twenties,8,3.1,7
common_voice_en_17290376.mp3,us,What makes you think I'd answer you?,c423f22b4bf67c06265e1ccfafcadfe5d4fbec5d431afc3fdf175f9c071716a0,spk_2497,United States English,male_masculine,twenties,7,3.36,7
common_voice_en_17789453.mp3,us,No wonder this vanilla yogurt tastes disgusting: Its eat-by date was last year.,09ea8b39705887f536d4a87bb13371ba0e8df222100c5d513e285bf36d893857,spk_2501,United States English,male_masculine,twenties,13,6.19,7
common_voice_en_17624438.mp3,us,"He grew strawberries, so you would not like it.",b713f85f43d4e8415ca15d9257ad77e7a87211c5fe0215d0036ca392b657aa63,spk_2503,United States English,male_masculine,teens,9,3.02,7
common_voice_en_118925.mp3,us,Henderson went into the railway station to telegraph the news to London.,fe37145c7e48cdff57a53f16d8317fc8403709bac4a9efd2d61e0bc09130b726,spk_2512,United States English,male_masculine,twenties,12,4.39,7
common_voice_en_608420.mp3,us,"""An alchemist,"" said the alchemist.",d4403d4e24649b868056b96effc45eccd80725e11b56e0dc909573870d4dc782,spk_2518,United States English,male_masculine,twenties,5,3.26,7
common_voice_en_17485826.mp3,us,"Wandering years, in which a journeyman went from place to place after his Lekrjahre, to acquire further experience.",8b9a1fb3199cfe6e6494af2cd1076bcc58e49c66e515d3d5b2ac1993d0ed83ee,spk_2520,United States English,male_masculine,thirties,18,9.89,7
common_voice_en_100174.mp3,us,This sapling will once become a giant oak tree.,8241c9a8fc797e308925997c729a600b690ea4766eeeb5d36bcfb4b69b2c5b9e,spk_2534,United States English,female_feminine,twenties,9,4.06,7
common_voice_en_26284.mp3,us,"""Well, I'd like to see their land, and see how they live,"" said his son.",fdda5ac34b007ce06edd4518b8f64f66cb0f5631be25d4b489eaece8f6998099,spk_2541,United States English,female_feminine,twenties,15,4.2,7
common_voice_en_9825708.mp3,us,"Although everything should be under the state's control, there is a lot of violence in prisons.",3d88ca44a68b5e6cecb1e0ba017c0f551735568487ca098746f33cb0778ffb86,spk_2542,United States English,female_feminine,fifties,16,6.62,7
common_voice_en_18206417.mp3,us,That man is your brother?,8e37626d657d6411f27df36ea914742f02d6bb484f2ef166795fe6698bd02985,spk_2543,United States English,male_masculine,twenties,5,3.24,7
common_voice_en_17293919.mp3,us,"The flag is red, blue, and yellow.",ae8a68e8219c7346a7fc7f4a70bd6ed6185873642e541824571e2fbef3653d2a,spk_2549,United States English,male_masculine,twenties,7,4.54,7
common_voice_en_17290660.mp3,us,And what are you doing here?,0743bd69d78f57bf41debf168eaafb9fec3e630631f59bcab705fba084897a77,spk_2555,United States English,male_masculine,teens,6,3.38,7
common_voice_en_17630696.mp3,us,Did you hear anything?,384572a8af6d87e132f715e17be938b27ae1aae479270a247a1ce9975b8cceb3,spk_2563,United States English,male_masculine,thirties,4,2.3,7
common_voice_en_17969582.mp3,us,"To summarize, our comprehensive survey discloses the true versatility of their method.",b9ad3406827da63d56b9ec9f420ebc83ed528dd16766f7e93fe0ccbdf959cec1,spk_2568,United States English,male_masculine,twenties,12,6.62,7
common_voice_en_17837765.mp3,us,Victoria was born in nineteen-seventy-four.,6daeb59e34ef97723fd1578dba6fa34c51a9ede31bce486d5d474db588999572,spk_2575,United States English,male_masculine,thirties,5,4.78,7
common_voice_en_18313666.mp3,us,What are you talking about?,ad17c5fc7f7540e020ba7c0af2b5326dce8cf630ec9716f7936298a6c1a4c532,spk_2592,United States English,male_masculine,twenties,5,3.02,7
common_voice_en_212730.mp3,us,I'm never more aware of a room's acoustics than when I'm trying to enjoy a snack I have no intention of sharing.,02882301985c73a4448d8b8d18a4c144d271135f52552e7e97e8b3f50cae5ccf,spk_2609,United States English,female_feminine,eighties,22,9.84,7
common_voice_en_18285098.mp3,us,I am supposed to be here.,5ea93fb2118bbb2d2ae3a52ee5d57bc753db6b5ed696466bb4b99ff24e9a095e,spk_2613,United States English,male_masculine,thirties,6,2.26,7
common_voice_en_18149668.mp3,us,"Well, you shouldn't have any trouble then.",20787f834fa6f11f17ec89aa0ad4635f4ae2c04368f384184646192d21871793,spk_2617,United States English,male_masculine,thirties,7,3.86,7
common_voice_en_673035.mp3,us,"That night, there was another jetting out of gas from the distant planet.",6dcd230e0da7b0856f08dbca69022787fad07da4eeef202c567e01f0f10d5ec3,spk_2620,United States English,female_feminine,twenties,13,6.38,7
common_voice_en_169518.mp3,us,Strange images passed through my mind.,d811548300151bf196644da19591601c86e99f8253481999d7d8ad215f1c905e,spk_2629,United States English,female_feminine,fourties,6,3.38,7
common_voice_en_18294041.mp3,us,"You know, he is an honest man.",1d7576a1c1ea24d09fe27f6fb957eceaaee9e2a0694d0f5d3d084e8b427c5000,spk_2630,United States English,male_masculine,fourties,7,3.1,8
common_voice_en_18061791.mp3,us,"After twelve hours of rowing, Darius climbed out of the canoe, and lied down on the beach to nap.",6177f5429e1b18a4c4de0898f0b179c36445da7f2c7eb2675c711002bfa1f2d8,spk_2651,United States English,male_masculine,twenties,19,6.96,7
common_voice_en_620753.mp3,us,The guy thought he was a lunatic at large and made an unsuccessful attempt to stop him.,bd2bed4ff2236f46d2dfe8f2b347f51807ae9655d4978e56aef7ddda67e55186,spk_2657,United States English,male_masculine,fourties,17,7.8,7
common_voice_en_18026386.mp3,us,I'd add a separate subsection which deals with this aspect.,d2070f26c232eb0d146a7f05b65db63e35ed3e72b54ce87d7e76f6344b7dac5c,spk_2663,United States English,male_masculine,twenties,10,5.66,7
common_voice_en_515762.mp3,us,He brought six sheep with him.,69a0af7ba5494737675c875a4e4e06e9b75368c781d83884a845f4d18468a707,spk_2673,United States English,male_masculine,fifties,6,5.11,7
common_voice_en_17512960.mp3,us,"Ironically, you just gave me the perfect alibi.",b18770d79e526daca7afaff708f925e5500e044fff74dcae1e3d5f43e927cc3a,spk_2675,United States English,male_masculine,twenties,8,4.1,7
common_voice_en_18335006.mp3,us,"Trample the spark, else the flames will spread.",db1f8a1f8744cae82d0a15c0d95a4eb5c215a0c2a955ad7844ce8e6a66b39a56,spk_2676,United States English,male_masculine,twenties,8,4.08,7
common_voice_en_17689682.mp3,us,However did you manage that?,3bbf975e12ecf6af452c2b0fb3573bb7da71514262099293eaec5da319d4c72b,spk_2678,United States English,male_masculine,thirties,5,3.14,8
common_voice_en_102583.mp3,us,"One night, the father had a dream.",5c6b166b5aaa104c4d4c4d5530d51a964065f360cc8bddbbdd46391962fc009d,spk_2682,United States English,male_masculine,fourties,7,3.38,7
common_voice_en_10283764.mp3,us,I wandered lonely as a cloud.,6cc918c8362bae7d6da25ed19ad3ef65025b7a34ccd25b4f017f8527f779908d,spk_2685,United States English,male_masculine,thirties,6,4.22,7
common_voice_en_590753.mp3,us,"""What is it that I still need to know?"" the boy asked.",7a3224f79c5d1c2a6e9bf443dff8655cb66d4c5cf995d73dfc55c0afedcf286b,spk_2690,United States English,female_feminine,sixties,12,4.94,7
common_voice_en_619469.mp3,us,The night was warm and I was thirsty.,46a9951ca69adeac5441ff15330f4bb2208d54e9cdbe64c94655d4971b47ffbe,spk_2713,United States English,male_masculine,thirties,8,4.68,7
common_voice_en_18281491.mp3,us,"I'll be travelling home on Saturday, so probably I won't get anything done then.",51151440003588cb0629631d02f5ad8b19d4a4b6b209e4464fdd9f0d93829657,spk_2722,United States English,female_feminine,twenties,14,6.6,7
common_voice_en_558634.mp3,us,"Bacon, pancakes and maple syrup is a hearty start to any day.",d3ac0cfe90f3e0aeadfba7c6b445d8d9fcb332572d8ac1e203e1466b8b2a00ee,spk_2742,United States English,male_masculine,fourties,12,4.58,7
common_voice_en_148977.mp3,us,Others stumbled upon the stone by accident.,5d0ff9689660d9cda5b25096db47494ed71d8768a877697c28e0a2180ccc94ba,spk_2745,United States English,male_masculine,twenties,7,2.98,7
common_voice_en_17389648.mp3,us,"Sometimes, I experience so much pain that I cannot sleep at night.",38c2eecd86127cb571a96de4f242081493e67ea46ae17ad329398fab03cab96a,spk_2752,United States English,male_masculine,thirties,12,5.28,7
common_voice_en_625432.mp3,us,They could barely see the boy.,efb53da262943b5972cb79202508caee7a355c6c90731fdacd880b98972e0fe8,spk_2762,United States English,male_masculine,fifties,6,2.26,7
common_voice_en_17440989.mp3,us,"Take shelter in this tent, but keep still.",45b714272cec659c14940ce00e5c62c120d386a0acb001d1d97c729c53e810c9,spk_2767,United States English,male_masculine,twenties,8,3.94,7
common_voice_en_18448980.mp3,us,"The cornices of the room were mostly intact, but showed signs of damage from damp.",c7b605da60d3d5db274fc0c54b05b2a9a4cb7c93a45d96ed13303baee70e7183,spk_2768,United States English,male_masculine,fourties,15,5.57,7
common_voice_en_18368261.mp3,us,The president of Russia is Vladimir Putin.,8edd684019447b904c85c9d254b5f883fff0d4b6435492dfce2379ae4f31659d,spk_2769,United States English,male_masculine,twenties,7,3.82,7
common_voice_en_446496.mp3,us,It was of no use.,87912b99c486b041c94dd58ff6a1cdce42e47c42bda306f28f3323b57644010c,spk_2771,United States English,male_masculine,twenties,5,2.98,7
common_voice_en_17856417.mp3,us,"Hey Lucy, have you remembered the lyrics for the anthem yet?",f830eec767dedbf184edea7205ff4706692fc0b5ad4a667d1a21c00759a1e105,spk_2780,United States English,male_masculine,teens,11,3.41,7
common_voice_en_18372582.mp3,us,"They are very impressive, I will admit.",bf3586c603d73b02ffc723c0b60f0efdfb4e154e969635457df1622e07fdb39b,spk_2801,United States English,female_feminine,fourties,7,3.7,7
common_voice_en_58602.mp3,us,"But he kept quiet, because he had heard what the alchemist said to the monk.",a4104599633e09610f0da731581d5a9ddb5138718e9865960be99d341c9d643d,spk_2813,United States English,male_masculine,fourties,15,4.22,7
common_voice_en_595104.mp3,us,"Yet, it was a little too large for assurance.",8a3e835cfd4d51f180dd9c10091977f99e31890a2467f5c0244824437452a0a2,spk_2820,United States English,female_feminine,teens,9,3.86,7
common_voice_en_17271927.mp3,us,What shall we do?,42b8c3a7c518730574ee325373da5e9c,spk_2821,United States English,male_masculine,fourties,4,2.18,7
common_voice_en_512494.mp3,us,He recited an Our Father silently.,403f8c8d587cdf74f7de3d6a33eb8ce2fb93e032ee28756680d38848ef8c006c,spk_2824,United States English,male_masculine,twenties,6,3.0,7
common_voice_en_17662983.mp3,us,"Well, what is it?",d8df58d6c66a2988bc5148acc4bbb187520786b6cea3ae3f79eabd29e6de0e51,spk_2832,United States English,male_masculine,sixties,4,2.78,8
common_voice_en_17578799.mp3,us,Why did you do it?,e7f027bf7aea59f1881962f618870b5b1cd47596fd2c0d81e336c13416f9f12b,spk_2835,United States English,male_masculine,thirties,5,2.28,7
common_voice_en_17411294.mp3,us,"Your gran's been nicking stuff from the corner shop again, mate.",d828b950cd258b65952d5b58295dc6e57a55a4d77bf35d546b0c2accf8a5102c,spk_2839,United States English,male_masculine,twenties,11,4.3,8
common_voice_en_17673776.mp3,us,"The more you stir, the more it stinks.",c08368aa12597c278aed970433a9cb10f5bd391da83011e42b2de911ea2b3289,spk_2842,United States English,male_masculine,twenties,8,2.26,7
common_voice_en_85929.mp3,us,"They looked for the fallen mass, but found nothing.",4f6c30a437a6dd0f5b1d4a397a8684215d3aeffa90700df24443676c1a7dec39,spk_2846,United States English,male_masculine,fifties,9,9.17,7
common_voice_en_53215.mp3,us,Tangier is not like the rest of Africa.,e407cef06b6dbbb50d0f63ea5f02cf7bcc6962555ac915566a3d41e4221e3e8d,spk_2848,United States English,male_masculine,twenties,8,3.38,7
common_voice_en_172954.mp3,us,Because you have already lost your savings twice.,4e3d15e7b7696c2a61eebff40edafb5001d9614292940f18d20027aa580488c4,spk_2853,United States English,female_feminine,thirties,8,3.05,7
common_voice_en_17653875.mp3,us,"No, I don't want to be a pilot.",c5ab1f7d93c8a87409785d62bd166a893bb1601322c12f8e993c7722c98b4ead,spk_2854,United States English,female_feminine,twenties,8,3.1,8
common_voice_en_140841.mp3,us,"Then, you taught me something of the universal language and the Soul of the World.",ae87ad3bcfe4ed0dc90b4033e55c2ef30e811d0251224504daf85083eb82875b,spk_2866,United States English,male_masculine,thirties,15,4.68,7
common_voice_en_18357578.mp3,us,Where did you find that apple?,2fe838d45bc1a36de10f38e9a8bf1f2e1ce1f62f896d598efb33d6ebdb144a67,spk_2867,United States English,male_masculine,twenties,6,3.07,7
common_voice_en_18227834.mp3,us,He told his story.,b867eff7dfb94483b5fdd16f4b452cab2a89fe40406c82701ecfa373270893d3,spk_2888,United States English,male_masculine,twenties,4,3.24,7
common_voice_en_17357757.mp3,us,"Where is it, then?",bc517c7da87780e23fa4234ee05764298988252367e536eb2097cf8d7939aa67,spk_2893,United States English,male_masculine,twenties,4,1.92,7
common_voice_en_17356607.mp3,us,"That is one possibility, but we would both prefer it did not happen.",7e12b6c10a5b7fe745797187c30b3d3e5b1cd8d6271111bf6033730360b9582f,spk_2894,United States English,male_masculine,twenties,13,5.71,7
common_voice_en_17392734.mp3,us,"Television can make you dumb, but it can also be good education.",9f5ac32235f56863120a53547f8346505e4844d84929ae6ed88fc218759e105c,spk_2905,United States English,male_masculine,twenties,12,5.02,7
common_voice_en_143630.mp3,us,Replace the Ts in Tim Tebow's name with any other consonant to get a Star Wars character,6e5f618528ac4fde945003a0063d98866cf41c291841cb5e2c4e66a368eac9f2,spk_2909,United States English,male_masculine,fifties,17,7.54,7
common_voice_en_17488521.mp3,us,Is it actually unusual for a planet that its axis is tilted?,b0a1782276cfc5709d15b5a0f1a838103846c52435dfd53f79ddf297122d3655,spk_2918,United States English,male_masculine,twenties,12,4.58,8
common_voice_en_17913708.mp3,us,Don't advertise: Tell it to a gossip.,a190e2112eae267e827d0c228df078de55de28fddabe024bb3dd8ced4725f402,spk_2928,United States English,male_masculine,fifties,7,4.18,7
common_voice_en_18369791.mp3,us,Does this mean he will go to jail?,7ec25cfa7ebb1803f762090c27a089fee6166c1d561e4f47b50a4921f12c9a87,spk_2934,United States English,male_masculine,thirties,8,4.44,7
common_voice_en_42465.mp3,us,"""You gave them everything I had!"" the boy said.",6c935d6661c9e2c759572514ff5dc5fa37a186d62921e07ae896ee6f7b793c13,spk_2936,United States English,female_feminine,sixties,9,4.54,7
